age,year,birth_year,fluid_intelligence,crystallized_intelligence,processing_speed,working_memory,computer_adoption,automation_level,ai_adoption,cohort,tech_comfort,education_baseline,fluid_tech_adjustment,crystallized_tech_adjustment,speed_tech_adjustment,memory_tech_adjustment,fluid_cohort_adjustment,crystallized_cohort_adjustment,fluid_enhanced,crystallized_enhanced,speed_enhanced,memory_enhanced,cognitive_composite_modern,workforce_participation,tertiary_education,human_capital_weight,human_capital_share
18,1970,1952,100,85,100,100,0.05,0.1,0.01,Baby Boomers,0.5,0.25,1,1.0159999999999998,0.98,0.9999999999999999,1.1,1.025,110.00000000000001,88.51899999999998,98,99.99999999999999,99.18164999999999,0.6,0.25,0.66,0.04598341810074549
18,1971,1953,100,85,100,100,0.05,0.10500000000000001,0.01,Baby Boomers,0.5,0.25,0.9995,1.0159999999999998,0.9795,0.9997499999999999,1.1,1.025,109.94500000000001,88.51899999999998,97.95,99.975,99.15114999999999,0.6,0.2518518518518518,0.6604444444444445,0.04598246518824136
18,1972,1954,100,85,100,100,0.05,0.11,0.01,Baby Boomers,0.5,0.25,0.999,1.0159999999999998,0.979,0.9994999999999999,1.1,1.025,109.89000000000001,88.51899999999998,97.89999999999999,99.94999999999999,99.12064999999998,0.6,0.2537037037037037,0.6608888888888889,0.043169435923241434
18,1973,1955,100,85,100,100,0.05,0.115,0.01,Baby Boomers,0.5,0.25,0.9985,1.0159999999999998,0.9785,0.9992499999999999,1.1,1.025,109.83500000000002,88.51899999999998,97.85000000000001,99.92499999999998,99.09015,0.6,0.25555555555555554,0.6613333333333333,0.04316859832605637
18,1974,1956,100,85,100,100,0.05,0.12000000000000001,0.01,Baby Boomers,0.5,0.25,0.998,1.0159999999999998,0.978,0.9989999999999999,1.1,1.025,109.78,88.51899999999998,97.8,99.89999999999999,99.05964999999999,0.6,0.2574074074074074,0.6617777777777777,0.04068000355164571
18,1975,1957,100,85,100,100,0.05,0.125,0.01,Baby Boomers,0.5,0.25,0.9975,1.0159999999999998,0.9775,0.9987499999999999,1.1,1.025,109.72500000000001,88.51899999999998,97.75,99.87499999999999,99.02914999999999,0.6,0.25925925925925924,0.6622222222222222,0.040679261766954244
18,1976,1958,100,85,100,100,0.05,0.13,0.01,Baby Boomers,0.5,0.25,0.997,1.0159999999999998,0.977,0.9984999999999999,1.1,1.025,109.67000000000002,88.51899999999998,97.7,99.85,98.99865,0.6,0.2611111111111111,0.6626666666666666,0.03906541688773605
18,1977,1959,100,85,100,100,0.05,0.135,0.01,Baby Boomers,0.5,0.25,0.9965,1.0159999999999998,0.9765,0.9982499999999999,1.1,1.025,109.61500000000001,88.51899999999998,97.65,99.82499999999999,98.96814999999998,0.6,0.26296296296296295,0.6631111111111111,0.03906475008509412
18,1978,1960,100,85,100,100,0.05,0.14,0.01,Baby Boomers,0.5,0.25,0.996,1.0159999999999998,0.976,0.9979999999999999,1.1,1.025,109.56,88.51899999999998,97.6,99.79999999999998,98.93764999999999,0.6,0.26481481481481484,0.6635555555555556,0.037574163672855626
18,1979,1961,100,85,100,100,0.05,0.14500000000000002,0.01,Baby Boomers,0.5,0.25,0.9955,1.0159999999999998,0.9755,0.9977499999999999,1.1,1.025,109.50500000000002,88.51899999999998,97.55,99.77499999999999,98.90714999999999,0.6,0.26666666666666666,0.664,0.03757356269805342
18,1980,1962,100,85,100,100,0.05,0.15000000000000002,0.01,Baby Boomers,0.5,0.25,0.995,1.0159999999999998,0.975,0.9974999999999999,1.1,1.025,109.45,88.51899999999998,97.5,99.75,98.87664999999998,0.6,0.2685185185185185,0.6644444444444444,0.036192631954825784
18,1981,1963,100,85,100,100,0.065,0.15500000000000003,0.01,Baby Boomers,0.5,0.25,0.9974999999999999,1.0205,0.9715,0.9987499999999999,1.1,1.025,109.72500000000001,88.91106249999999,97.15,99.87499999999999,99.076371875,0.6,0.27037037037037037,0.6648888888888889,0.0361920890286682
18,1982,1964,100,85,100,100,0.08,0.16000000000000003,0.01,Baby Boomers,0.5,0.25,1,1.025,0.968,1,1.1,1.025,110.00000000000001,89.30312499999998,96.8,100,99.27609374999999,0.6,0.27222222222222225,0.6653333333333332,0.034909141787781796
18,1983,1965,100,85,100,100,0.095,0.165,0.01,Generation X,0.8,0.35,1.0025,1.0294999999999999,0.9645,1.00125,1.1600000000000001,1.035,116.29000000000002,90.57026249999998,96.45,100.125,101.88734187499999,0.6,0.37407407407407406,0.6897777777777777,0.036121584508681276
18,1984,1966,100,85,100,100,0.11,0.17,0.01,Generation X,0.8,0.35,1.0050000000000001,1.0339999999999998,0.961,1.0025,1.1600000000000001,1.035,116.58000000000003,90.96614999999998,96.1,100.25,102.09365249999999,0.6,0.3759259259259259,0.6902222222222223,0.034885745253191214
18,1985,1967,100,85,100,100,0.125,0.175,0.01,Generation X,0.8,0.35,1.0074999999999998,1.0385,0.9575,1.00375,1.1600000000000001,1.035,116.87,91.36203749999999,95.75,100.37499999999999,102.29996312499998,0.6,0.37777777777777777,0.6906666666666667,0.03484226811058048
18,1986,1968,100,85,100,100,0.14,0.18,0.01,Generation X,0.8,0.35,1.01,1.043,0.954,1.0050000000000001,1.1600000000000001,1.035,117.16000000000001,91.75792499999999,95.39999999999999,100.50000000000001,102.50627375,0.6,0.3796296296296296,0.6911111111111111,0.034594827090753025
18,1987,1969,100,85,100,100,0.15500000000000003,0.185,0.01,Generation X,0.8,0.35,1.0125,1.0474999999999999,0.9505,1.00625,1.1600000000000001,1.035,117.45000000000002,92.15381249999999,95.05,100.62500000000001,102.71258437499999,0.6,0.3814814814814815,0.6915555555555556,0.03455218356772761
18,1988,1970,100,85,100,100,0.16999999999999998,0.19,0.01,Generation X,0.8,0.35,1.0150000000000001,1.0519999999999998,0.947,1.0074999999999998,1.1600000000000001,1.035,117.74000000000004,92.54969999999997,94.69999999999999,100.74999999999999,102.91889499999999,0.6,0.3833333333333333,0.692,0.034308945776661326
18,1989,1971,100,85,100,100,0.185,0.195,0.01,Generation X,0.8,0.35,1.0174999999999998,1.0565,0.9435,1.00875,1.1600000000000001,1.035,118.03,92.94558749999999,94.35,100.875,103.12520562499999,0.6,0.3851851851851852,0.6924444444444444,0.0342671133952595
18,1990,1972,100,85,100,100,0.2,0.2,0.01,Generation X,0.8,0.35,1.02,1.061,0.94,1.01,1.1600000000000001,1.035,118.32000000000002,93.34147499999999,94,101,103.33151624999999,0.6,0.387037037037037,0.6928888888888888,0.034027971035845046
18,1991,1973,100,85,100,100,0.25,0.21500000000000002,0.01,Generation X,0.8,0.35,1.0285,1.0759999999999998,0.9285,1.0142499999999999,1.1600000000000001,1.035,119.30600000000001,94.66109999999999,92.85,101.42499999999998,104.02973499999999,0.6,0.38888888888888884,0.6933333333333332,0.03397027600849256
18,1992,1974,100,85,100,100,0.30000000000000004,0.23,0.01,Generation X,0.8,0.35,1.0370000000000001,1.091,0.9169999999999999,1.0185,1.1600000000000001,1.035,120.29200000000003,95.98072499999999,91.69999999999999,101.85,104.72795375000001,0.6,0.3907407407407407,0.6937777777777778,0.03391284984167848
18,1993,1975,100,85,100,100,0.35,0.245,0.01,Generation X,0.8,0.35,1.0455,1.1059999999999999,0.9055000000000001,1.0227499999999998,1.1600000000000001,1.035,121.27800000000003,97.30034999999998,90.55000000000001,102.27499999999998,105.42617249999998,0.6,0.3925925925925926,0.6942222222222222,0.03385569066042439
18,1994,1976,100,85,100,100,0.4,0.26,0.01,Generation X,0.8,0.35,1.054,1.121,0.8939999999999999,1.0270000000000001,1.1600000000000001,1.035,122.26400000000002,98.61997499999998,89.39999999999999,102.70000000000002,106.12439125,0.6,0.39444444444444443,0.6946666666666667,0.033798796607145756
18,1995,1977,100,85,100,100,0.45,0.275,0.01,Generation X,0.8,0.35,1.0625,1.136,0.8825000000000001,1.03125,1.1600000000000001,1.035,123.25000000000001,99.93959999999998,88.25,103.125,106.82260999999998,0.6,0.39629629629629626,0.6951111111111111,0.03374216584145066
18,1996,1978,100,85,100,100,0.5,0.29000000000000004,0.01,Generation X,0.8,0.35,1.0710000000000002,1.1509999999999998,0.871,1.0355,1.1600000000000001,1.035,124.23600000000005,101.25922499999997,87.1,103.55000000000001,107.52082874999999,0.6,0.39814814814814814,0.6955555555555555,0.033685796539941346
18,1997,1979,100,85,100,100,0.55,0.30500000000000005,0.01,Generation X,0.8,0.35,1.0795000000000001,1.166,0.8595,1.03975,1.1600000000000001,1.035,125.22200000000004,102.57884999999999,85.95,103.975,108.2190475,0.6,0.39999999999999997,0.696,0.03362968689601855
18,1998,1980,100,85,100,100,0.6000000000000001,0.32,0.01,Generation X,0.8,0.35,1.088,1.1809999999999998,0.848,1.044,1.1600000000000001,1.035,126.20800000000003,103.89847499999998,84.8,104.4,108.91726625,0.6,0.40185185185185185,0.6964444444444445,0.03357383511968847
18,1999,1981,100,85,100,100,0.65,0.33499999999999996,0.01,Millennials,0.95,0.45,1.0964999999999998,1.196,0.8365,1.04825,1.19,1.045,130.48349999999996,106.23469999999999,83.65,104.82499999999999,111.12261999999997,0.6,0.5037037037037038,0.7208888888888889,0.034632589223756
18,2000,1982,100,85,100,100,0.7,0.35,0.01,Millennials,0.95,0.45,1.105,1.2109999999999999,0.825,1.0525,1.19,1.045,131.495,107.56707499999997,82.5,105.25,111.83422624999997,0.6,0.5055555555555555,0.7213333333333334,0.03457476553387976
18,2001,1983,100,85,100,100,0.72,0.365,0.014,Millennials,0.95,0.45,1.1075,1.2174,0.8195,1.05375,1.19,1.045,131.7925,108.135555,81.95,105.375,112.07356924999999,0.6,0.5074074074074074,0.7217777777777777,0.03447763412096894
18,2002,1984,100,85,100,100,0.74,0.38,0.018000000000000002,Millennials,0.95,0.45,1.1099999999999999,1.2238,0.814,1.0550000000000002,1.19,1.045,132.08999999999997,108.70403499999999,81.39999999999999,105.50000000000001,112.31291224999998,0.6,0.5092592592592593,0.7222222222222222,0.0344369036455436
18,2003,1985,100,85,100,100,0.76,0.39499999999999996,0.022,Millennials,0.95,0.45,1.1125,1.2302,0.8085,1.0562500000000001,1.19,1.045,132.3875,109.27251499999998,80.85,105.62500000000001,112.55225524999997,0.6,0.5111111111111111,0.7226666666666667,0.03434074637267946
18,2004,1986,100,85,100,100,0.7799999999999999,0.41,0.026000000000000002,Millennials,0.95,0.45,1.115,1.2366,0.8029999999999999,1.0575,1.19,1.045,132.685,109.84099499999998,80.3,105.75000000000001,112.79159824999999,0.6,0.512962962962963,0.723111111111111,0.03430047171054365
18,2005,1987,100,85,100,100,0.7999999999999999,0.425,0.03,Millennials,0.95,0.45,1.1175,1.2429999999999999,0.7975,1.05875,1.19,1.045,132.9825,110.40947499999997,79.75,105.87500000000001,113.03094124999998,0.6,0.5148148148148148,0.7235555555555555,0.03420527366319991
18,2006,1988,100,85,100,100,0.82,0.43999999999999995,0.034,Millennials,0.95,0.45,1.1199999999999999,1.2494,0.7919999999999999,1.06,1.19,1.045,133.27999999999997,110.97795500000001,79.19999999999999,106,113.27028424999997,0.6,0.5166666666666667,0.7240000000000001,0.03416544759567741
18,2007,1989,100,85,100,100,0.84,0.45499999999999996,0.038000000000000006,Millennials,0.95,0.45,1.1224999999999998,1.2558,0.7865,1.06125,1.19,1.045,133.5775,111.546435,78.64999999999999,106.125,113.50962725,0.6,0.5185185185185185,0.7244444444444444,0.03405517774504581
18,2008,1990,100,85,100,100,0.86,0.47,0.042,Millennials,0.95,0.45,1.125,1.2622,0.7809999999999999,1.0625,1.19,1.045,133.875,112.114915,78.1,106.25,113.74897024999999,0.6,0.5203703703703704,0.7248888888888889,0.03401583999416037
18,2009,1991,100,85,100,100,0.8799999999999999,0.485,0.046,Millennials,0.95,0.45,1.1275,1.2686,0.7755000000000001,1.06375,1.19,1.045,134.17249999999999,112.68339499999998,77.55000000000001,106.375,113.98831324999998,0.6,0.5222222222222223,0.7253333333333333,0.033906756419845425
18,2010,1992,100,85,100,100,0.8999999999999999,0.5,0.05,Millennials,0.95,0.45,1.13,1.275,0.77,1.0650000000000002,1.19,1.045,134.46999999999997,113.25187499999998,77,106.50000000000001,114.22765625,0.6,0.5240740740740741,0.7257777777777777,0.03386789860370099
18,2011,1993,100,85,100,100,0.908,0.52,0.065,Millennials,0.95,0.45,1.1296,1.2789,0.7664,1.0648,1.19,1.045,134.42239999999998,113.59829249999999,76.64,106.47999999999999,114.27524237499998,0.6,0.5259259259259259,0.7262222222222222,0.03375998181836964
18,2012,1994,100,85,100,100,0.916,0.54,0.08,Millennials,0.95,0.45,1.1292,1.2828,0.7627999999999999,1.0646000000000002,1.19,1.045,134.3748,113.94470999999999,76.27999999999999,106.46000000000002,114.32282849999999,0.6,0.5277777777777778,0.7266666666666667,0.033752922414727424
18,2013,1995,100,85,100,100,0.924,0.56,0.095,Millennials,0.95,0.45,1.1288,1.2867000000000002,0.7591999999999999,1.0644,1.19,1.045,134.32719999999998,114.29112750000002,75.91999999999999,106.44,114.37041462499998,0.6,0.5296296296296297,0.7271111111111112,0.033645936163211584
18,2014,1996,100,85,100,100,0.932,0.58,0.11,Millennials,0.95,0.45,1.1283999999999998,1.2906,0.7556,1.0642,1.19,1.045,134.2796,114.63754499999999,75.56,106.42,114.41800074999998,0.6,0.5314814814814814,0.7275555555555556,0.03363900233746886
18,2015,1997,100,85,100,100,0.9400000000000001,0.6,0.125,Generation Z,1,0.55,1.128,1.2945,0.752,1.064,1.2,1.055,135.35999999999999,116.08428749999999,75.2,106.4,115.24550062499998,0.6,0.6333333333333334,0.752,0.03460016563909083
18,2016,1998,100,85,100,100,0.9480000000000001,0.62,0.14,Generation Z,1,0.55,1.1276,1.2984,0.7484,1.0638,1.2,1.055,135.31199999999998,116.43402,74.83999999999999,106.38000000000001,115.294107,0.6,0.6351851851851853,0.7524444444444445,0.034592496105023886
18,2017,1999,100,85,100,100,0.9560000000000001,0.64,0.15500000000000003,Generation Z,1,0.55,1.1272,1.3023,0.7447999999999999,1.0636,1.2,1.055,135.26399999999998,116.78375249999999,74.47999999999999,106.36000000000001,115.34271337499999,0.6,0.6370370370370371,0.7528888888888888,0.03444559669777751
18,2018,2000,100,85,100,100,0.964,0.66,0.16999999999999998,Generation Z,1,0.55,1.1268,1.3061999999999998,0.7412000000000001,1.0634000000000001,1.2,1.055,135.216,117.13348499999998,74.12,106.34000000000002,115.39131975,0.6,0.638888888888889,0.7533333333333333,0.03444439364150397
20,1970,1950,102,88,103,102,0.05,0.1,0.01,Baby Boomers,0.5,0.25,1,1.0159999999999998,0.98,0.9999999999999999,1.1,1.025,112.2,91.64319999999998,100.94,101.99999999999999,101.78611999999997,0.6,0.25,0.66,0.04598341810074549
20,1971,1951,102,88,103,102,0.05,0.10500000000000001,0.01,Baby Boomers,0.5,0.25,0.9995,1.0159999999999998,0.9795,0.9997499999999999,1.1,1.025,112.14390000000002,91.64319999999998,100.88850000000001,101.97449999999999,101.75493499999999,0.6,0.2518518518518518,0.6604444444444445,0.04598246518824136
20,1972,1952,102,88,103,102,0.05,0.11,0.01,Baby Boomers,0.5,0.25,0.999,1.0159999999999998,0.979,0.9994999999999999,1.1,1.025,112.0878,91.64319999999998,100.837,101.949,101.72375,0.6,0.2537037037037037,0.6608888888888889,0.043169435923241434
20,1973,1953,102,88,103,102,0.05,0.115,0.01,Baby Boomers,0.5,0.25,0.9985,1.0159999999999998,0.9785,0.9992499999999999,1.1,1.025,112.03170000000001,91.64319999999998,100.7855,101.92349999999999,101.69256499999999,0.6,0.25555555555555554,0.6613333333333333,0.04316859832605637
20,1974,1954,102,88,103,102,0.05,0.12000000000000001,0.01,Baby Boomers,0.5,0.25,0.998,1.0159999999999998,0.978,0.9989999999999999,1.1,1.025,111.97560000000001,91.64319999999998,100.734,101.89799999999998,101.66138,0.6,0.2574074074074074,0.6617777777777777,0.04068000355164571
20,1975,1955,102,88,103,102,0.05,0.125,0.01,Baby Boomers,0.5,0.25,0.9975,1.0159999999999998,0.9775,0.9987499999999999,1.1,1.025,111.91950000000001,91.64319999999998,100.6825,101.87249999999999,101.63019499999999,0.6,0.25925925925925924,0.6622222222222222,0.040679261766954244
20,1976,1956,102,88,103,102,0.05,0.13,0.01,Baby Boomers,0.5,0.25,0.997,1.0159999999999998,0.977,0.9984999999999999,1.1,1.025,111.86340000000001,91.64319999999998,100.631,101.847,101.59900999999999,0.6,0.2611111111111111,0.6626666666666666,0.03906541688773605
20,1977,1957,102,88,103,102,0.05,0.135,0.01,Baby Boomers,0.5,0.25,0.9965,1.0159999999999998,0.9765,0.9982499999999999,1.1,1.025,111.80730000000001,91.64319999999998,100.57950000000001,101.82149999999999,101.567825,0.6,0.26296296296296295,0.6631111111111111,0.03906475008509412
20,1978,1958,102,88,103,102,0.05,0.14,0.01,Baby Boomers,0.5,0.25,0.996,1.0159999999999998,0.976,0.9979999999999999,1.1,1.025,111.75120000000001,91.64319999999998,100.52799999999999,101.79599999999999,101.53664,0.6,0.26481481481481484,0.6635555555555556,0.037574163672855626
20,1979,1959,102,88,103,102,0.05,0.14500000000000002,0.01,Baby Boomers,0.5,0.25,0.9955,1.0159999999999998,0.9755,0.9977499999999999,1.1,1.025,111.69510000000002,91.64319999999998,100.4765,101.7705,101.505455,0.6,0.26666666666666666,0.664,0.03757356269805342
20,1980,1960,102,88,103,102,0.05,0.15000000000000002,0.01,Baby Boomers,0.5,0.25,0.995,1.0159999999999998,0.975,0.9974999999999999,1.1,1.025,111.63900000000001,91.64319999999998,100.425,101.74499999999999,101.47426999999998,0.6,0.2685185185185185,0.6644444444444444,0.036192631954825784
20,1981,1961,102,88,103,102,0.065,0.15500000000000003,0.01,Baby Boomers,0.5,0.25,0.9974999999999999,1.0205,0.9715,0.9987499999999999,1.1,1.025,111.9195,92.0491,100.06450000000001,101.87249999999999,101.67955999999998,0.6,0.27037037037037037,0.6648888888888889,0.0361920890286682
20,1982,1962,102,88,103,102,0.08,0.16000000000000003,0.01,Baby Boomers,0.5,0.25,1,1.025,0.968,1,1.1,1.025,112.2,92.45499999999998,99.704,102,101.88484999999999,0.6,0.27222222222222225,0.6653333333333332,0.034909141787781796
20,1983,1963,102,88,103,102,0.095,0.165,0.01,Baby Boomers,0.5,0.25,1.0025,1.0294999999999999,0.9645,1.00125,1.1,1.025,112.4805,92.86089999999999,99.3435,102.1275,102.09013999999998,0.6,0.2740740740740741,0.6657777777777778,0.03486477680026067
20,1984,1964,102,88,103,102,0.11,0.17,0.01,Baby Boomers,0.5,0.25,1.0050000000000001,1.0339999999999998,0.961,1.0025,1.1,1.025,112.76100000000001,93.26679999999998,98.98299999999999,102.255,102.29542999999998,0.6,0.2759259259259259,0.6662222222222223,0.03367271869577182
20,1985,1965,102,88,103,102,0.125,0.175,0.01,Generation X,0.8,0.35,1.0074999999999998,1.0385,0.9575,1.00375,1.1600000000000001,1.035,119.20739999999999,94.58658,98.6225,102.3825,104.97864299999998,0.6,0.37777777777777777,0.6906666666666667,0.03484226811058048
20,1986,1966,102,88,103,102,0.14,0.18,0.01,Generation X,0.8,0.35,1.01,1.043,0.954,1.0050000000000001,1.1600000000000001,1.035,119.5032,94.99643999999998,98.262,102.51,105.190674,0.6,0.3796296296296296,0.6911111111111111,0.034594827090753025
20,1987,1967,102,88,103,102,0.15500000000000003,0.185,0.01,Generation X,0.8,0.35,1.0125,1.0474999999999999,0.9505,1.00625,1.1600000000000001,1.035,119.799,95.40629999999999,97.9015,102.6375,105.402705,0.6,0.3814814814814815,0.6915555555555556,0.03455218356772761
20,1988,1968,102,88,103,102,0.16999999999999998,0.19,0.01,Generation X,0.8,0.35,1.0150000000000001,1.0519999999999998,0.947,1.0074999999999998,1.1600000000000001,1.035,120.09480000000003,95.81615999999997,97.541,102.76499999999999,105.614736,0.6,0.3833333333333333,0.692,0.034308945776661326
20,1989,1969,102,88,103,102,0.185,0.195,0.01,Generation X,0.8,0.35,1.0174999999999998,1.0565,0.9435,1.00875,1.1600000000000001,1.035,120.39059999999999,96.22601999999999,97.1805,102.8925,105.82676699999998,0.6,0.3851851851851852,0.6924444444444444,0.0342671133952595
20,1990,1970,102,88,103,102,0.2,0.2,0.01,Generation X,0.8,0.35,1.02,1.061,0.94,1.01,1.1600000000000001,1.035,120.68640000000002,96.63587999999999,96.82,103.02,106.038798,0.6,0.387037037037037,0.6928888888888888,0.034027971035845046
20,1991,1971,102,88,103,102,0.25,0.21500000000000002,0.01,Generation X,0.8,0.35,1.0285,1.0759999999999998,0.9285,1.0142499999999999,1.1600000000000001,1.035,121.69212000000002,98.00207999999998,95.6355,103.45349999999999,106.75631999999999,0.6,0.38888888888888884,0.6933333333333332,0.03397027600849256
20,1992,1972,102,88,103,102,0.30000000000000004,0.23,0.01,Generation X,0.8,0.35,1.0370000000000001,1.091,0.9169999999999999,1.0185,1.1600000000000001,1.035,122.69784000000003,99.36827999999998,94.451,103.887,107.47384199999999,0.6,0.3907407407407407,0.6937777777777778,0.03391284984167848
20,1993,1973,102,88,103,102,0.35,0.245,0.01,Generation X,0.8,0.35,1.0455,1.1059999999999999,0.9055000000000001,1.0227499999999998,1.1600000000000001,1.035,123.70356000000002,100.73447999999998,93.26650000000001,104.32049999999998,108.191364,0.6,0.3925925925925926,0.6942222222222222,0.03385569066042439
20,1994,1974,102,88,103,102,0.4,0.26,0.01,Generation X,0.8,0.35,1.054,1.121,0.8939999999999999,1.0270000000000001,1.1600000000000001,1.035,124.70928000000002,102.10067999999998,92.082,104.75400000000002,108.90888599999998,0.6,0.39444444444444443,0.6946666666666667,0.033798796607145756
20,1995,1975,102,88,103,102,0.45,0.275,0.01,Generation X,0.8,0.35,1.0625,1.136,0.8825000000000001,1.03125,1.1600000000000001,1.035,125.71500000000002,103.46687999999997,90.89750000000001,105.1875,109.62640799999998,0.6,0.39629629629629626,0.6951111111111111,0.03374216584145066
20,1996,1976,102,88,103,102,0.5,0.29000000000000004,0.01,Generation X,0.8,0.35,1.0710000000000002,1.1509999999999998,0.871,1.0355,1.1600000000000001,1.035,126.72072000000004,104.83307999999997,89.713,105.62100000000001,110.34393,0.6,0.39814814814814814,0.6955555555555555,0.033685796539941346
20,1997,1977,102,88,103,102,0.55,0.30500000000000005,0.01,Generation X,0.8,0.35,1.0795000000000001,1.166,0.8595,1.03975,1.1600000000000001,1.035,127.72644000000003,106.19927999999999,88.52850000000001,106.05449999999999,111.06145199999999,0.6,0.39999999999999997,0.696,0.03362968689601855
20,1998,1978,102,88,103,102,0.6000000000000001,0.32,0.01,Generation X,0.8,0.35,1.088,1.1809999999999998,0.848,1.044,1.1600000000000001,1.035,128.73216000000002,107.56547999999998,87.344,106.488,111.778974,0.6,0.40185185185185185,0.6964444444444445,0.03357383511968847
20,1999,1979,102,88,103,102,0.65,0.33499999999999996,0.01,Generation X,0.8,0.35,1.0964999999999998,1.196,0.8365,1.04825,1.1600000000000001,1.035,129.73788,108.93167999999999,86.15950000000001,106.9215,112.496496,0.6,0.4037037037037037,0.6968888888888889,0.03347959303504895
20,2000,1980,102,88,103,102,0.7,0.35,0.01,Generation X,0.8,0.35,1.105,1.2109999999999999,0.825,1.0525,1.1600000000000001,1.035,130.74360000000001,110.29787999999998,84.975,107.355,113.214018,0.6,0.40555555555555556,0.6973333333333334,0.033424403649203537
20,2001,1981,102,88,103,102,0.72,0.365,0.014,Millennials,0.95,0.45,1.1075,1.2174,0.8195,1.05375,1.19,1.045,134.42835,111.952104,84.4085,107.4825,115.0168089,0.6,0.5074074074074074,0.7217777777777777,0.03447763412096894
20,2002,1982,102,88,103,102,0.74,0.38,0.018000000000000002,Millennials,0.95,0.45,1.1099999999999999,1.2238,0.814,1.0550000000000002,1.19,1.045,134.73179999999996,112.54064799999999,83.842,107.61000000000001,115.26315679999999,0.6,0.5092592592592593,0.7222222222222222,0.0344369036455436
20,2003,1983,102,88,103,102,0.76,0.39499999999999996,0.022,Millennials,0.95,0.45,1.1125,1.2302,0.8085,1.0562500000000001,1.19,1.045,135.03525,113.12919199999999,83.2755,107.73750000000001,115.50950469999998,0.6,0.5111111111111111,0.7226666666666667,0.03434074637267946
20,2004,1984,102,88,103,102,0.7799999999999999,0.41,0.026000000000000002,Millennials,0.95,0.45,1.115,1.2366,0.8029999999999999,1.0575,1.19,1.045,135.3387,113.71773599999999,82.70899999999999,107.86500000000001,115.75585259999998,0.6,0.512962962962963,0.723111111111111,0.03430047171054365
20,2005,1985,102,88,103,102,0.7999999999999999,0.425,0.03,Millennials,0.95,0.45,1.1175,1.2429999999999999,0.7975,1.05875,1.19,1.045,135.64215,114.30627999999997,82.1425,107.9925,116.00220049999999,0.6,0.5148148148148148,0.7235555555555555,0.03420527366319991
20,2006,1986,102,88,103,102,0.82,0.43999999999999995,0.034,Millennials,0.95,0.45,1.1199999999999999,1.2494,0.7919999999999999,1.06,1.19,1.045,135.94559999999998,114.894824,81.576,108.12,116.24854839999999,0.6,0.5166666666666667,0.7240000000000001,0.03416544759567741
20,2007,1987,102,88,103,102,0.84,0.45499999999999996,0.038000000000000006,Millennials,0.95,0.45,1.1224999999999998,1.2558,0.7865,1.06125,1.19,1.045,136.24904999999995,115.483368,81.0095,108.2475,116.4948963,0.6,0.5185185185185185,0.7244444444444444,0.03405517774504581
20,2008,1988,102,88,103,102,0.86,0.47,0.042,Millennials,0.95,0.45,1.125,1.2622,0.7809999999999999,1.0625,1.19,1.045,136.55249999999998,116.071912,80.443,108.375,116.74124419999998,0.6,0.5203703703703704,0.7248888888888889,0.03401583999416037
20,2009,1989,102,88,103,102,0.8799999999999999,0.485,0.046,Millennials,0.95,0.45,1.1275,1.2686,0.7755000000000001,1.06375,1.19,1.045,136.85594999999998,116.66045599999998,79.87650000000001,108.5025,116.98759209999999,0.6,0.5222222222222223,0.7253333333333333,0.033906756419845425
20,2010,1990,102,88,103,102,0.8999999999999999,0.5,0.05,Millennials,0.95,0.45,1.13,1.275,0.77,1.0650000000000002,1.19,1.045,137.15939999999998,117.24899999999998,79.31,108.63000000000002,117.23393999999999,0.6,0.5240740740740741,0.7257777777777777,0.03386789860370099
20,2011,1991,102,88,103,102,0.908,0.52,0.065,Millennials,0.95,0.45,1.1296,1.2789,0.7664,1.0648,1.19,1.045,137.110848,117.607644,78.9392,108.6096,117.2837922,0.6,0.5259259259259259,0.7262222222222222,0.03375998181836964
20,2012,1992,102,88,103,102,0.916,0.54,0.08,Millennials,0.95,0.45,1.1292,1.2828,0.7627999999999999,1.0646000000000002,1.19,1.045,137.062296,117.96628799999999,78.5684,108.58920000000002,117.33364439999998,0.6,0.5277777777777778,0.7266666666666667,0.033752922414727424
20,2013,1993,102,88,103,102,0.924,0.56,0.095,Millennials,0.95,0.45,1.1288,1.2867000000000002,0.7591999999999999,1.0644,1.19,1.045,137.013744,118.32493200000002,78.1976,108.5688,117.3834966,0.6,0.5296296296296297,0.7271111111111112,0.033645936163211584
20,2014,1994,102,88,103,102,0.932,0.58,0.11,Millennials,0.95,0.45,1.1283999999999998,1.2906,0.7556,1.0642,1.19,1.045,136.96519199999997,118.68357599999999,77.8268,108.5484,117.43334879999998,0.6,0.5314814814814814,0.7275555555555556,0.03363900233746886
20,2015,1995,102,88,103,102,0.9400000000000001,0.6,0.125,Millennials,0.95,0.45,1.128,1.2945,0.752,1.064,1.19,1.045,136.91663999999997,119.04221999999999,77.456,108.528,117.48320099999998,0.6,0.5333333333333333,0.728,0.03349590503358793
20,2016,1996,102,88,103,102,0.9480000000000001,0.62,0.14,Millennials,0.95,0.45,1.1276,1.2984,0.7484,1.0638,1.19,1.045,136.86808799999997,119.40086399999998,77.0852,108.50760000000001,117.53305319999998,0.6,0.5351851851851852,0.72844444444444445,0.033489132378106405
20,2017,1997,102,88,103,102,0.9560000000000001,0.64,0.15500000000000003,Generation Z,1,0.55,1.1272,1.3023,0.7447999999999999,1.0636,1.2,1.055,137.96928,120.905532,76.71439999999998,108.48720000000002,118.3864242,0.6,0.6370370370370371,0.7528888888888888,0.03444559669777751
20,2018,1998,102,88,103,102,0.964,0.66,0.16999999999999998,Generation Z,1,0.55,1.1268,1.3061999999999998,0.7412000000000001,1.0634000000000001,1.2,1.055,137.92032,121.26760799999998,76.34360000000001,108.4668,118.43733479999999,0.6,0.638888888888889,0.7533333333333333,0.03444439364150397
20,2019,1999,102,88,103,102,0.972,0.6799999999999999,0.185,Generation Z,1,0.55,1.1263999999999998,1.3100999999999998,0.7376,1.0632,1.2,1.055,137.87135999999998,121.62968399999997,75.9728,108.4464,118.48824539999998,0.6,0.6407407407407408,0.7537777777777778,0.035517208883490574
20,2020,2000,102,88,103,102,0.98,0.7,0.2,Generation Z,1,0.55,1.126,1.314,0.7340000000000001,1.0630000000000002,1.2,1.055,137.8224,121.99176,75.602,108.42600000000002,118.53915599999999,0.6,0.6425925925925926,0.7542222222222221,0.03551602354480052
22,1970,1948,103,90,105,103,0.05,0.1,0.01,Baby Boomers,0.5,0.25,1,1.0159999999999998,0.98,0.9999999999999999,1.1,1.025,113.30000000000001,93.72599999999997,102.89999999999999,102.99999999999999,103.3441,0.6,0.25,0.66,0.04598341810074549
22,1971,1949,103,90,105,103,0.05,0.10500000000000001,0.01,Baby Boomers,0.5,0.25,0.9995,1.0159999999999998,0.9795,0.9997499999999999,1.1,1.025,113.24335000000002,93.72599999999997,102.84750000000001,102.97425,103.312535,0.6,0.2518518518518518,0.6604444444444445,0.04598246518824136
22,1972,1950,103,90,105,103,0.05,0.11,0.01,Baby Boomers,0.5,0.25,0.999,1.0159999999999998,0.979,0.9994999999999999,1.1,1.025,113.18670000000002,93.72599999999997,102.795,102.9485,103.28097,0.6,0.2537037037037037,0.6608888888888889,0.043169435923241434
22,1973,1951,103,90,105,103,0.05,0.115,0.01,Baby Boomers,0.5,0.25,0.9985,1.0159999999999998,0.9785,0.9992499999999999,1.1,1.025,113.13005000000001,93.72599999999997,102.7425,102.92274999999998,103.249405,0.6,0.25555555555555554,0.6613333333333333,0.04316859832605637
22,1974,1952,103,90,105,103,0.05,0.12000000000000001,0.01,Baby Boomers,0.5,0.25,0.998,1.0159999999999998,0.978,0.9989999999999999,1.1,1.025,113.0734,93.72599999999997,102.69,102.89699999999999,103.21783999999998,0.6,0.2574074074074074,0.6617777777777777,0.04068000355164571
22,1975,1953,103,90,105,103,0.05,0.125,0.01,Baby Boomers,0.5,0.25,0.9975,1.0159999999999998,0.9775,0.9987499999999999,1.1,1.025,113.01675000000002,93.72599999999997,102.6375,102.87124999999999,103.186275,0.6,0.25925925925925924,0.6622222222222222,0.040679261766954244
22,1976,1954,103,90,105,103,0.05,0.13,0.01,Baby Boomers,0.5,0.25,0.997,1.0159999999999998,0.977,0.9984999999999999,1.1,1.025,112.96010000000001,93.72599999999997,102.585,102.84549999999999,103.15470999999998,0.6,0.2611111111111111,0.6626666666666666,0.03906541688773605
22,1977,1955,103,90,105,103,0.05,0.135,0.01,Baby Boomers,0.5,0.25,0.9965,1.0159999999999998,0.9765,0.9982499999999999,1.1,1.025,112.90345000000002,93.72599999999997,102.5325,102.81974999999998,103.123145,0.6,0.26296296296296295,0.6631111111111111,0.03906475008509412
22,1978,1956,103,90,105,103,0.05,0.14,0.01,Baby Boomers,0.5,0.25,0.996,1.0159999999999998,0.976,0.9979999999999999,1.1,1.025,112.8468,93.72599999999997,102.48,102.79399999999998,103.09158,0.6,0.26481481481481484,0.6635555555555556,0.037574163672855626
22,1979,1957,103,90,105,103,0.05,0.14500000000000002,0.01,Baby Boomers,0.5,0.25,0.9955,1.0159999999999998,0.9755,0.9977499999999999,1.1,1.025,112.79015000000001,93.72599999999997,102.42750000000001,102.76825,103.060015,0.6,0.26666666666666666,0.664,0.03757356269805342
22,1980,1958,103,90,105,103,0.05,0.15000000000000002,0.01,Baby Boomers,0.5,0.25,0.995,1.0159999999999998,0.975,0.9974999999999999,1.1,1.025,112.7335,93.72599999999997,102.375,102.74249999999999,103.02844999999998,0.6,0.2685185185185185,0.6644444444444444,0.036192631954825784
22,1981,1959,103,90,105,103,0.065,0.15500000000000003,0.01,Baby Boomers,0.5,0.25,0.9974999999999999,1.0205,0.9715,0.9987499999999999,1.1,1.025,113.01675,94.14112499999999,102.00750000000001,102.87124999999999,103.23706874999999,0.6,0.27037037037037037,0.6648888888888889,0.0361920890286682
22,1982,1960,103,90,105,103,0.08,0.16000000000000003,0.01,Baby Boomers,0.5,0.25,1,1.025,0.968,1,1.1,1.025,113.30000000000001,94.55624999999998,101.64,103,103.44568749999999,0.6,0.27222222222222225,0.6653333333333332,0.034909141787781796
22,1983,1961,103,90,105,103,0.095,0.165,0.01,Baby Boomers,0.5,0.25,1.0025,1.0294999999999999,0.9645,1.00125,1.1,1.025,113.58325,94.97137499999998,101.27250000000001,103.12875,103.65430624999999,0.6,0.2740740740740741,0.6657777777777778,0.03486477680026067
22,1984,1962,103,90,105,103,0.11,0.17,0.01,Baby Boomers,0.5,0.25,1.0050000000000001,1.0339999999999998,0.961,1.0025,1.1,1.025,113.86650000000003,95.38649999999998,100.905,103.2575,103.862925,0.6,0.2759259259259259,0.6662222222222223,0.03367271869577182
22,1985,1963,103,90,105,103,0.125,0.175,0.01,Baby Boomers,0.5,0.25,1.0074999999999998,1.0385,0.9575,1.00375,1.1,1.025,114.14974999999998,95.801625,100.53750000000001,103.38624999999999,104.07154374999999,0.6,0.2777777777777778,0.6666666666666666,0.033631532925270734
22,1986,1964,103,90,105,103,0.14,0.18,0.01,Baby Boomers,0.5,0.25,1.01,1.043,0.954,1.0050000000000001,1.1,1.025,114.433,96.21674999999998,100.17,103.51500000000001,104.28016249999999,0.6,0.2796296296296296,0.6671111111111111,0.0333934633203989
22,1987,1965,103,90,105,103,0.15500000000000003,0.185,0.01,Generation X,0.8,0.35,1.0125,1.0474999999999999,0.9505,1.00625,1.1600000000000001,1.035,120.9735,97.57462499999998,99.8025,103.64375000000001,107.00878125,0.6,0.3814814814814815,0.6915555555555556,0.03455218356772761
22,1988,1966,103,90,105,103,0.16999999999999998,0.19,0.01,Generation X,0.8,0.35,1.0150000000000001,1.0519999999999998,0.947,1.0074999999999998,1.1600000000000001,1.035,121.27220000000003,97.99379999999996,99.43499999999999,103.77249999999998,107.22422499999999,0.6,0.3833333333333333,0.692,0.034308945776661326
22,1989,1967,103,90,105,103,0.185,0.195,0.01,Generation X,0.8,0.35,1.0174999999999998,1.0565,0.9435,1.00875,1.1600000000000001,1.035,121.5709,98.41297499999999,99.0675,103.90125,107.43966874999998,0.6,0.3851851851851852,0.6924444444444444,0.0342671133952595
22,1990,1968,103,90,105,103,0.2,0.2,0.01,Generation X,0.8,0.35,1.02,1.061,0.94,1.01,1.1600000000000001,1.035,121.86960000000002,98.83214999999998,98.69999999999999,104.03,107.65511249999999,0.6,0.387037037037037,0.6928888888888888,0.034027971035845046
22,1991,1969,103,90,105,103,0.25,0.21500000000000002,0.01,Generation X,0.8,0.35,1.0285,1.0759999999999998,0.9285,1.0142499999999999,1.1600000000000001,1.035,122.88518,100.22939999999998,97.49249999999999,104.46774999999998,108.3841405,0.6,0.38888888888888884,0.6933333333333332,0.03397027600849256
22,1992,1970,103,90,105,103,0.30000000000000004,0.23,0.01,Generation X,0.8,0.35,1.0370000000000001,1.091,0.9169999999999999,1.0185,1.1600000000000001,1.035,123.90076000000003,101.62664999999998,96.285,104.90549999999999,109.1131685,0.6,0.3907407407407407,0.6937777777777778,0.03391284984167848
22,1993,1971,103,90,105,103,0.35,0.245,0.01,Generation X,0.8,0.35,1.0455,1.1059999999999999,0.9055000000000001,1.0227499999999998,1.1600000000000001,1.035,124.91634000000002,103.02389999999998,95.07750000000001,105.34324999999998,109.84219649999999,0.6,0.3925925925925926,0.6942222222222222,0.03385569066042439
22,1994,1972,103,90,105,103,0.4,0.26,0.01,Generation X,0.8,0.35,1.054,1.121,0.8939999999999999,1.0270000000000001,1.1600000000000001,1.035,125.93192000000003,104.42115,93.86999999999999,105.78100000000002,110.5712245,0.6,0.39444444444444443,0.6946666666666667,0.033798796607145756
22,1995,1973,103,90,105,103,0.45,0.275,0.01,Generation X,0.8,0.35,1.0625,1.136,0.8825000000000001,1.03125,1.1600000000000001,1.035,126.94750000000002,105.81839999999998,92.66250000000001,106.21875,111.3002525,0.6,0.39629629629629626,0.6951111111111111,0.03374216584145066
22,1996,1974,103,90,105,103,0.5,0.29000000000000004,0.01,Generation X,0.8,0.35,1.0710000000000002,1.1509999999999998,0.871,1.0355,1.1600000000000001,1.035,127.96308000000003,107.21564999999997,91.455,106.65650000000001,112.0292805,0.6,0.39814814814814814,0.6955555555555555,0.033685796539941346
22,1997,1975,103,90,105,103,0.55,0.30500000000000005,0.01,Generation X,0.8,0.35,1.0795000000000001,1.166,0.8595,1.03975,1.1600000000000001,1.035,128.97866000000005,108.6129,90.2475,107.09424999999999,112.75830850000001,0.6,0.39999999999999997,0.696,0.03362968689601855
22,1998,1976,103,90,105,103,0.6000000000000001,0.32,0.01,Generation X,0.8,0.35,1.088,1.1809999999999998,0.848,1.044,1.1600000000000001,1.035,129.99424000000002,110.01014999999997,89.03999999999999,107.53200000000001,113.48733649999998,0.6,0.40185185185185185,0.6964444444444445,0.03357383511968847
22,1999,1977,103,90,105,103,0.65,0.33499999999999996,0.01,Generation X,0.8,0.35,1.0964999999999998,1.196,0.8365,1.04825,1.1600000000000001,1.035,131.00982,111.4074,87.8325,107.96974999999999,114.2163645,0.6,0.4037037037037037,0.6968888888888889,0.03347959303504895
22,2000,1978,103,90,105,103,0.7,0.35,0.01,Generation X,0.8,0.35,1.105,1.2109999999999999,0.825,1.0525,1.1600000000000001,1.035,132.02540000000002,112.80464999999997,86.625,108.4075,114.9453925,0.6,0.40555555555555556,0.6973333333333334,0.033424403649203537
22,2001,1979,103,90,105,103,0.72,0.365,0.014,Generation X,0.8,0.35,1.1075,1.2174,0.8195,1.05375,1.1600000000000001,1.035,132.32410000000002,113.40080999999999,86.0475,108.53625,115.19128099999998,0.6,0.4074074074074074,0.6977777777777777,0.033331210326306177
22,2002,1980,103,90,105,103,0.74,0.38,0.018000000000000002,Generation X,0.8,0.35,1.1099999999999999,1.2238,0.814,1.0550000000000002,1.1600000000000001,1.035,132.62279999999998,113.99696999999999,85.47,108.66500000000002,115.43716949999998,0.6,0.4092592592592592,0.6982222222222222,0.03329253884747631
22,2003,1981,103,90,105,103,0.76,0.39499999999999996,0.022,Millennials,0.95,0.45,1.1125,1.2302,0.8085,1.0562500000000001,1.19,1.045,136.359125,115.70030999999999,84.8925,108.79375000000002,117.27373974999999,0.6,0.5111111111111111,0.7226666666666667,0.03434074637267946
22,2004,1982,103,90,105,103,0.7799999999999999,0.41,0.026000000000000002,Millennials,0.95,0.45,1.115,1.2366,0.8029999999999999,1.0575,1.19,1.045,136.66555,116.30223,84.315,108.92250000000001,117.52434799999999,0.6,0.512962962962963,0.723111111111111,0.03430047171054365
22,2005,1983,103,90,105,103,0.7999999999999999,0.425,0.03,Millennials,0.95,0.45,1.1175,1.2429999999999999,0.7975,1.05875,1.19,1.045,136.971975,116.90414999999999,83.7375,109.05125000000001,117.77495624999999,0.6,0.5148148148148148,0.7235555555555555,0.03420527366319991
22,2006,1984,103,90,105,103,0.82,0.43999999999999995,0.034,Millennials,0.95,0.45,1.1199999999999999,1.2494,0.7919999999999999,1.06,1.19,1.045,137.27839999999998,117.50607000000001,83.16,109.18,118.02556449999999,0.6,0.5166666666666667,0.7240000000000001,0.03416544759567741
22,2007,1985,103,90,105,103,0.84,0.45499999999999996,0.038000000000000006,Millennials,0.95,0.45,1.1224999999999998,1.2558,0.7865,1.06125,1.19,1.045,137.58482499999997,118.10799,82.5825,109.30875,118.27617274999997,0.6,0.5185185185185185,0.7244444444444444,0.03405517774504581
22,2008,1986,103,90,105,103,0.86,0.47,0.042,Millennials,0.95,0.45,1.125,1.2622,0.7809999999999999,1.0625,1.19,1.045,137.89124999999999,118.70991,82.005,109.4375,118.526781,0.6,0.5203703703703704,0.7248888888888889,0.03401583999416037
22,2009,1987,103,90,105,103,0.8799999999999999,0.485,0.046,Millennials,0.95,0.45,1.1275,1.2686,0.7755000000000001,1.06375,1.19,1.045,138.19767499999998,119.31182999999999,81.42750000000001,109.56625,118.77738924999998,0.6,0.5222222222222223,0.7253333333333333,0.033906756419845425
22,2010,1988,103,90,105,103,0.8999999999999999,0.5,0.05,Millennials,0.95,0.45,1.13,1.275,0.77,1.0650000000000002,1.19,1.045,138.50409999999997,119.91374999999998,80.85000000000001,109.69500000000002,119.02799749999997,0.6,0.5240740740740741,0.7257777777777777,0.03386789860370099
22,2011,1989,103,90,105,103,0.908,0.52,0.065,Millennials,0.95,0.45,1.1296,1.2789,0.7664,1.0648,1.19,1.045,138.455072,120.28054499999999,80.472,109.67439999999999,119.07942594999999,0.6,0.5259259259259259,0.7262222222222222,0.03375998181836964
22,2012,1990,103,90,105,103,0.916,0.54,0.08,Millennials,0.95,0.45,1.1292,1.2828,0.7627999999999999,1.0646000000000002,1.19,1.045,138.40604399999998,120.64733999999999,80.094,109.65380000000002,119.13085439999999,0.6,0.5277777777777778,0.7266666666666667,0.033752922414727424
22,2013,1991,103,90,105,103,0.924,0.56,0.095,Millennials,0.95,0.45,1.1288,1.2867000000000002,0.7591999999999999,1.0644,1.19,1.045,138.357016,121.01413500000001,79.71599999999998,109.6332,119.18228284999998,0.6,0.5296296296296297,0.7271111111111112,0.033645936163211584
22,2014,1992,103,90,105,103,0.932,0.58,0.11,Millennials,0.95,0.45,1.1283999999999998,1.2906,0.7556,1.0642,1.19,1.045,138.30798799999997,121.38092999999999,79.33800000000001,109.6126,119.23371129999998,0.6,0.5314814814814814,0.7275555555555556,0.03363900233746886
22,2015,1993,103,90,105,103,0.9400000000000001,0.6,0.125,Millennials,0.95,0.45,1.128,1.2945,0.752,1.064,1.19,1.045,138.25895999999997,121.74772499999999,78.96,109.59200000000001,119.28513974999997,0.6,0.5333333333333333,0.728,0.03349590503358793
22,2016,1994,103,90,105,103,0.9480000000000001,0.62,0.14,Millennials,0.95,0.45,1.1276,1.2984,0.7484,1.0638,1.19,1.045,138.20993199999998,122.11451999999998,78.582,109.57140000000001,119.33656819999999,0.6,0.5351851851851852,0.72844444444444445,0.033489132378106405
22,2017,1995,103,90,105,103,0.9560000000000001,0.64,0.15500000000000003,Millennials,0.95,0.45,1.1272,1.3023,0.7447999999999999,1.0636,1.19,1.045,138.160904,122.481315,78.204,109.55080000000001,119.38799664999999,0.6,0.5370370370370371,0.7288888888888888,0.033347567050977044
22,2018,1996,103,90,105,103,0.964,0.66,0.16999999999999998,Millennials,0.95,0.45,1.1268,1.3061999999999998,0.7412000000000001,1.0634000000000001,1.19,1.045,138.111876,122.84810999999996,77.82600000000001,109.53020000000001,119.43942509999998,0.6,0.538888888888889,0.7293333333333333,0.033347050127261364
22,2019,1997,103,90,105,103,0.972,0.6799999999999999,0.185,Generation Z,1,0.55,1.1263999999999998,1.3100999999999998,0.7376,1.0632,1.2,1.055,139.22303999999997,124.39399499999998,77.44800000000001,109.50959999999999,120.30960224999997,0.6,0.6407407407407408,0.7537777777777778,0.035517208883490574
22,2020,1998,103,90,105,103,0.98,0.7,0.2,Generation Z,1,0.55,1.126,1.314,0.7340000000000001,1.0630000000000002,1.2,1.055,139.1736,124.76429999999999,77.07000000000001,109.48900000000002,120.36211499999999,0.6,0.6425925925925926,0.7542222222222221,0.03551602354480052
22,2021,1999,103,90,105,103,0.98,0.7374999999999999,0.30000000000000004,Generation Z,1,0.55,1.12225,1.324,0.7302500000000001,1.061125,1.2,1.055,138.71009999999998,125.7138,76.67625000000001,109.29587500000001,120.44418375000001,0.6,0.6444444444444445,0.7546666666666667,0.036675846427992875
22,2022,2000,103,90,105,103,0.98,0.7749999999999999,0.4,Generation Z,1,0.55,1.1185,1.334,0.7265,1.05925,1.2,1.055,138.2466,126.66329999999999,76.2825,109.10275,120.52625249999997,0.6,0.6462962962962964,0.7551111111111112,0.03667467148754756
24,1970,1946,104,92,106,104,0.05,0.1,0.01,Baby Boomers,0.5,0.25,1,1.0159999999999998,0.98,0.9999999999999999,1.1,1.025,114.4,95.80879999999998,103.88,103.99999999999999,104.75507999999998,0.6,0.25,0.66,0.04598341810074549
24,1971,1947,104,92,106,104,0.05,0.10500000000000001,0.01,Baby Boomers,0.5,0.25,0.9995,1.0159999999999998,0.9795,0.9997499999999999,1.1,1.025,114.34280000000001,95.80879999999998,103.827,103.97399999999999,104.72320999999998,0.6,0.2518518518518518,0.6604444444444445,0.04598246518824136
24,1972,1948,104,92,106,104,0.05,0.11,0.01,Baby Boomers,0.5,0.25,0.999,1.0159999999999998,0.979,0.9994999999999999,1.1,1.025,114.28560000000002,95.80879999999998,103.774,103.948,104.69134,0.6,0.2537037037037037,0.6608888888888889,0.043169435923241434
24,1973,1949,104,92,106,104,0.05,0.115,0.01,Baby Boomers,0.5,0.25,0.9985,1.0159999999999998,0.9785,0.9992499999999999,1.1,1.025,114.22840000000002,95.80879999999998,103.721,103.92199999999998,104.65947,0.6,0.25555555555555554,0.6613333333333333,0.04316859832605637
24,1974,1950,104,92,106,104,0.05,0.12000000000000001,0.01,Baby Boomers,0.5,0.25,0.998,1.0159999999999998,0.978,0.9989999999999999,1.1,1.025,114.17120000000001,95.80879999999998,103.66799999999999,103.89599999999999,104.6276,0.6,0.2574074074074074,0.6617777777777777,0.04068000355164571
24,1975,1951,104,92,106,104,0.05,0.125,0.01,Baby Boomers,0.5,0.25,0.9975,1.0159999999999998,0.9775,0.9987499999999999,1.1,1.025,114.11400000000002,95.80879999999998,103.61500000000001,103.86999999999999,104.59572999999999,0.6,0.25925925925925924,0.6622222222222222,0.040679261766954244
24,1976,1952,104,92,106,104,0.05,0.13,0.01,Baby Boomers,0.5,0.25,0.997,1.0159999999999998,0.977,0.9984999999999999,1.1,1.025,114.05680000000001,95.80879999999998,103.562,103.844,104.56385999999999,0.6,0.2611111111111111,0.6626666666666666,0.03906541688773605
24,1977,1953,104,92,106,104,0.05,0.135,0.01,Baby Boomers,0.5,0.25,0.9965,1.0159999999999998,0.9765,0.9982499999999999,1.1,1.025,113.99960000000002,95.80879999999998,103.509,103.81799999999998,104.53199,0.6,0.26296296296296295,0.6631111111111111,0.03906475008509412
24,1978,1954,104,92,106,104,0.05,0.14,0.01,Baby Boomers,0.5,0.25,0.996,1.0159999999999998,0.976,0.9979999999999999,1.1,1.025,113.9424,95.80879999999998,103.456,103.79199999999999,104.50011999999998,0.6,0.26481481481481484,0.6635555555555556,0.037574163672855626
24,1979,1955,104,92,106,104,0.05,0.14500000000000002,0.01,Baby Boomers,0.5,0.25,0.9955,1.0159999999999998,0.9755,0.9977499999999999,1.1,1.025,113.88520000000003,95.80879999999998,103.403,103.76599999999999,104.46825,0.6,0.26666666666666666,0.664,0.03757356269805342
24,1980,1956,104,92,106,104,0.05,0.15000000000000002,0.01,Baby Boomers,0.5,0.25,0.995,1.0159999999999998,0.975,0.9974999999999999,1.1,1.025,113.82800000000002,95.80879999999998,103.35,103.74,104.43637999999999,0.6,0.2685185185185185,0.6644444444444444,0.036192631954825784
24,1981,1957,104,92,106,104,0.065,0.15500000000000003,0.01,Baby Boomers,0.5,0.25,0.9974999999999999,1.0205,0.9715,0.9987499999999999,1.1,1.025,114.114,96.23314999999998,102.979,103.86999999999999,104.64885249999999,0.6,0.27037037037037037,0.6648888888888889,0.0361920890286682
24,1982,1958,104,92,106,104,0.08,0.16000000000000003,0.01,Baby Boomers,0.5,0.25,1,1.025,0.968,1,1.1,1.025,114.4,96.65749999999998,102.608,104,104.861325,0.6,0.27222222222222225,0.6653333333333332,0.034909141787781796
24,1983,1959,104,92,106,104,0.095,0.165,0.01,Baby Boomers,0.5,0.25,1.0025,1.0294999999999999,0.9645,1.00125,1.1,1.025,114.68599999999999,97.08184999999997,102.23700000000001,104.13,105.07379749999998,0.6,0.2740740740740741,0.6657777777777778,0.03486477680026067
24,1984,1960,104,92,106,104,0.11,0.17,0.01,Baby Boomers,0.5,0.25,1.0050000000000001,1.0339999999999998,0.961,1.0025,1.1,1.025,114.97200000000002,97.50619999999998,101.866,104.25999999999999,105.28626999999999,0.6,0.2759259259259259,0.6662222222222223,0.03367271869577182
24,1985,1961,104,92,106,104,0.125,0.175,0.01,Baby Boomers,0.5,0.25,1.0074999999999998,1.0385,0.9575,1.00375,1.1,1.025,115.258,97.93055,101.495,104.38999999999999,105.49874249999999,0.6,0.2777777777777778,0.6666666666666666,0.033631532925270734
24,1986,1962,104,92,106,104,0.14,0.18,0.01,Baby Boomers,0.5,0.25,1.01,1.043,0.954,1.0050000000000001,1.1,1.025,115.54400000000001,98.35489999999999,101.124,104.52000000000001,105.71121499999998,0.6,0.2796296296296296,0.6671111111111111,0.0333934633203989
24,1987,1963,104,92,106,104,0.15500000000000003,0.185,0.01,Baby Boomers,0.5,0.25,1.0125,1.0474999999999999,0.9505,1.00625,1.1,1.025,115.83000000000001,98.77924999999998,100.753,104.65,105.9236875,0.6,0.2814814814814815,0.6675555555555556,0.03335307179866765
24,1988,1964,104,92,106,104,0.16999999999999998,0.19,0.01,Baby Boomers,0.5,0.25,1.0150000000000001,1.0519999999999998,0.947,1.0074999999999998,1.1,1.025,116.11600000000003,99.20359999999997,100.38199999999999,104.77999999999999,106.13615999999999,0.6,0.2833333333333333,0.6679999999999999,0.03311904014278868
24,1989,1965,104,92,106,104,0.185,0.195,0.01,Generation X,0.8,0.35,1.0174999999999998,1.0565,0.9435,1.00875,1.1600000000000001,1.035,122.7512,100.59992999999999,100.011,104.91,108.91104549999997,0.6,0.3851851851851852,0.6924444444444444,0.0342671133952595
24,1990,1966,104,92,106,104,0.2,0.2,0.01,Generation X,0.8,0.35,1.02,1.061,0.94,1.01,1.1600000000000001,1.035,123.05280000000002,101.02841999999998,99.64,105.04,109.130427,0.6,0.387037037037037,0.6928888888888888,0.034027971035845046
24,1991,1967,104,92,106,104,0.25,0.21500000000000002,0.01,Generation X,0.8,0.35,1.0285,1.0759999999999998,0.9285,1.0142499999999999,1.1600000000000001,1.035,124.07824000000001,102.45671999999998,98.42099999999999,105.48199999999999,109.87268599999999,0.6,0.38888888888888884,0.6933333333333332,0.03397027600849256
24,1992,1968,104,92,106,104,0.30000000000000004,0.23,0.01,Generation X,0.8,0.35,1.0370000000000001,1.091,0.9169999999999999,1.0185,1.1600000000000001,1.035,125.10368000000003,103.88502,97.202,105.92399999999999,110.61494499999999,0.6,0.3907407407407407,0.6937777777777778,0.03391284984167848
24,1993,1969,104,92,106,104,0.35,0.245,0.01,Generation X,0.8,0.35,1.0455,1.1059999999999999,0.9055000000000001,1.0227499999999998,1.1600000000000001,1.035,126.12912000000003,105.31331999999998,95.983,106.36599999999999,111.357204,0.6,0.3925925925925926,0.6942222222222222,0.03385569066042439
24,1994,1970,104,92,106,104,0.4,0.26,0.01,Generation X,0.8,0.35,1.054,1.121,0.8939999999999999,1.0270000000000001,1.1600000000000001,1.035,127.15456000000002,106.74162,94.764,106.80800000000002,112.09946300000001,0.6,0.39444444444444443,0.6946666666666667,0.033798796607145756
24,1995,1971,104,92,106,104,0.45,0.275,0.01,Generation X,0.8,0.35,1.0625,1.136,0.8825000000000001,1.03125,1.1600000000000001,1.035,128.18,108.16991999999998,93.545,107.25,112.84172199999998,0.6,0.39629629629629626,0.6951111111111111,0.03374216584145066
24,1996,1972,104,92,106,104,0.5,0.29000000000000004,0.01,Generation X,0.8,0.35,1.0710000000000002,1.1509999999999998,0.871,1.0355,1.1600000000000001,1.035,129.20544000000004,109.59821999999997,92.326,107.69200000000001,113.583981,0.6,0.39814814814814814,0.6955555555555555,0.033685796539941346
24,1997,1973,104,92,106,104,0.55,0.30500000000000005,0.01,Generation X,0.8,0.35,1.0795000000000001,1.166,0.8595,1.03975,1.1600000000000001,1.035,130.23088000000004,111.02651999999998,91.107,108.134,114.32624,0.6,0.39999999999999997,0.696,0.03362968689601855
24,1998,1974,104,92,106,104,0.6000000000000001,0.32,0.01,Generation X,0.8,0.35,1.088,1.1809999999999998,0.848,1.044,1.1600000000000001,1.035,131.25632000000004,112.45481999999998,89.88799999999999,108.57600000000001,115.068499,0.6,0.40185185185185185,0.6964444444444445,0.03357383511968847
24,1999,1975,104,92,106,104,0.65,0.33499999999999996,0.01,Generation X,0.8,0.35,1.0964999999999998,1.196,0.8365,1.04825,1.1600000000000001,1.035,132.28176,113.88311999999999,88.669,109.01799999999999,115.81075799999998,0.6,0.4037037037037037,0.6968888888888889,0.03347959303504895
24,2000,1976,104,92,106,104,0.7,0.35,0.01,Generation X,0.8,0.35,1.105,1.2109999999999999,0.825,1.0525,1.1600000000000001,1.035,133.30720000000002,115.31141999999998,87.44999999999999,109.46,116.55301699999998,0.6,0.40555555555555556,0.6973333333333334,0.033424403649203537
24,2001,1977,104,92,106,104,0.72,0.365,0.014,Generation X,0.8,0.35,1.1075,1.2174,0.8195,1.05375,1.1600000000000001,1.035,133.6088,115.92082799999999,86.867,109.59,116.8039198,0.6,0.4074074074074074,0.6977777777777777,0.033331210326306177
24,2002,1978,104,92,106,104,0.74,0.38,0.018000000000000002,Generation X,0.8,0.35,1.1099999999999999,1.2238,0.814,1.0550000000000002,1.1600000000000001,1.035,133.9104,116.530236,86.28399999999999,109.72000000000001,117.0548226,0.6,0.4092592592592592,0.6982222222222222,0.03329253884747631
24,2003,1979,104,92,106,104,0.76,0.39499999999999996,0.022,Generation X,0.8,0.35,1.1125,1.2302,0.8085,1.0562500000000001,1.1600000000000001,1.035,134.21200000000002,117.13964399999999,85.701,109.85000000000001,117.3057254,0.6,0.4111111111111111,0.6986666666666667,0.03320027878096686
24,2004,1980,104,92,106,104,0.7799999999999999,0.41,0.026000000000000002,Generation X,0.8,0.35,1.115,1.2366,0.8029999999999999,1.0575,1.1600000000000001,1.035,134.5136,117.74905199999998,85.118,109.98000000000002,117.55662819999998,0.6,0.412962962962963,0.699111111111111,0.033162041795135315
24,2005,1981,104,92,106,104,0.7999999999999999,0.425,0.03,Millennials,0.95,0.45,1.1175,1.2429999999999999,0.7975,1.05875,1.19,1.045,138.3018,119.50201999999999,84.535,110.11000000000001,119.428087,0.6,0.5148148148148148,0.7235555555555555,0.03420527366319991
24,2006,1982,104,92,106,104,0.82,0.43999999999999995,0.034,Millennials,0.95,0.45,1.1199999999999999,1.2494,0.7919999999999999,1.06,1.19,1.045,138.61119999999997,120.11731599999999,83.952,110.24000000000001,119.68378059999998,0.6,0.5166666666666667,0.7240000000000001,0.03416544759567741
24,2007,1983,104,92,106,104,0.84,0.45499999999999996,0.038000000000000006,Millennials,0.95,0.45,1.1224999999999998,1.2558,0.7865,1.06125,1.19,1.045,138.92059999999998,120.732612,83.369,110.37,119.93947419999998,0.6,0.5185185185185185,0.7244444444444444,0.03405517774504581
24,2008,1984,104,92,106,104,0.86,0.47,0.042,Millennials,0.95,0.45,1.125,1.2622,0.7809999999999999,1.0625,1.19,1.045,139.23,121.34790799999999,82.78599999999999,110.5,120.1951678,0.6,0.5203703703703704,0.7248888888888889,0.03401583999416037
24,2009,1985,104,92,106,104,0.8799999999999999,0.485,0.046,Millennials,0.95,0.45,1.1275,1.2686,0.7755000000000001,1.06375,1.19,1.045,139.53939999999997,121.96320399999998,82.203,110.63,120.45086139999998,0.6,0.5222222222222223,0.7253333333333333,0.033906756419845425
24,2010,1986,104,92,106,104,0.8999999999999999,0.5,0.05,Millennials,0.95,0.45,1.13,1.275,0.77,1.0650000000000002,1.19,1.045,139.84879999999998,122.57849999999999,81.62,110.76000000000002,120.70655499999998,0.6,0.5240740740740741,0.7257777777777777,0.03386789860370099
24,2011,1987,104,92,106,104,0.908,0.52,0.065,Millennials,0.95,0.45,1.1296,1.2789,0.7664,1.0648,1.19,1.045,139.799296,122.95344599999999,81.2384,110.7392,120.76009969999998,0.6,0.5259259259259259,0.7262222222222222,0.03375998181836964
24,2012,1988,104,92,106,104,0.916,0.54,0.08,Millennials,0.95,0.45,1.1292,1.2828,0.7627999999999999,1.0646000000000002,1.19,1.045,139.749792,123.32839199999998,80.85679999999999,110.71840000000002,120.81364439999999,0.6,0.5277777777777778,0.7266666666666667,0.033752922414727424
24,2013,1989,104,92,106,104,0.924,0.56,0.095,Millennials,0.95,0.45,1.1288,1.2867000000000002,0.7591999999999999,1.0644,1.19,1.045,139.700288,123.70333800000002,80.47519999999999,110.6976,120.8671891,0.6,0.5296296296296297,0.7271111111111112,0.033645936163211584
24,2014,1990,104,92,106,104,0.932,0.58,0.11,Millennials,0.95,0.45,1.1283999999999998,1.2906,0.7556,1.0642,1.19,1.045,139.650784,124.07828399999998,80.09360000000001,110.6768,120.92073379999997,0.6,0.5314814814814814,0.7275555555555556,0.03363900233746886
24,2015,1991,104,92,106,104,0.9400000000000001,0.6,0.125,Millennials,0.95,0.45,1.128,1.2945,0.752,1.064,1.19,1.045,139.60127999999997,124.45322999999999,79.712,110.656,120.97427849999998,0.6,0.5333333333333333,0.728,0.03349590503358793
24,2016,1992,104,92,106,104,0.9480000000000001,0.62,0.14,Millennials,0.95,0.45,1.1276,1.2984,0.7484,1.0638,1.19,1.045,139.551776,124.82817599999998,79.3304,110.63520000000001,121.02782319999999,0.6,0.5351851851851852,0.72844444444444445,0.033489132378106405
24,2017,1993,104,92,106,104,0.9560000000000001,0.64,0.15500000000000003,Millennials,0.95,0.45,1.1272,1.3023,0.7447999999999999,1.0636,1.19,1.045,139.50227199999998,125.203122,78.94879999999999,110.61440000000002,121.08136789999999,0.6,0.5370370370370371,0.7288888888888888,0.033347567050977044
24,2018,1994,104,92,106,104,0.964,0.66,0.16999999999999998,Millennials,0.95,0.45,1.1268,1.3061999999999998,0.7412000000000001,1.0634000000000001,1.19,1.045,139.452768,125.57806799999997,78.56720000000001,110.59360000000001,121.13491259999998,0.6,0.538888888888889,0.7293333333333333,0.033347050127261364
24,2019,1995,104,92,106,104,0.972,0.6799999999999999,0.185,Millennials,0.95,0.45,1.1263999999999998,1.3100999999999998,0.7376,1.0632,1.19,1.045,139.40326399999998,125.95301399999998,78.18560000000001,110.57279999999999,121.18845729999998,0.6,0.5407407407407407,0.7297777777777777,0.03438635435536056
24,2020,1996,104,92,106,104,0.98,0.7,0.2,Millennials,0.95,0.45,1.126,1.314,0.7340000000000001,1.0630000000000002,1.19,1.045,139.35375999999997,126.32795999999999,77.80400000000002,110.55200000000002,121.242002,0.6,0.5425925925925926,0.7302222222222222,0.03438587311968607
24,2021,1997,104,92,106,104,0.98,0.7374999999999999,0.30000000000000004,Generation Z,1,0.55,1.12225,1.324,0.7302500000000001,1.061125,1.2,1.055,140,128.50744,77.40650000000001,110.35700000000001,122.142129,0.6,0.6444444444444445,0.7546666666666667,0.036675846427992875
24,2022,1998,104,92,106,104,0.98,0.7749999999999999,0.4,Generation Z,1,0.55,1.1185,1.334,0.7265,1.05925,1.2,1.055,139.58880000000002,129.47804,77.009,110.162,122.249044,0.6,0.6462962962962964,0.7551111111111112,0.03667467148754756
24,2023,1999,104,92,106,104,0.98,0.8125,0.6,Generation Z,1,0.55,1.11475,1.354,0.72275,1.0573750000000002,1.2,1.055,139.1208,131.41924,76.6115,109.96700000000001,122.675789,0.6,0.6481481481481483,0.7555555555555555,0.03789398600151576
24,2024,2000,104,92,106,104,0.98,0.85,0.8,Generation Z,1,0.55,1.111,1.374,0.7190000000000001,1.0555,1.2,1.055,138.65279999999998,133.36044,76.21400000000001,109.772,123.102534,0.6,0.65,0.756,0.03789283745175681
26,1970,1944,103,94,104,103,0.05,0.1,0.01,Silent Generation,0.3,0.15,1,1.0159999999999998,0.98,0.9999999999999999,1.06,1.015,109.18,96.93655999999997,101.92,102.99999999999999,102.878796,0.85,0.15,0.901,0.06277433289207832
26,1971,1945,103,94,104,103,0.05,0.10500000000000001,0.01,Silent Generation,0.3,0.15,0.9995,1.0159999999999998,0.9795,0.9997499999999999,1.06,1.015,109.12541000000002,96.93655999999997,101.86800000000001,102.97425,102.84802699999997,0.85,0.15185185185185185,0.9016296296296297,0.06277462609592574
26,1972,1946,103,94,104,103,0.05,0.11,0.01,Baby Boomers,0.5,0.25,0.999,1.0159999999999998,0.979,0.9994999999999999,1.1,1.025,113.18670000000002,97.89159999999997,101.816,102.9485,104.59207999999998,0.85,0.2537037037037037,0.9362592592592592,0.0611567008912587
26,1973,1947,103,94,104,103,0.05,0.115,0.01,Baby Boomers,0.5,0.25,0.9985,1.0159999999999998,0.9785,0.9992499999999999,1.1,1.025,113.13005000000001,97.89159999999997,101.76400000000001,102.92274999999998,104.56058999999999,0.85,0.25555555555555554,0.9368888888888889,0.06115551429524653
26,1974,1948,103,94,104,103,0.05,0.12000000000000001,0.01,Baby Boomers,0.5,0.25,0.998,1.0159999999999998,0.978,0.9989999999999999,1.1,1.025,113.0734,97.89159999999997,101.712,102.89699999999999,104.52909999999999,0.85,0.2574074074074074,0.9375185185185184,0.05763000503149809
26,1975,1949,103,94,104,103,0.05,0.125,0.01,Baby Boomers,0.5,0.25,0.9975,1.0159999999999998,0.9775,0.9987499999999999,1.1,1.025,113.01675000000002,97.89159999999997,101.66,102.87124999999999,104.49760999999998,0.85,0.25925925925925924,0.9381481481481481,0.057628954169851844
26,1976,1950,103,94,104,103,0.05,0.13,0.01,Baby Boomers,0.5,0.25,0.997,1.0159999999999998,0.977,0.9984999999999999,1.1,1.025,112.96010000000001,97.89159999999997,101.608,102.84549999999999,104.46611999999998,0.85,0.2611111111111111,0.9387777777777777,0.055342673924292735
26,1977,1951,103,94,104,103,0.05,0.135,0.01,Baby Boomers,0.5,0.25,0.9965,1.0159999999999998,0.9765,0.9982499999999999,1.1,1.025,112.90345000000002,97.89159999999997,101.556,102.81974999999998,104.43463,0.85,0.26296296296296295,0.9394074074074075,0.05534172928721668
26,1978,1952,103,94,104,103,0.05,0.14,0.01,Baby Boomers,0.5,0.25,0.996,1.0159999999999998,0.976,0.9979999999999999,1.1,1.025,112.8468,97.89159999999997,101.50399999999999,102.79399999999998,104.40313999999998,0.85,0.26481481481481484,0.940037037037037,0.05323006520321214
26,1979,1953,103,94,104,103,0.05,0.14500000000000002,0.01,Baby Boomers,0.5,0.25,0.9955,1.0159999999999998,0.9755,0.9977499999999999,1.1,1.025,112.79015000000001,97.89159999999997,101.452,102.76825,104.37164999999999,0.85,0.26666666666666666,0.9406666666666667,0.05322921382224234
26,1980,1954,103,94,104,103,0.05,0.15000000000000002,0.01,Baby Boomers,0.5,0.25,0.995,1.0159999999999998,0.975,0.9974999999999999,1.1,1.025,112.7335,97.89159999999997,101.39999999999999,102.74249999999999,104.34015999999997,0.85,0.2685185185185185,0.9412962962962963,0.05127289526933653
26,1981,1955,103,94,104,103,0.065,0.15500000000000003,0.01,Baby Boomers,0.5,0.25,0.9974999999999999,1.0205,0.9715,0.9987499999999999,1.1,1.025,113.01675,98.32517499999999,101.036,102.87124999999999,104.55576124999999,0.85,0.27037037037037037,0.9419259259259258,0.05127212612394662
26,1982,1956,103,94,104,103,0.08,0.16000000000000003,0.01,Baby Boomers,0.5,0.25,1,1.025,0.968,1,1.1,1.025,113.30000000000001,98.75874999999999,100.672,103,104.7713625,0.85,0.27222222222222225,0.9425555555555555,0.04945461753269088
26,1983,1957,103,94,104,103,0.095,0.165,0.01,Baby Boomers,0.5,0.25,1.0025,1.0294999999999999,0.9645,1.00125,1.1,1.025,113.58325,99.19232499999997,100.308,103.12875,104.98696374999999,0.85,0.2740740740740741,0.9431851851851852,0.04939176713370262
26,1984,1958,103,94,104,103,0.11,0.17,0.01,Baby Boomers,0.5,0.25,1.0050000000000001,1.0339999999999998,0.961,1.0025,1.1,1.025,113.86650000000003,99.62589999999997,99.944,103.2575,105.202565,0.85,0.2759259259259259,0.9438148148148149,0.04770301815234341
26,1985,1959,103,94,104,103,0.125,0.175,0.01,Baby Boomers,0.5,0.25,1.0074999999999998,1.0385,0.9575,1.00375,1.1,1.025,114.14974999999998,100.05947499999999,99.58,103.38624999999999,105.41816624999998,0.85,0.2777777777777778,0.9444444444444444,0.04764467164413354
26,1986,1960,103,94,104,103,0.14,0.18,0.01,Baby Boomers,0.5,0.25,1.01,1.043,0.954,1.0050000000000001,1.1,1.025,114.433,100.49304999999998,99.216,103.51500000000001,105.6337675,0.85,0.2796296296296296,0.9450740740740741,0.04730740637056511
26,1987,1961,103,94,104,103,0.15500000000000003,0.185,0.01,Baby Boomers,0.5,0.25,1.0125,1.0474999999999999,0.9505,1.00625,1.1,1.025,114.71625,100.92662499999999,98.852,103.64375000000001,105.84936875,0.85,0.2814814814814815,0.9457037037037037,0.04725018504811251
26,1988,1962,103,94,104,103,0.16999999999999998,0.19,0.01,Baby Boomers,0.5,0.25,1.0150000000000001,1.0519999999999998,0.947,1.0074999999999998,1.1,1.025,114.99950000000003,101.36019999999996,98.488,103.77249999999998,106.06496999999999,0.85,0.2833333333333333,0.9463333333333332,0.04691864020228396
26,1989,1963,103,94,104,103,0.185,0.195,0.01,Baby Boomers,0.5,0.25,1.0174999999999998,1.0565,0.9435,1.00875,1.1,1.025,115.28275,101.79377499999998,98.124,103.90125,106.28057124999998,0.85,0.2851851851851852,0.9469629629629629,0.046862513654792194
26,1990,1964,103,94,104,103,0.2,0.2,0.01,Baby Boomers,0.5,0.25,1.02,1.061,0.94,1.01,1.1,1.025,115.56600000000002,102.22734999999999,97.75999999999999,104.03,106.4961725,0.85,0.28703703703703703,0.9475925925925924,0.04653654259953472
26,1991,1965,103,94,104,103,0.25,0.21500000000000002,0.01,Generation X,0.8,0.35,1.0285,1.0759999999999998,0.9285,1.0142499999999999,1.1600000000000001,1.035,122.88518,104.68403999999998,96.564,104.46774999999998,109.8039895,0.85,0.38888888888888884,0.9822222222222221,0.0481245576786978
26,1992,1966,103,94,104,103,0.30000000000000004,0.23,0.01,Generation X,0.8,0.35,1.0370000000000001,1.091,0.9169999999999999,1.0185,1.1600000000000001,1.035,123.90076000000003,106.14339,95.368,104.90549999999999,110.5564775,0.85,0.3907407407407407,0.9828518518518519,0.04804320394237784
26,1993,1967,103,94,104,103,0.35,0.245,0.01,Generation X,0.8,0.35,1.0455,1.1059999999999999,0.9055000000000001,1.0227499999999998,1.1600000000000001,1.035,124.91634000000002,107.60273999999997,94.17200000000001,105.34324999999998,111.30896549999999,0.85,0.3925925925925926,0.9834814814814815,0.04796222843560122
26,1994,1968,103,94,104,103,0.4,0.26,0.01,Generation X,0.8,0.35,1.054,1.121,0.8939999999999999,1.0270000000000001,1.1600000000000001,1.035,125.93192000000003,109.06208999999998,92.97599999999998,105.78100000000002,112.0614535,0.85,0.39444444444444443,0.984111111111111,0.04788162852678982
26,1995,1969,103,94,104,103,0.45,0.275,0.01,Generation X,0.8,0.35,1.0625,1.136,0.8825000000000001,1.03125,1.1600000000000001,1.035,126.94750000000002,110.52143999999998,91.78,106.21875,112.81394149999998,0.85,0.39629629629629626,0.9847407407407407,0.04780140160872176
26,1996,1970,103,94,104,103,0.5,0.29000000000000004,0.01,Generation X,0.8,0.35,1.0710000000000002,1.1509999999999998,0.871,1.0355,1.1600000000000001,1.035,127.96308000000003,111.98078999999998,90.584,106.65650000000001,113.5664295,0.85,0.39814814814814814,0.9853703703703703,0.04772154509825024
26,1997,1971,103,94,104,103,0.55,0.30500000000000005,0.01,Generation X,0.8,0.35,1.0795000000000001,1.166,0.8595,1.03975,1.1600000000000001,1.035,128.97866000000005,113.44013999999999,89.388,107.09424999999999,114.31891750000001,0.85,0.39999999999999997,0.9859999999999999,0.04764205643602627
26,1998,1972,103,94,104,103,0.6000000000000001,0.32,0.01,Generation X,0.8,0.35,1.088,1.1809999999999998,0.848,1.044,1.1600000000000001,1.035,129.99424000000002,114.89948999999997,88.192,107.53200000000001,115.07140549999998,0.85,0.40185185185185185,0.9866296296296297,0.047562933086225334
26,1999,1973,103,94,104,103,0.65,0.33499999999999996,0.01,Generation X,0.8,0.35,1.0964999999999998,1.196,0.8365,1.04825,1.1600000000000001,1.035,131.00982,116.35883999999999,86.99600000000001,107.96974999999999,115.8238935,0.85,0.4037037037037037,0.9872592592592593,0.04742942346631935
26,2000,1974,103,94,104,103,0.7,0.35,0.01,Generation X,0.8,0.35,1.105,1.2109999999999999,0.825,1.0525,1.1600000000000001,1.035,132.02540000000002,117.81818999999997,85.8,108.4075,116.5763815,0.85,0.40555555555555556,0.9878888888888889,0.047351238503038344
26,2001,1975,103,94,104,103,0.72,0.365,0.014,Generation X,0.8,0.35,1.1075,1.2174,0.8195,1.05375,1.1600000000000001,1.035,132.32410000000002,118.440846,85.228,108.53625,116.8323686,0.85,0.4074074074074074,0.9885185185185185,0.047219214628933755
26,2002,1976,103,94,104,103,0.74,0.38,0.018000000000000002,Generation X,0.8,0.35,1.1099999999999999,1.2238,0.814,1.0550000000000002,1.1600000000000001,1.035,132.62279999999998,119.06350199999999,84.65599999999999,108.66500000000002,117.08835569999998,0.85,0.4092592592592592,0.9891481481481481,0.047164430033924766
26,2003,1977,103,94,104,103,0.76,0.39499999999999996,0.022,Generation X,0.8,0.35,1.1125,1.2302,0.8085,1.0562500000000001,1.1600000000000001,1.035,132.9215,119.68615799999999,84.084,108.79375000000002,117.3443428,0.85,0.4111111111111111,0.9897777777777778,0.04703372827303639
26,2004,1978,103,94,104,103,0.7799999999999999,0.41,0.026000000000000002,Generation X,0.8,0.35,1.115,1.2366,0.8029999999999999,1.0575,1.1600000000000001,1.035,133.2202,120.30881399999998,83.512,108.92250000000001,117.60032989999999,0.85,0.412962962962963,0.9904074074074073,0.04697955920977503
26,2005,1979,103,94,104,103,0.7999999999999999,0.425,0.03,Generation X,0.8,0.35,1.1175,1.2429999999999999,0.7975,1.05875,1.1600000000000001,1.035,133.5189,120.93146999999998,82.94,109.05125000000001,117.85631699999999,0.85,0.4148148148148148,0.9910370370370369,0.04685015933046188
26,2006,1980,103,94,104,103,0.82,0.43999999999999995,0.034,Generation X,0.8,0.35,1.1199999999999999,1.2494,0.7919999999999999,1.06,1.1600000000000001,1.035,133.8176,121.554126,82.368,109.18,118.11230409999999,0.85,0.41666666666666663,0.9916666666666667,0.04679659603919903
26,2007,1981,103,94,104,103,0.84,0.45499999999999996,0.038000000000000006,Millennials,0.95,0.45,1.1224999999999998,1.2558,0.7865,1.06125,1.19,1.045,137.58482499999997,123.357234,81.79599999999999,109.30875,119.99543315,0.85,0.5185185185185185,1.0262962962962963,0.0482448351388149
26,2008,1982,103,94,104,103,0.86,0.47,0.042,Millennials,0.95,0.45,1.125,1.2622,0.7809999999999999,1.0625,1.19,1.045,137.89124999999999,123.98590599999999,81.22399999999999,109.4375,120.25622959999998,0.85,0.5203703703703704,1.026925925925926,0.04818910665839386
26,2009,1983,103,94,104,103,0.8799999999999999,0.485,0.046,Millennials,0.95,0.45,1.1275,1.2686,0.7755000000000001,1.06375,1.19,1.045,138.19767499999998,124.61457799999998,80.65200000000002,109.56625,120.51702604999998,0.85,0.5222222222222223,1.0275555555555556,0.04803457159478102
26,2010,1984,103,94,104,103,0.8999999999999999,0.5,0.05,Millennials,0.95,0.45,1.13,1.275,0.77,1.0650000000000002,1.19,1.045,138.50409999999997,125.24324999999999,80.08,109.69500000000002,120.77782249999998,0.85,0.5240740740740741,1.028185185185185,0.04797952302190974
26,2011,1985,103,94,104,103,0.908,0.52,0.065,Millennials,0.95,0.45,1.1296,1.2789,0.7664,1.0648,1.19,1.045,138.455072,125.626347,79.7056,109.67439999999999,120.83549665,0.85,0.5259259259259259,1.0288148148148148,0.04782664090935699
26,2012,1986,103,94,104,103,0.916,0.54,0.08,Millennials,0.95,0.45,1.1292,1.2828,0.7627999999999999,1.0646000000000002,1.19,1.045,138.40604399999998,126.00944399999999,79.3312,109.65380000000002,120.8931708,0.85,0.5277777777777778,1.0294444444444446,0.047816640087530525
26,2013,1987,103,94,104,103,0.924,0.56,0.095,Millennials,0.95,0.45,1.1288,1.2867000000000002,0.7591999999999999,1.0644,1.19,1.045,138.357016,126.39254100000001,78.95679999999999,109.6332,120.95084494999999,0.85,0.5296296296296297,1.0300740740740741,0.047665076231216415
26,2014,1988,103,94,104,103,0.932,0.58,0.11,Millennials,0.95,0.45,1.1283999999999998,1.2906,0.7556,1.0642,1.19,1.045,138.30798799999997,126.77563799999999,78.5824,109.6126,121.00851909999999,0.85,0.5314814814814814,1.0307037037037037,0.04765525331141421
26,2015,1989,103,94,104,103,0.9400000000000001,0.6,0.125,Millennials,0.95,0.45,1.128,1.2945,0.752,1.064,1.19,1.045,138.25895999999997,127.15873499999998,78.208,109.59200000000001,121.06619324999998,0.85,0.5333333333333333,1.0313333333333334,0.047452532130916235
26,2016,1990,103,94,104,103,0.9480000000000001,0.62,0.14,Millennials,0.95,0.45,1.1276,1.2984,0.7484,1.0638,1.19,1.045,138.20993199999998,127.54183199999999,77.83359999999999,109.57140000000001,121.12386739999998,0.85,0.5351851851851852,1.031962962962963,0.047442937535650744
26,2017,1991,103,94,104,103,0.9560000000000001,0.64,0.15500000000000003,Millennials,0.95,0.45,1.1272,1.3023,0.7447999999999999,1.0636,1.19,1.045,138.160904,127.92492899999999,77.4592,109.55080000000001,121.18154154999999,0.85,0.5370370370370371,1.0325925925925925,0.04724238665555081
26,2018,1992,103,94,104,103,0.964,0.66,0.16999999999999998,Millennials,0.95,0.45,1.1268,1.3061999999999998,0.7412000000000001,1.0634000000000001,1.19,1.045,138.111876,128.30802599999998,77.0848,109.53020000000001,121.23921569999999,0.85,0.538888888888889,1.033222222222222,0.0472416543469536
26,2019,1993,103,94,104,103,0.972,0.6799999999999999,0.185,Millennials,0.95,0.45,1.1263999999999998,1.3100999999999998,0.7376,1.0632,1.19,1.045,138.06284799999997,128.69112299999998,76.7104,109.50959999999999,121.29688984999997,0.85,0.5407407407407407,1.0338518518518518,0.048714002003427466
26,2020,1994,103,94,104,103,0.98,0.7,0.2,Millennials,0.95,0.45,1.126,1.314,0.7340000000000001,1.0630000000000002,1.19,1.045,138.01381999999998,129.07422,76.33600000000001,109.48900000000002,121.35456399999998,0.85,0.5425925925925926,1.0344814814814816,0.0487133202528886
26,2021,1995,103,94,104,103,0.98,0.7374999999999999,0.30000000000000004,Millennials,0.95,0.45,1.12225,1.324,0.7302500000000001,1.061125,1.19,1.045,137.5541825,130.05652,75.94600000000001,109.29587500000001,121.45002712499999,0.85,0.5444444444444445,1.035111111111111,0.05030509206760625
26,2022,1996,103,94,104,103,0.98,0.7749999999999999,0.4,Millennials,0.95,0.45,1.1185,1.334,0.7265,1.05925,1.19,1.045,137.09454499999998,131.03882,75.556,109.10275,121.54549024999997,0.85,0.5462962962962963,1.0357407407407409,0.05030445301889677
26,2023,1997,103,94,104,103,0.98,0.8125,0.6,Generation Z,1,0.55,1.11475,1.354,0.72275,1.0573750000000002,1.2,1.055,137.7831,134.27618,75.166,108.90962500000002,122.83209174999999,0.85,0.6481481481481483,1.0703703703703704,0.053683146835480665
26,2024,1998,103,94,104,103,0.98,0.85,0.8,Generation Z,1,0.55,1.111,1.374,0.7190000000000001,1.0555,1.2,1.055,137.31959999999998,136.25958,74.77600000000001,108.71650000000001,123.27658799999999,0.85,0.65,1.071,0.05368151972332214
28,1970,1942,102,96,102,102,0.05,0.1,0.01,Silent Generation,0.3,0.15,1,1.0159999999999998,0.98,0.9999999999999999,1.06,1.015,108.12,98.99903999999997,99.96,101.99999999999999,102.78566399999998,0.85,0.15,0.901,0.06277433289207832
28,1971,1943,102,96,102,102,0.05,0.10500000000000001,0.01,Silent Generation,0.3,0.15,0.9995,1.0159999999999998,0.9795,0.9997499999999999,1.06,1.015,108.06594000000001,98.99903999999997,99.909,101.97449999999999,102.75526799999997,0.85,0.15185185185185185,0.9016296296296297,0.06277462609592574
28,1972,1944,102,96,102,102,0.05,0.11,0.01,Silent Generation,0.3,0.15,0.999,1.0159999999999998,0.979,0.9994999999999999,1.06,1.015,108.01188,98.99903999999997,99.858,101.949,102.72487199999999,0.85,0.1537037037037037,0.9022592592592592,0.05893581195505966
28,1973,1945,102,96,102,102,0.05,0.115,0.01,Silent Generation,0.3,0.15,0.9985,1.0159999999999998,0.9785,0.9992499999999999,1.06,1.015,107.95782000000001,98.99903999999997,99.807,101.92349999999999,102.694476,0.85,0.15555555555555556,0.9028888888888889,0.05893616095388677
28,1974,1946,102,96,102,102,0.05,0.12000000000000001,0.01,Baby Boomers,0.5,0.25,0.998,1.0159999999999998,0.978,0.9989999999999999,1.1,1.025,111.97560000000001,99.97439999999996,99.756,101.89799999999998,104.43059999999998,0.85,0.2574074074074074,0.9375185185185184,0.05763000503149809
28,1975,1947,102,96,102,102,0.05,0.125,0.01,Baby Boomers,0.5,0.25,0.9975,1.0159999999999998,0.9775,0.9987499999999999,1.1,1.025,111.91950000000001,99.97439999999996,99.705,101.87249999999999,104.39948999999997,0.85,0.25925925925925924,0.9381481481481481,0.057628954169851844
28,1976,1948,102,96,102,102,0.05,0.13,0.01,Baby Boomers,0.5,0.25,0.997,1.0159999999999998,0.977,0.9984999999999999,1.1,1.025,111.86340000000001,99.97439999999996,99.654,101.847,104.36837999999999,0.85,0.2611111111111111,0.9387777777777777,0.055342673924292735
28,1977,1949,102,96,102,102,0.05,0.135,0.01,Baby Boomers,0.5,0.25,0.9965,1.0159999999999998,0.9765,0.9982499999999999,1.1,1.025,111.80730000000001,99.97439999999996,99.60300000000001,101.82149999999999,104.33726999999999,0.85,0.26296296296296295,0.9394074074074075,0.05534172928721668
28,1978,1950,102,96,102,102,0.05,0.14,0.01,Baby Boomers,0.5,0.25,0.996,1.0159999999999998,0.976,0.9979999999999999,1.1,1.025,111.75120000000001,99.97439999999996,99.55199999999999,101.79599999999999,104.30615999999998,0.85,0.26481481481481484,0.940037037037037,0.05323006520321214
28,1979,1951,102,96,102,102,0.05,0.14500000000000002,0.01,Baby Boomers,0.5,0.25,0.9955,1.0159999999999998,0.9755,0.9977499999999999,1.1,1.025,111.69510000000002,99.97439999999996,99.501,101.7705,104.27505,0.85,0.26666666666666666,0.9406666666666667,0.05322921382224234
28,1980,1952,102,96,102,102,0.05,0.15000000000000002,0.01,Baby Boomers,0.5,0.25,0.995,1.0159999999999998,0.975,0.9974999999999999,1.1,1.025,111.63900000000001,99.97439999999996,99.45,101.74499999999999,104.24393999999998,0.85,0.2685185185185185,0.9412962962962963,0.05127289526933653
28,1981,1953,102,96,102,102,0.065,0.15500000000000003,0.01,Baby Boomers,0.5,0.25,0.9974999999999999,1.0205,0.9715,0.9987499999999999,1.1,1.025,111.9195,100.41719999999998,99.093,101.87249999999999,104.46266999999999,0.85,0.27037037037037037,0.9419259259259258,0.05127212612394662
28,1982,1954,102,96,102,102,0.08,0.16000000000000003,0.01,Baby Boomers,0.5,0.25,1,1.025,0.968,1,1.1,1.025,112.2,100.85999999999999,98.73599999999999,102,104.6814,0.85,0.27222222222222225,0.9425555555555555,0.04945461753269088
28,1983,1955,102,96,102,102,0.095,0.165,0.01,Baby Boomers,0.5,0.25,1.0025,1.0294999999999999,0.9645,1.00125,1.1,1.025,112.4805,101.30279999999999,98.379,102.1275,104.90012999999999,0.85,0.2740740740740741,0.9431851851851852,0.04939176713370262
28,1984,1956,102,96,102,102,0.11,0.17,0.01,Baby Boomers,0.5,0.25,1.0050000000000001,1.0339999999999998,0.961,1.0025,1.1,1.025,112.76100000000001,101.74559999999997,98.02199999999999,102.255,105.11885999999998,0.85,0.2759259259259259,0.9438148148148149,0.04770301815234341
28,1985,1957,102,96,102,102,0.125,0.175,0.01,Baby Boomers,0.5,0.25,1.0074999999999998,1.0385,0.9575,1.00375,1.1,1.025,113.0415,102.18839999999999,97.665,102.3825,105.33758999999998,0.85,0.2777777777777778,0.9444444444444444,0.04764467164413354
28,1986,1958,102,96,102,102,0.14,0.18,0.01,Baby Boomers,0.5,0.25,1.01,1.043,0.954,1.0050000000000001,1.1,1.025,113.322,102.63119999999998,97.30799999999999,102.51,105.55632,0.85,0.2796296296296296,0.9450740740740741,0.04730740637056511
28,1987,1959,102,96,102,102,0.15500000000000003,0.185,0.01,Baby Boomers,0.5,0.25,1.0125,1.0474999999999999,0.9505,1.00625,1.1,1.025,113.6025,103.07399999999998,96.95100000000001,102.6375,105.77504999999998,0.85,0.2814814814814815,0.9457037037037037,0.04725018504811251
28,1988,1960,102,96,102,102,0.16999999999999998,0.19,0.01,Baby Boomers,0.5,0.25,1.0150000000000001,1.0519999999999998,0.947,1.0074999999999998,1.1,1.025,113.88300000000002,103.51679999999998,96.594,102.76499999999999,105.99377999999999,0.85,0.2833333333333333,0.9463333333333332,0.04691864020228396
28,1989,1961,102,96,102,102,0.185,0.195,0.01,Baby Boomers,0.5,0.25,1.0174999999999998,1.0565,0.9435,1.00875,1.1,1.025,114.16349999999998,103.9596,96.237,102.8925,106.21250999999998,0.85,0.2851851851851852,0.9469629629629629,0.046862513654792194
28,1990,1962,102,96,102,102,0.2,0.2,0.01,Baby Boomers,0.5,0.25,1.02,1.061,0.94,1.01,1.1,1.025,114.44400000000002,104.40239999999999,95.88,103.02,106.43124,0.85,0.28703703703703703,0.9475925925925924,0.04653654259953472
28,1991,1963,102,96,102,102,0.25,0.21500000000000002,0.01,Baby Boomers,0.5,0.25,1.0285,1.0759999999999998,0.9285,1.0142499999999999,1.1,1.025,115.3977,105.87839999999998,94.707,103.45349999999999,107.17070999999999,0.85,0.28888888888888886,0.9482222222222223,0.04645870760520442
28,1992,1964,102,96,102,102,0.30000000000000004,0.23,0.01,Baby Boomers,0.5,0.25,1.0370000000000001,1.091,0.9169999999999999,1.0185,1.1,1.025,116.35140000000003,107.35439999999998,93.53399999999999,103.887,107.91018000000001,0.85,0.29074074074074074,0.9488518518518518,0.046381235324255865
28,1993,1965,102,96,102,102,0.35,0.245,0.01,Generation X,0.8,0.35,1.0455,1.1059999999999999,0.9055000000000001,1.0227499999999998,1.1600000000000001,1.035,123.70356000000002,109.89215999999998,92.361,104.32049999999998,111.26072699999999,0.85,0.3925925925925926,0.9834814814814815,0.04796222843560122
28,1994,1966,102,96,102,102,0.4,0.26,0.01,Generation X,0.8,0.35,1.054,1.121,0.8939999999999999,1.0270000000000001,1.1600000000000001,1.035,124.70928000000002,111.38256,91.18799999999999,104.75400000000002,112.023444,0.85,0.39444444444444443,0.984111111111111,0.04788162852678982
28,1995,1967,102,96,102,102,0.45,0.275,0.01,Generation X,0.8,0.35,1.0625,1.136,0.8825000000000001,1.03125,1.1600000000000001,1.035,125.71500000000002,112.87295999999998,90.015,105.1875,112.786161,0.85,0.39629629629629626,0.9847407407407407,0.04780140160872176
28,1996,1968,102,96,102,102,0.5,0.29000000000000004,0.01,Generation X,0.8,0.35,1.0710000000000002,1.1509999999999998,0.871,1.0355,1.1600000000000001,1.035,126.72072000000004,114.36335999999997,88.842,105.62100000000001,113.548878,0.85,0.39814814814814814,0.9853703703703703,0.04772154509825024
28,1997,1969,102,96,102,102,0.55,0.30500000000000005,0.01,Generation X,0.8,0.35,1.0795000000000001,1.166,0.8595,1.03975,1.1600000000000001,1.035,127.72644000000003,115.85375999999998,87.66900000000001,106.05449999999999,114.311595,0.85,0.39999999999999997,0.9859999999999999,0.04764205643602627
28,1998,1970,102,96,102,102,0.6000000000000001,0.32,0.01,Generation X,0.8,0.35,1.088,1.1809999999999998,0.848,1.044,1.1600000000000001,1.035,128.73216000000002,117.34415999999996,86.496,106.488,115.07431199999999,0.85,0.40185185185185185,0.9866296296296297,0.047562933086225334
28,1999,1971,102,96,102,102,0.65,0.33499999999999996,0.01,Generation X,0.8,0.35,1.0964999999999998,1.196,0.8365,1.04825,1.1600000000000001,1.035,129.73788,118.83456,85.32300000000001,106.9215,115.83702899999999,0.85,0.4037037037037037,0.9872592592592593,0.04742942346631935
28,2000,1972,102,96,102,102,0.7,0.35,0.01,Generation X,0.8,0.35,1.105,1.2109999999999999,0.825,1.0525,1.1600000000000001,1.035,130.74360000000001,120.32495999999998,84.14999999999999,107.355,116.599746,0.85,0.40555555555555556,0.9878888888888889,0.047351238503038344
28,2001,1973,102,96,102,102,0.72,0.365,0.014,Generation X,0.8,0.35,1.1075,1.2174,0.8195,1.05375,1.1600000000000001,1.035,131.0394,120.960864,83.589,107.4825,116.86081739999997,0.85,0.4074074074074074,0.9885185185185185,0.047219214628933755
28,2002,1974,102,96,102,102,0.74,0.38,0.018000000000000002,Generation X,0.8,0.35,1.1099999999999999,1.2238,0.814,1.0550000000000002,1.1600000000000001,1.035,131.3352,121.596768,83.02799999999999,107.61000000000001,117.1218888,0.85,0.4092592592592592,0.9891481481481481,0.047164430033924766
28,2003,1975,102,96,102,102,0.76,0.39499999999999996,0.022,Generation X,0.8,0.35,1.1125,1.2302,0.8085,1.0562500000000001,1.1600000000000001,1.035,131.63100000000003,122.23267199999998,82.467,107.73750000000001,117.3829602,0.85,0.4111111111111111,0.9897777777777778,0.04703372827303639
28,2004,1976,102,96,102,102,0.7799999999999999,0.41,0.026000000000000002,Generation X,0.8,0.35,1.115,1.2366,0.8029999999999999,1.0575,1.1600000000000001,1.035,131.92680000000001,122.86857599999998,81.90599999999999,107.86500000000001,117.64403159999999,0.85,0.412962962962963,0.9904074074074073,0.04697955920977503
28,2005,1977,102,96,102,102,0.7999999999999999,0.425,0.03,Generation X,0.8,0.35,1.1175,1.2429999999999999,0.7975,1.05875,1.1600000000000001,1.035,132.22260000000003,123.50447999999997,81.345,107.9925,117.905103,0.85,0.4148148148148148,0.9910370370370369,0.04685015933046188
28,2006,1978,102,96,102,102,0.82,0.43999999999999995,0.034,Generation X,0.8,0.35,1.1199999999999999,1.2494,0.7919999999999999,1.06,1.1600000000000001,1.035,132.5184,124.140384,80.78399999999999,108.12,118.1661744,0.85,0.41666666666666663,0.9916666666666667,0.04679659603919903
28,2007,1979,102,96,102,102,0.84,0.45499999999999996,0.038000000000000006,Generation X,0.8,0.35,1.1224999999999998,1.2558,0.7865,1.06125,1.1600000000000001,1.035,132.8142,124.776288,80.223,108.2475,118.42724580000001,0.85,0.4185185185185185,0.9922962962962963,0.046646539986976855
28,2008,1980,102,96,102,102,0.86,0.47,0.042,Generation X,0.8,0.35,1.125,1.2622,0.7809999999999999,1.0625,1.1600000000000001,1.035,133.11,125.41219199999999,79.66199999999999,108.375,118.68831719999999,0.85,0.42037037037037034,0.9929259259259259,0.04659363654217481
28,2009,1981,102,96,102,102,0.8799999999999999,0.485,0.046,Millennials,0.95,0.45,1.1275,1.2686,0.7755000000000001,1.06375,1.19,1.045,136.85594999999998,127.26595199999998,79.10100000000001,108.5025,120.58319069999997,0.85,0.5222222222222223,1.0275555555555556,0.04803457159478102
28,2010,1982,102,96,102,102,0.8999999999999999,0.5,0.05,Millennials,0.95,0.45,1.13,1.275,0.77,1.0650000000000002,1.19,1.045,137.15939999999998,127.90799999999999,78.54,108.63000000000002,120.84908999999999,0.85,0.5240740740740741,1.028185185185185,0.04797952302190974
28,2011,1983,102,96,102,102,0.908,0.52,0.065,Millennials,0.95,0.45,1.1296,1.2789,0.7664,1.0648,1.19,1.045,137.110848,128.29924799999998,78.1728,108.6096,120.91089359999998,0.85,0.5259259259259259,1.0288148148148148,0.04782664090935699
28,2012,1984,102,96,102,102,0.916,0.54,0.08,Millennials,0.95,0.45,1.1292,1.2828,0.7627999999999999,1.0646000000000002,1.19,1.045,137.062296,128.690496,77.8056,108.58920000000002,120.9726972,0.85,0.5277777777777778,1.0294444444444446,0.047816640087530525
28,2013,1985,102,96,102,102,0.924,0.56,0.095,Millennials,0.95,0.45,1.1288,1.2867000000000002,0.7591999999999999,1.0644,1.19,1.045,137.013744,129.08174400000001,77.43839999999999,108.5688,121.0345008,0.85,0.5296296296296297,1.0300740740740741,0.047665076231216415
28,2014,1986,102,96,102,102,0.932,0.58,0.11,Millennials,0.95,0.45,1.1283999999999998,1.2906,0.7556,1.0642,1.19,1.045,136.96519199999997,129.47299199999998,77.0712,108.5484,121.09630439999998,0.85,0.5314814814814814,1.0307037037037037,0.04765525331141421
28,2015,1987,102,96,102,102,0.9400000000000001,0.6,0.125,Millennials,0.95,0.45,1.128,1.2945,0.752,1.064,1.19,1.045,136.91663999999997,129.86424,76.704,108.528,121.15810799999998,0.85,0.5333333333333333,1.0313333333333334,0.047452532130916235
28,2016,1988,102,96,102,102,0.9480000000000001,0.62,0.14,Millennials,0.95,0.45,1.1276,1.2984,0.7484,1.0638,1.19,1.045,136.86808799999997,130.25548799999999,76.3368,108.50760000000001,121.21991159999997,0.85,0.5351851851851852,1.031962962962963,0.047442937535650744
28,2017,1989,102,96,102,102,0.9560000000000001,0.64,0.15500000000000003,Millennials,0.95,0.45,1.1272,1.3023,0.7447999999999999,1.0636,1.19,1.045,136.819536,130.646736,75.96959999999999,108.48720000000002,121.28171520000001,0.85,0.5370370370370371,1.0325925925925925,0.04724238665555081
28,2018,1990,102,96,102,102,0.964,0.66,0.16999999999999998,Millennials,0.95,0.45,1.1268,1.3061999999999998,0.7412000000000001,1.0634000000000001,1.19,1.045,136.770984,131.03798399999997,75.6024,108.4668,121.34351879999998,0.85,0.538888888888889,1.033222222222222,0.0472416543469536
28,2019,1991,102,96,102,102,0.972,0.6799999999999999,0.185,Millennials,0.95,0.45,1.1263999999999998,1.3100999999999998,0.7376,1.0632,1.19,1.045,136.72243199999997,131.42923199999998,75.2352,108.4464,121.40532239999997,0.85,0.5407407407407407,1.0338518518518518,0.048714002003427466
28,2020,1992,102,96,102,102,0.98,0.7,0.2,Millennials,0.95,0.45,1.126,1.314,0.7340000000000001,1.0630000000000002,1.19,1.045,136.67387999999997,131.82048,74.86800000000001,108.42600000000002,121.46712599999998,0.85,0.5425925925925926,1.0344814814814816,0.0487133202528886
28,2021,1993,102,96,102,102,0.98,0.7374999999999999,0.30000000000000004,Millennials,0.95,0.45,1.12225,1.324,0.7302500000000001,1.061125,1.19,1.045,136.218705,132.82368,74.4855,108.23475,121.57287225,0.85,0.5444444444444445,1.035111111111111,0.05030509206760625
28,2022,1994,102,96,102,102,0.98,0.7749999999999999,0.4,Millennials,0.95,0.45,1.1185,1.334,0.7265,1.05925,1.19,1.045,135.76353,133.82688000000002,74.10300000000001,108.04350000000001,121.6786185,0.85,0.5462962962962963,1.0357407407407409,0.05030445301889677
28,2023,1995,102,96,102,102,0.98,0.8125,0.6,Millennials,0.95,0.45,1.11475,1.354,0.72275,1.0573750000000002,1.19,1.045,135.30835499999998,135.83328,73.7205,107.85225000000001,122.13548474999999,0.85,0.5481481481481482,1.0363703703703704,0.05197791746541245
28,2024,1996,102,96,102,102,0.98,0.85,0.8,Millennials,0.95,0.45,1.111,1.374,0.7190000000000001,1.0555,1.19,1.045,134.85318,137.83968,73.33800000000001,107.66100000000002,122.592351,0.85,0.55,1.037,0.05197734449401033
30,1970,1940,101,98,100,101,0.05,0.1,0.01,Silent Generation,0.3,0.15,1,1.0159999999999998,0.98,0.9999999999999999,1.06,1.015,107.06,101.06151999999997,98,100.99999999999999,102.69253199999997,0.85,0.15,0.901,0.06277433289207832
30,1971,1941,101,98,100,101,0.05,0.10500000000000001,0.01,Silent Generation,0.3,0.15,0.9995,1.0159999999999998,0.9795,0.9997499999999999,1.06,1.015,107.00647000000001,101.06151999999997,97.95,100.97474999999999,102.66250899999997,0.85,0.15185185185185185,0.9016296296296297,0.06277462609592574
30,1972,1942,101,98,100,101,0.05,0.11,0.01,Silent Generation,0.3,0.15,0.999,1.0159999999999998,0.979,0.9994999999999999,1.06,1.015,106.95294000000001,101.06151999999997,97.89999999999999,100.9495,102.632486,0.85,0.1537037037037037,0.9022592592592592,0.05893581195505966
30,1973,1943,101,98,100,101,0.05,0.115,0.01,Silent Generation,0.3,0.15,0.9985,1.0159999999999998,0.9785,0.9992499999999999,1.06,1.015,106.89941,101.06151999999997,97.85000000000001,100.92424999999999,102.60246299999999,0.85,0.15555555555555556,0.9028888888888889,0.05893616095388677
30,1974,1944,101,98,100,101,0.05,0.12000000000000001,0.01,Silent Generation,0.3,0.15,0.998,1.0159999999999998,0.978,0.9989999999999999,1.06,1.015,106.84588000000001,101.06151999999997,97.8,100.89899999999999,102.57243999999999,0.85,0.1574074074074074,0.9035185185185184,0.0555399981331093
30,1975,1945,101,98,100,101,0.05,0.125,0.01,Silent Generation,0.3,0.15,0.9975,1.0159999999999998,0.9775,0.9987499999999999,1.06,1.015,106.79235000000001,101.06151999999997,97.75,100.87374999999999,102.54241699999999,0.85,0.15925925925925927,0.904148148148148,0.05554038804557533
30,1976,1946,101,98,100,101,0.05,0.13,0.01,Baby Boomers,0.5,0.25,0.997,1.0159999999999998,0.977,0.9984999999999999,1.1,1.025,110.76670000000001,102.05719999999998,97.7,100.8485,104.27063999999999,0.85,0.2611111111111111,0.9387777777777777,0.055342673924292735
30,1977,1947,101,98,100,101,0.05,0.135,0.01,Baby Boomers,0.5,0.25,0.9965,1.0159999999999998,0.9765,0.9982499999999999,1.1,1.025,110.71115000000002,102.05719999999998,97.65,100.82324999999999,104.23991,0.85,0.26296296296296295,0.9394074074074075,0.05534172928721668
30,1978,1948,101,98,100,101,0.05,0.14,0.01,Baby Boomers,0.5,0.25,0.996,1.0159999999999998,0.976,0.9979999999999999,1.1,1.025,110.6556,102.05719999999998,97.6,100.79799999999999,104.20917999999999,0.85,0.26481481481481484,0.940037037037037,0.05323006520321214
30,1979,1949,101,98,100,101,0.05,0.14500000000000002,0.01,Baby Boomers,0.5,0.25,0.9955,1.0159999999999998,0.9755,0.9977499999999999,1.1,1.025,110.60005000000001,102.05719999999998,97.55,100.77274999999999,104.17844999999998,0.85,0.26666666666666666,0.9406666666666667,0.05322921382224234
30,1980,1950,101,98,100,101,0.05,0.15000000000000002,0.01,Baby Boomers,0.5,0.25,0.995,1.0159999999999998,0.975,0.9974999999999999,1.1,1.025,110.54450000000001,102.05719999999998,97.5,100.74749999999999,104.14771999999999,0.85,0.2685185185185185,0.9412962962962963,0.05127289526933653
30,1981,1951,101,98,100,101,0.065,0.15500000000000003,0.01,Baby Boomers,0.5,0.25,0.9974999999999999,1.0205,0.9715,0.9987499999999999,1.1,1.025,110.82225,102.50922499999999,97.15,100.87374999999999,104.36957874999999,0.85,0.27037037037037037,0.9419259259259258,0.05127212612394662
30,1982,1952,101,98,100,101,0.08,0.16000000000000003,0.01,Baby Boomers,0.5,0.25,1,1.025,0.968,1,1.1,1.025,111.10000000000001,102.96124999999998,96.8,101,104.59143749999998,0.85,0.27222222222222225,0.9425555555555555,0.04945461753269088
30,1983,1953,101,98,100,101,0.095,0.165,0.01,Baby Boomers,0.5,0.25,1.0025,1.0294999999999999,0.9645,1.00125,1.1,1.025,111.37775,103.41327499999998,96.45,101.12625,104.81329625,0.85,0.2740740740740741,0.9431851851851852,0.04939176713370262
30,1984,1954,101,98,100,101,0.11,0.17,0.01,Baby Boomers,0.5,0.25,1.0050000000000001,1.0339999999999998,0.961,1.0025,1.1,1.025,111.65550000000002,103.86529999999998,96.1,101.2525,105.03515499999997,0.85,0.2759259259259259,0.9438148148148149,0.04770301815234341
30,1985,1955,101,98,100,101,0.125,0.175,0.01,Baby Boomers,0.5,0.25,1.0074999999999998,1.0385,0.9575,1.00375,1.1,1.025,111.93324999999999,104.31732499999998,95.75,101.37875,105.25701374999997,0.85,0.2777777777777778,0.9444444444444444,0.04764467164413354
30,1986,1956,101,98,100,101,0.14,0.18,0.01,Baby Boomers,0.5,0.25,1.01,1.043,0.954,1.0050000000000001,1.1,1.025,112.21100000000001,104.76934999999999,95.39999999999999,101.50500000000001,105.4788725,0.85,0.2796296296296296,0.9450740740740741,0.04730740637056511
30,1987,1957,101,98,100,101,0.15500000000000003,0.185,0.01,Baby Boomers,0.5,0.25,1.0125,1.0474999999999999,0.9505,1.00625,1.1,1.025,112.48875,105.22137499999998,95.05,101.63125000000001,105.70073124999998,0.85,0.2814814814814815,0.9457037037037037,0.04725018504811251
30,1988,1958,101,98,100,101,0.16999999999999998,0.19,0.01,Baby Boomers,0.5,0.25,1.0150000000000001,1.0519999999999998,0.947,1.0074999999999998,1.1,1.025,112.76650000000002,105.67339999999999,94.69999999999999,101.75749999999998,105.92258999999999,0.85,0.2833333333333333,0.9463333333333332,0.04691864020228396
30,1989,1959,101,98,100,101,0.185,0.195,0.01,Baby Boomers,0.5,0.25,1.0174999999999998,1.0565,0.9435,1.00875,1.1,1.025,113.04424999999999,106.12542499999999,94.35,101.88375,106.14444875,0.85,0.2851851851851852,0.9469629629629629,0.046862513654792194
30,1990,1960,101,98,100,101,0.2,0.2,0.01,Baby Boomers,0.5,0.25,1.02,1.061,0.94,1.01,1.1,1.025,113.322,106.57744999999998,94,102.01,106.36630749999999,0.85,0.28703703703703703,0.9475925925925924,0.04653654259953472
30,1991,1961,101,98,100,101,0.25,0.21500000000000002,0.01,Baby Boomers,0.5,0.25,1.0285,1.0759999999999998,0.9285,1.0142499999999999,1.1,1.025,114.26635000000002,108.08419999999997,92.85,102.43924999999999,107.11607999999998,0.85,0.28888888888888886,0.9482222222222223,0.04645870760520442
30,1992,1962,101,98,100,101,0.30000000000000004,0.23,0.01,Baby Boomers,0.5,0.25,1.0370000000000001,1.091,0.9169999999999999,1.0185,1.1,1.025,115.21070000000002,109.59094999999998,91.69999999999999,102.8685,107.86585249999999,0.85,0.29074074074074074,0.9488518518518518,0.046381235324255865
30,1993,1963,101,98,100,101,0.35,0.245,0.01,Baby Boomers,0.5,0.25,1.0455,1.1059999999999999,0.9055000000000001,1.0227499999999998,1.1,1.025,116.15505000000003,111.09769999999997,90.55000000000001,103.29774999999998,108.615625,0.85,0.2925925925925926,0.9494814814814815,0.04630412322720015
30,1994,1964,101,98,100,101,0.4,0.26,0.01,Baby Boomers,0.5,0.25,1.054,1.121,0.8939999999999999,1.0270000000000001,1.1,1.025,117.09940000000002,112.60445,89.39999999999999,103.72700000000002,109.3653975,0.85,0.29444444444444445,0.950111111111111,0.04622736880801397
30,1995,1965,101,98,100,101,0.45,0.275,0.01,Generation X,0.8,0.35,1.0625,1.136,0.8825000000000001,1.03125,1.1600000000000001,1.035,124.48250000000002,115.22447999999999,88.25,104.15625,112.75838049999999,0.85,0.39629629629629626,0.9847407407407407,0.04780140160872176
30,1996,1966,101,98,100,101,0.5,0.29000000000000004,0.01,Generation X,0.8,0.35,1.0710000000000002,1.1509999999999998,0.871,1.0355,1.1600000000000001,1.035,125.47836000000004,116.74592999999996,87.1,104.58550000000001,113.5313265,0.85,0.39814814814814814,0.9853703703703703,0.04772154509825024
30,1997,1967,101,98,100,101,0.55,0.30500000000000005,0.01,Generation X,0.8,0.35,1.0795000000000001,1.166,0.8595,1.03975,1.1600000000000001,1.035,126.47422000000003,118.26737999999997,85.95,105.01474999999999,114.3042725,0.85,0.39999999999999997,0.9859999999999999,0.04764205643602627
30,1998,1968,101,98,100,101,0.6000000000000001,0.32,0.01,Generation X,0.8,0.35,1.088,1.1809999999999998,0.848,1.044,1.1600000000000001,1.035,127.47008000000002,119.78882999999998,84.8,105.444,115.07721849999999,0.85,0.40185185185185185,0.9866296296296297,0.047562933086225334
30,1999,1969,101,98,100,101,0.65,0.33499999999999996,0.01,Generation X,0.8,0.35,1.0964999999999998,1.196,0.8365,1.04825,1.1600000000000001,1.035,128.46594,121.31027999999999,83.65,105.87324999999998,115.85016449999998,0.85,0.4037037037037037,0.9872592592592593,0.04742942346631935
30,2000,1970,101,98,100,101,0.7,0.35,0.01,Generation X,0.8,0.35,1.105,1.2109999999999999,0.825,1.0525,1.1600000000000001,1.035,129.4618,122.83172999999998,82.5,106.3025,116.62311049999998,0.85,0.40555555555555556,0.9878888888888889,0.047351238503038344
30,2001,1971,101,98,100,101,0.72,0.365,0.014,Generation X,0.8,0.35,1.1075,1.2174,0.8195,1.05375,1.1600000000000001,1.035,129.7547,123.480882,81.95,106.42875,116.88926620000001,0.85,0.4074074074074074,0.9885185185185185,0.047219214628933755
30,2002,1972,101,98,100,101,0.74,0.38,0.018000000000000002,Generation X,0.8,0.35,1.1099999999999999,1.2238,0.814,1.0550000000000002,1.1600000000000001,1.035,130.0476,124.130034,81.39999999999999,106.55500000000002,117.15542189999998,0.85,0.4092592592592592,0.9891481481481481,0.047164430033924766
30,2003,1973,101,98,100,101,0.76,0.39499999999999996,0.022,Generation X,0.8,0.35,1.1125,1.2302,0.8085,1.0562500000000001,1.1600000000000001,1.035,130.34050000000002,124.77918599999998,80.85,106.68125000000002,117.42157759999999,0.85,0.4111111111111111,0.9897777777777778,0.04703372827303639
30,2004,1974,101,98,100,101,0.7799999999999999,0.41,0.026000000000000002,Generation X,0.8,0.35,1.115,1.2366,0.8029999999999999,1.0575,1.1600000000000001,1.035,130.63340000000002,125.42833799999998,80.3,106.8075,117.68773329999999,0.85,0.412962962962963,0.9904074074074073,0.04697955920977503
30,2005,1975,101,98,100,101,0.7999999999999999,0.425,0.03,Generation X,0.8,0.35,1.1175,1.2429999999999999,0.7975,1.05875,1.1600000000000001,1.035,130.9263,126.07748999999998,79.75,106.93375,117.953889,0.85,0.4148148148148148,0.9910370370370369,0.04685015933046188
30,2006,1976,101,98,100,101,0.82,0.43999999999999995,0.034,Generation X,0.8,0.35,1.1199999999999999,1.2494,0.7919999999999999,1.06,1.1600000000000001,1.035,131.2192,126.726642,79.19999999999999,107.06,118.22004469999999,0.85,0.41666666666666663,0.9916666666666667,0.04679659603919903
30,2007,1977,101,98,100,101,0.84,0.45499999999999996,0.038000000000000006,Generation X,0.8,0.35,1.1224999999999998,1.2558,0.7865,1.06125,1.1600000000000001,1.035,131.5121,127.37579399999998,78.64999999999999,107.18625,118.4862004,0.85,0.4185185185185185,0.9922962962962963,0.046646539986976855
30,2008,1978,101,98,100,101,0.86,0.47,0.042,Generation X,0.8,0.35,1.125,1.2622,0.7809999999999999,1.0625,1.1600000000000001,1.035,131.805,128.024946,78.1,107.3125,118.7523561,0.85,0.42037037037037034,0.9929259259259259,0.04659363654217481
30,2009,1979,101,98,100,101,0.8799999999999999,0.485,0.046,Generation X,0.8,0.35,1.1275,1.2686,0.7755000000000001,1.06375,1.1600000000000001,1.035,132.0979,128.674098,77.55000000000001,107.43875,119.01851180000001,0.85,0.4222222222222222,0.9935555555555555,0.04644519238760077
30,2010,1980,101,98,100,101,0.8999999999999999,0.5,0.05,Generation X,0.8,0.35,1.13,1.275,0.77,1.0650000000000002,1.1600000000000001,1.035,132.3908,129.32324999999997,77,107.56500000000001,119.28466749999998,0.85,0.42407407407407405,0.9941851851851851,0.04639293744739466
30,2011,1981,101,98,100,101,0.908,0.52,0.065,Millennials,0.95,0.45,1.1296,1.2789,0.7664,1.0648,1.19,1.045,135.76662399999998,130.97214899999997,76.64,107.5448,120.98629054999998,0.85,0.5259259259259259,1.0288148148148148,0.04782664090935699
30,2012,1982,101,98,100,101,0.916,0.54,0.08,Millennials,0.95,0.45,1.1292,1.2828,0.7627999999999999,1.0646000000000002,1.19,1.045,135.718548,131.371548,76.27999999999999,107.52460000000002,121.05222359999999,0.85,0.5277777777777778,1.0294444444444446,0.047816640087530525
30,2013,1983,101,98,100,101,0.924,0.56,0.095,Millennials,0.95,0.45,1.1288,1.2867000000000002,0.7591999999999999,1.0644,1.19,1.045,135.670472,131.770947,75.91999999999999,107.5044,121.11815664999999,0.85,0.5296296296296297,1.0300740740740741,0.047665076231216415
30,2014,1984,101,98,100,101,0.932,0.58,0.11,Millennials,0.95,0.45,1.1283999999999998,1.2906,0.7556,1.0642,1.19,1.045,135.62239599999998,132.170346,75.56,107.4842,121.1840897,0.85,0.5314814814814814,1.0307037037037037,0.04765525331141421
30,2015,1985,101,98,100,101,0.9400000000000001,0.6,0.125,Millennials,0.95,0.45,1.128,1.2945,0.752,1.064,1.19,1.045,135.57431999999997,132.56974499999998,75.2,107.464,121.25002274999997,0.85,0.5333333333333333,1.0313333333333334,0.047452532130916235
30,2016,1986,101,98,100,101,0.9480000000000001,0.62,0.14,Millennials,0.95,0.45,1.1276,1.2984,0.7484,1.0638,1.19,1.045,135.526244,132.969144,74.83999999999999,107.44380000000001,121.31595579999998,0.85,0.5351851851851852,1.031962962962963,0.047442937535650744
30,2017,1987,101,98,100,101,0.9560000000000001,0.64,0.15500000000000003,Millennials,0.95,0.45,1.1272,1.3023,0.7447999999999999,1.0636,1.19,1.045,135.47816799999998,133.368543,74.47999999999999,107.42360000000001,121.38188884999998,0.85,0.5370370370370371,1.0325925925925925,0.04724238665555081
30,2018,1988,101,98,100,101,0.964,0.66,0.16999999999999998,Millennials,0.95,0.45,1.1268,1.3061999999999998,0.7412000000000001,1.0634000000000001,1.19,1.045,135.430092,133.76794199999995,74.12,107.40340000000002,121.44782189999998,0.85,0.538888888888889,1.033222222222222,0.0472416543469536
30,2019,1989,101,98,100,101,0.972,0.6799999999999999,0.185,Millennials,0.95,0.45,1.1263999999999998,1.3100999999999998,0.7376,1.0632,1.19,1.045,135.382016,134.16734099999996,73.76,107.38319999999999,121.51375494999998,0.85,0.5407407407407407,1.0338518518518518,0.048714002003427466
30,2020,1990,101,98,100,101,0.98,0.7,0.2,Millennials,0.95,0.45,1.126,1.314,0.7340000000000001,1.0630000000000002,1.19,1.045,135.33393999999998,134.56673999999998,73.4,107.36300000000001,121.57968799999998,0.85,0.5425925925925926,1.0344814814814816,0.0487133202528886
30,2021,1991,101,98,100,101,0.98,0.7374999999999999,0.30000000000000004,Millennials,0.95,0.45,1.12225,1.324,0.7302500000000001,1.061125,1.19,1.045,134.8832275,135.59084000000001,73.025,107.17362500000002,121.695717375,0.85,0.5444444444444445,1.035111111111111,0.05030509206760625
30,2022,1992,101,98,100,101,0.98,0.7749999999999999,0.4,Millennials,0.95,0.45,1.1185,1.334,0.7265,1.05925,1.19,1.045,134.432515,136.61494,72.65,106.98425,121.81174675,0.85,0.5462962962962963,1.0357407407407409,0.05030445301889677
30,2023,1993,101,98,100,101,0.98,0.8125,0.6,Millennials,0.95,0.45,1.11475,1.354,0.72275,1.0573750000000002,1.19,1.045,133.9818025,138.66314,72.275,106.79487500000002,122.286211125,0.85,0.5481481481481482,1.0363703703703704,0.05197791746541245
30,2024,1994,101,98,100,101,0.98,0.85,0.8,Millennials,0.95,0.45,1.111,1.374,0.7190000000000001,1.0555,1.19,1.045,133.53109,140.71134,71.9,106.6055,122.76067549999999,0.85,0.55,1.037,0.05197734449401033
32,1970,1938,100,100,98,100,0.05,0.1,0.01,Silent Generation,0.3,0.15,1,1.0159999999999998,0.98,0.9999999999999999,1.06,1.015,106,103.12399999999997,96.03999999999999,99.99999999999999,102.59939999999997,0.85,0.15,0.901,0.06277433289207832
32,1971,1939,100,100,98,100,0.05,0.10500000000000001,0.01,Silent Generation,0.3,0.15,0.9995,1.0159999999999998,0.9795,0.9997499999999999,1.06,1.015,105.947,103.12399999999997,95.991,99.975,102.56975,0.85,0.15185185185185185,0.9016296296296297,0.06277462609592574
32,1972,1940,100,100,98,100,0.05,0.11,0.01,Silent Generation,0.3,0.15,0.999,1.0159999999999998,0.979,0.9994999999999999,1.06,1.015,105.894,103.12399999999997,95.942,99.94999999999999,102.54009999999998,0.85,0.1537037037037037,0.9022592592592592,0.05893581195505966
32,1973,1941,100,100,98,100,0.05,0.115,0.01,Silent Generation,0.3,0.15,0.9985,1.0159999999999998,0.9785,0.9992499999999999,1.06,1.015,105.84100000000001,103.12399999999997,95.893,99.92499999999998,102.51044999999998,0.85,0.15555555555555556,0.9028888888888889,0.05893616095388677
32,1974,1942,100,100,98,100,0.05,0.12000000000000001,0.01,Silent Generation,0.3,0.15,0.998,1.0159999999999998,0.978,0.9989999999999999,1.06,1.015,105.788,103.12399999999997,95.844,99.89999999999999,102.48079999999997,0.85,0.1574074074074074,0.9035185185185184,0.0555399981331093
32,1975,1943,100,100,98,100,0.05,0.125,0.01,Silent Generation,0.3,0.15,0.9975,1.0159999999999998,0.9775,0.9987499999999999,1.06,1.015,105.735,103.12399999999997,95.795,99.87499999999999,102.45114999999998,0.85,0.15925925925925927,0.904148148148148,0.05554038804557533
32,1976,1944,100,100,98,100,0.05,0.13,0.01,Silent Generation,0.3,0.15,0.997,1.0159999999999998,0.977,0.9984999999999999,1.06,1.015,105.682,103.12399999999997,95.746,99.85,102.42149999999998,0.85,0.1611111111111111,0.9047777777777778,0.05333831148840286
32,1977,1945,100,100,98,100,0.05,0.135,0.01,Silent Generation,0.3,0.15,0.9965,1.0159999999999998,0.9765,0.9982499999999999,1.06,1.015,105.629,103.12399999999997,95.697,99.82499999999999,102.39184999999999,0.85,0.16296296296296295,0.9054074074074074,0.05333874444706272
32,1978,1946,100,100,98,100,0.05,0.14,0.01,Baby Boomers,0.5,0.25,0.996,1.0159999999999998,0.976,0.9979999999999999,1.1,1.025,109.56,104.13999999999997,95.648,99.79999999999998,104.11219999999999,0.85,0.26481481481481484,0.940037037037037,0.05323006520321214
32,1979,1947,100,100,98,100,0.05,0.14500000000000002,0.01,Baby Boomers,0.5,0.25,0.9955,1.0159999999999998,0.9755,0.9977499999999999,1.1,1.025,109.50500000000002,104.13999999999997,95.599,99.77499999999999,104.08184999999999,0.85,0.26666666666666666,0.9406666666666667,0.05322921382224234
32,1980,1948,100,100,98,100,0.05,0.15000000000000002,0.01,Baby Boomers,0.5,0.25,0.995,1.0159999999999998,0.975,0.9974999999999999,1.1,1.025,109.45,104.13999999999997,95.55,99.75,104.05149999999998,0.85,0.2685185185185185,0.9412962962962963,0.05127289526933653
32,1981,1949,100,100,98,100,0.065,0.15500000000000003,0.01,Baby Boomers,0.5,0.25,0.9974999999999999,1.0205,0.9715,0.9987499999999999,1.1,1.025,109.72500000000001,104.60125,95.20700000000001,99.87499999999999,104.27648749999999,0.85,0.27037037037037037,0.9419259259259258,0.05127212612394662
32,1982,1950,100,100,98,100,0.08,0.16000000000000003,0.01,Baby Boomers,0.5,0.25,1,1.025,0.968,1,1.1,1.025,110.00000000000001,105.06249999999997,94.864,100,104.501475,0.85,0.27222222222222225,0.9425555555555555,0.04945461753269088
32,1983,1951,100,100,98,100,0.095,0.165,0.01,Baby Boomers,0.5,0.25,1.0025,1.0294999999999999,0.9645,1.00125,1.1,1.025,110.275,105.52374999999998,94.521,100.125,104.7264625,0.85,0.2740740740740741,0.9431851851851852,0.04939176713370262
32,1984,1952,100,100,98,100,0.11,0.17,0.01,Baby Boomers,0.5,0.25,1.0050000000000001,1.0339999999999998,0.961,1.0025,1.1,1.025,110.55000000000003,105.98499999999997,94.178,100.25,104.95145,0.85,0.2759259259259259,0.9438148148148149,0.04770301815234341
32,1985,1953,100,100,98,100,0.125,0.175,0.01,Baby Boomers,0.5,0.25,1.0074999999999998,1.0385,0.9575,1.00375,1.1,1.025,110.82499999999999,106.44624999999999,93.83500000000001,100.37499999999999,105.17643749999998,0.85,0.2777777777777778,0.9444444444444444,0.04764467164413354
32,1986,1954,100,100,98,100,0.14,0.18,0.01,Baby Boomers,0.5,0.25,1.01,1.043,0.954,1.0050000000000001,1.1,1.025,111.10000000000001,106.90749999999998,93.49199999999999,100.50000000000001,105.40142499999999,0.85,0.2796296296296296,0.9450740740740741,0.04730740637056511
32,1987,1955,100,100,98,100,0.15500000000000003,0.185,0.01,Baby Boomers,0.5,0.25,1.0125,1.0474999999999999,0.9505,1.00625,1.1,1.025,111.37500000000001,107.36874999999998,93.149,100.62500000000001,105.6264125,0.85,0.2814814814814815,0.9457037037037037,0.04725018504811251
32,1988,1956,100,100,98,100,0.16999999999999998,0.19,0.01,Baby Boomers,0.5,0.25,1.0150000000000001,1.0519999999999998,0.947,1.0074999999999998,1.1,1.025,111.65000000000002,107.82999999999998,92.806,100.74999999999999,105.8514,0.85,0.2833333333333333,0.9463333333333332,0.04691864020228396
32,1989,1957,100,100,98,100,0.185,0.195,0.01,Baby Boomers,0.5,0.25,1.0174999999999998,1.0565,0.9435,1.00875,1.1,1.025,111.925,108.29124999999999,92.463,100.875,106.07638749999998,0.85,0.2851851851851852,0.9469629629629629,0.046862513654792194
32,1990,1958,100,100,98,100,0.2,0.2,0.01,Baby Boomers,0.5,0.25,1.02,1.061,0.94,1.01,1.1,1.025,112.2,108.75249999999998,92.11999999999999,101,106.30137499999998,0.85,0.28703703703703703,0.9475925925925924,0.04653654259953472
32,1991,1959,100,100,98,100,0.25,0.21500000000000002,0.01,Baby Boomers,0.5,0.25,1.0285,1.0759999999999998,0.9285,1.0142499999999999,1.1,1.025,113.135,110.28999999999996,90.993,101.42499999999998,107.06144999999998,0.85,0.28888888888888886,0.9482222222222223,0.04645870760520442
32,1992,1960,100,100,98,100,0.30000000000000004,0.23,0.01,Baby Boomers,0.5,0.25,1.0370000000000001,1.091,0.9169999999999999,1.0185,1.1,1.025,114.07000000000002,111.82749999999999,89.866,101.85,107.821525,0.85,0.29074074074074074,0.9488518518518518,0.046381235324255865
32,1993,1961,100,100,98,100,0.35,0.245,0.01,Baby Boomers,0.5,0.25,1.0455,1.1059999999999999,0.9055000000000001,1.0227499999999998,1.1,1.025,115.00500000000002,113.36499999999998,88.739,102.27499999999998,108.58159999999998,0.85,0.2925925925925926,0.9494814814814815,0.04630412322720015
32,1994,1962,100,100,98,100,0.4,0.26,0.01,Baby Boomers,0.5,0.25,1.054,1.121,0.8939999999999999,1.0270000000000001,1.1,1.025,115.94000000000001,114.90249999999999,87.612,102.70000000000002,109.341675,0.85,0.29444444444444445,0.950111111111111,0.04622736880801397
32,1995,1963,100,100,98,100,0.45,0.275,0.01,Baby Boomers,0.5,0.25,1.0625,1.136,0.8825000000000001,1.03125,1.1,1.025,116.87500000000001,116.43999999999998,86.485,103.125,110.10175,0.85,0.2962962962962963,0.9507407407407407,0.0461509695838682
32,1996,1964,100,100,98,100,0.5,0.29000000000000004,0.01,Baby Boomers,0.5,0.25,1.0710000000000002,1.1509999999999998,0.871,1.0355,1.1,1.025,117.81000000000003,117.97749999999996,85.358,103.55000000000001,110.861825,0.85,0.29814814814814816,0.9513703703703703,0.04607492309486013
32,1997,1965,100,100,98,100,0.55,0.30500000000000005,0.01,Generation X,0.8,0.35,1.0795000000000001,1.166,0.8595,1.03975,1.1600000000000001,1.035,125.22200000000004,120.68099999999998,84.23100000000001,103.975,114.29694999999998,0.85,0.39999999999999997,0.9859999999999999,0.04764205643602627
32,1998,1966,100,100,98,100,0.6000000000000001,0.32,0.01,Generation X,0.8,0.35,1.088,1.1809999999999998,0.848,1.044,1.1600000000000001,1.035,126.20800000000003,122.23349999999996,83.104,104.4,115.08012499999998,0.85,0.40185185185185185,0.9866296296296297,0.047562933086225334
32,1999,1967,100,100,98,100,0.65,0.33499999999999996,0.01,Generation X,0.8,0.35,1.0964999999999998,1.196,0.8365,1.04825,1.1600000000000001,1.035,127.19399999999999,123.78599999999999,81.977,104.82499999999999,115.86329999999998,0.85,0.4037037037037037,0.9872592592592593,0.04742942346631935
32,2000,1968,100,100,98,100,0.7,0.35,0.01,Generation X,0.8,0.35,1.105,1.2109999999999999,0.825,1.0525,1.1600000000000001,1.035,128.18,125.33849999999997,80.85,105.25,116.64647499999998,0.85,0.40555555555555556,0.9878888888888889,0.047351238503038344
32,2001,1969,100,100,98,100,0.72,0.365,0.014,Generation X,0.8,0.35,1.1075,1.2174,0.8195,1.05375,1.1600000000000001,1.035,128.47000000000003,126.0009,80.311,105.375,116.91771500000002,0.85,0.4074074074074074,0.9885185185185185,0.047219214628933755
32,2002,1970,100,100,98,100,0.74,0.38,0.018000000000000002,Generation X,0.8,0.35,1.1099999999999999,1.2238,0.814,1.0550000000000002,1.1600000000000001,1.035,128.76,126.66329999999999,79.77199999999999,105.50000000000001,117.18895499999999,0.85,0.4092592592592592,0.9891481481481481,0.047164430033924766
32,2003,1971,100,100,98,100,0.76,0.39499999999999996,0.022,Generation X,0.8,0.35,1.1125,1.2302,0.8085,1.0562500000000001,1.1600000000000001,1.035,129.05,127.32569999999998,79.233,105.62500000000001,117.460195,0.85,0.4111111111111111,0.9897777777777778,0.04703372827303639
32,2004,1972,100,100,98,100,0.7799999999999999,0.41,0.026000000000000002,Generation X,0.8,0.35,1.115,1.2366,0.8029999999999999,1.0575,1.1600000000000001,1.035,129.34,127.98809999999999,78.69399999999999,105.75000000000001,117.73143499999999,0.85,0.412962962962963,0.9904074074074073,0.04697955920977503
32,2005,1973,100,100,98,100,0.7999999999999999,0.425,0.03,Generation X,0.8,0.35,1.1175,1.2429999999999999,0.7975,1.05875,1.1600000000000001,1.035,129.63000000000002,128.65049999999997,78.155,105.87500000000001,118.00267499999998,0.85,0.4148148148148148,0.9910370370370369,0.04685015933046188
32,2006,1974,100,100,98,100,0.82,0.43999999999999995,0.034,Generation X,0.8,0.35,1.1199999999999999,1.2494,0.7919999999999999,1.06,1.1600000000000001,1.035,129.92,129.3129,77.616,106,118.27391499999999,0.85,0.41666666666666663,0.9916666666666667,0.04679659603919903
32,2007,1975,100,100,98,100,0.84,0.45499999999999996,0.038000000000000006,Generation X,0.8,0.35,1.1224999999999998,1.2558,0.7865,1.06125,1.1600000000000001,1.035,130.21,129.97529999999998,77.077,106.125,118.545155,0.85,0.4185185185185185,0.9922962962962963,0.046646539986976855
32,2008,1976,100,100,98,100,0.86,0.47,0.042,Generation X,0.8,0.35,1.125,1.2622,0.7809999999999999,1.0625,1.1600000000000001,1.035,130.50000000000003,130.6377,76.538,106.25,118.816395,0.85,0.42037037037037034,0.9929259259259259,0.04659363654217481
32,2009,1977,100,100,98,100,0.8799999999999999,0.485,0.046,Generation X,0.8,0.35,1.1275,1.2686,0.7755000000000001,1.06375,1.1600000000000001,1.035,130.79000000000002,131.3001,75.99900000000001,106.375,119.087635,0.85,0.4222222222222222,0.9935555555555555,0.04644519238760077
32,2010,1978,100,100,98,100,0.8999999999999999,0.5,0.05,Generation X,0.8,0.35,1.13,1.275,0.77,1.0650000000000002,1.1600000000000001,1.035,131.08,131.96249999999998,75.46000000000001,106.50000000000001,119.35887499999998,0.85,0.42407407407407405,0.9941851851851851,0.04639293744739466
32,2011,1979,100,100,98,100,0.908,0.52,0.065,Generation X,0.8,0.35,1.1296,1.2789,0.7664,1.0648,1.1600000000000001,1.035,131.0336,132.36614999999998,75.10719999999999,106.47999999999999,119.42799249999999,0.85,0.42592592592592593,0.9948148148148149,0.04624607872508204
32,2012,1980,100,100,98,100,0.916,0.54,0.08,Generation X,0.8,0.35,1.1292,1.2828,0.7627999999999999,1.0646000000000002,1.1600000000000001,1.035,130.98720000000003,132.7698,74.75439999999999,106.46000000000002,119.49711000000002,0.85,0.42777777777777776,0.9954444444444445,0.04623737491032767
32,2013,1981,100,100,98,100,0.924,0.56,0.095,Millennials,0.95,0.45,1.1288,1.2867000000000002,0.7591999999999999,1.0644,1.19,1.045,134.32719999999998,134.46015,74.40159999999999,106.44,121.20181249999999,0.85,0.5296296296296297,1.0300740740740741,0.047665076231216415
32,2014,1982,100,100,98,100,0.932,0.58,0.11,Millennials,0.95,0.45,1.1283999999999998,1.2906,0.7556,1.0642,1.19,1.045,134.2796,134.86769999999999,74.0488,106.42,121.27187499999998,0.85,0.5314814814814814,1.0307037037037037,0.04765525331141421
32,2015,1983,100,100,98,100,0.9400000000000001,0.6,0.125,Millennials,0.95,0.45,1.128,1.2945,0.752,1.064,1.19,1.045,134.23199999999997,135.27524999999997,73.696,106.4,121.34193749999997,0.85,0.5333333333333333,1.0313333333333334,0.047452532130916235
32,2016,1984,100,100,98,100,0.9480000000000001,0.62,0.14,Millennials,0.95,0.45,1.1276,1.2984,0.7484,1.0638,1.19,1.045,134.18439999999998,135.6828,73.3432,106.38000000000001,121.41199999999998,0.85,0.5351851851851852,1.031962962962963,0.047442937535650744
32,2017,1985,100,100,98,100,0.9560000000000001,0.64,0.15500000000000003,Millennials,0.95,0.45,1.1272,1.3023,0.7447999999999999,1.0636,1.19,1.045,134.1368,136.09034999999997,72.9904,106.36000000000001,121.48206249999998,0.85,0.5370370370370371,1.0325925925925925,0.04724238665555081
32,2018,1986,100,100,98,100,0.964,0.66,0.16999999999999998,Millennials,0.95,0.45,1.1268,1.3061999999999998,0.7412000000000001,1.0634000000000001,1.19,1.045,134.0892,136.49789999999996,72.6376,106.34000000000002,121.55212499999999,0.85,0.538888888888889,1.033222222222222,0.0472416543469536
32,2019,1987,100,100,98,100,0.972,0.6799999999999999,0.185,Millennials,0.95,0.45,1.1263999999999998,1.3100999999999998,0.7376,1.0632,1.19,1.045,134.0416,136.90544999999997,72.2848,106.32,121.62218749999997,0.85,0.5407407407407407,1.0338518518518518,0.048714002003427466
32,2020,1988,100,100,98,100,0.98,0.7,0.2,Millennials,0.95,0.45,1.126,1.314,0.7340000000000001,1.0630000000000002,1.19,1.045,133.994,137.313,71.93200000000002,106.30000000000001,121.69225,0.85,0.5425925925925926,1.0344814814814816,0.0487133202528886
32,2021,1989,100,100,98,100,0.98,0.7374999999999999,0.30000000000000004,Millennials,0.95,0.45,1.12225,1.324,0.7302500000000001,1.061125,1.19,1.045,133.54774999999998,138.358,71.56450000000001,106.11250000000001,121.8185625,0.85,0.5444444444444445,1.035111111111111,0.05030509206760625
32,2022,1990,100,100,98,100,0.98,0.7749999999999999,0.4,Millennials,0.95,0.45,1.1185,1.334,0.7265,1.05925,1.19,1.045,133.10150000000002,139.403,71.197,105.925,121.94487500000001,0.85,0.5462962962962963,1.0357407407407409,0.05030445301889677
32,2023,1991,100,100,98,100,0.98,0.8125,0.6,Millennials,0.95,0.45,1.11475,1.354,0.72275,1.0573750000000002,1.19,1.045,132.65525,141.493,70.8295,105.73750000000001,122.4369375,0.85,0.5481481481481482,1.0363703703703704,0.05197791746541245
32,2024,1992,100,100,98,100,0.98,0.85,0.8,Millennials,0.95,0.45,1.111,1.374,0.7190000000000001,1.0555,1.19,1.045,132.20899999999997,143.583,70.462,105.55000000000001,122.92899999999999,0.85,0.55,1.037,0.05197734449401033
34,1970,1936,99,102,96,99,0.05,0.1,0.01,Silent Generation,0.3,0.15,1,1.0159999999999998,0.98,0.9999999999999999,1.06,1.015,104.94000000000001,105.18647999999996,94.08,98.99999999999999,102.50626799999998,0.85,0.15,0.901,0.06277433289207832
34,1971,1937,99,102,96,99,0.05,0.10500000000000001,0.01,Silent Generation,0.3,0.15,0.9995,1.0159999999999998,0.9795,0.9997499999999999,1.06,1.015,104.88753000000001,105.18647999999996,94.03200000000001,98.97524999999999,102.47699099999998,0.85,0.15185185185185185,0.9016296296296297,0.06277462609592574
34,1972,1938,99,102,96,99,0.05,0.11,0.01,Silent Generation,0.3,0.15,0.999,1.0159999999999998,0.979,0.9994999999999999,1.06,1.015,104.83506,105.18647999999996,93.984,98.95049999999999,102.44771399999998,0.85,0.1537037037037037,0.9022592592592592,0.05893581195505966
34,1973,1939,99,102,96,99,0.05,0.115,0.01,Silent Generation,0.3,0.15,0.9985,1.0159999999999998,0.9785,0.9992499999999999,1.06,1.015,104.78259000000001,105.18647999999996,93.936,98.92574999999998,102.41843699999998,0.85,0.15555555555555556,0.9028888888888889,0.05893616095388677
34,1974,1940,99,102,96,99,0.05,0.12000000000000001,0.01,Silent Generation,0.3,0.15,0.998,1.0159999999999998,0.978,0.9989999999999999,1.06,1.015,104.73012000000001,105.18647999999996,93.888,98.90099999999998,102.38915999999999,0.85,0.1574074074074074,0.9035185185185184,0.0555399981331093
34,1975,1941,99,102,96,99,0.05,0.125,0.01,Silent Generation,0.3,0.15,0.9975,1.0159999999999998,0.9775,0.9987499999999999,1.06,1.015,104.67765000000001,105.18647999999996,93.84,98.87624999999998,102.35988299999997,0.85,0.15925925925925927,0.904148148148148,0.05554038804557533
34,1976,1942,99,102,96,99,0.05,0.13,0.01,Silent Generation,0.3,0.15,0.997,1.0159999999999998,0.977,0.9984999999999999,1.06,1.015,104.62518000000001,105.18647999999996,93.792,98.85149999999999,102.33060599999999,0.85,0.1611111111111111,0.9047777777777778,0.05333831148840286
34,1977,1943,99,102,96,99,0.05,0.135,0.01,Silent Generation,0.3,0.15,0.9965,1.0159999999999998,0.9765,0.9982499999999999,1.06,1.015,104.57271000000001,105.18647999999996,93.744,98.82674999999999,102.30132899999998,0.85,0.16296296296296295,0.9054074074074074,0.05333874444706272
34,1978,1944,99,102,96,99,0.05,0.14,0.01,Silent Generation,0.3,0.15,0.996,1.0159999999999998,0.976,0.9979999999999999,1.06,1.015,104.52024,105.18647999999996,93.696,98.80199999999999,102.27205199999999,0.85,0.1648148148148148,0.906037037037037,0.05130479827690708
34,1979,1945,99,102,96,99,0.05,0.14500000000000002,0.01,Silent Generation,0.3,0.15,0.9955,1.0159999999999998,0.9755,0.9977499999999999,1.06,1.015,104.46777000000002,105.18647999999996,93.648,98.77725,102.242775,0.85,0.16666666666666666,0.9066666666666666,0.05130526633469141
34,1980,1946,99,102,96,99,0.05,0.15000000000000002,0.01,Baby Boomers,0.5,0.25,0.995,1.0159999999999998,0.975,0.9974999999999999,1.1,1.025,108.3555,106.22279999999996,93.6,98.7525,103.95527999999996,0.85,0.2685185185185185,0.9412962962962963,0.05127289526933653
34,1981,1947,99,102,96,99,0.065,0.15500000000000003,0.01,Baby Boomers,0.5,0.25,0.9974999999999999,1.0205,0.9715,0.9987499999999999,1.1,1.025,108.62775,106.69327499999999,93.26400000000001,98.87624999999998,104.18339624999999,0.85,0.27037037037037037,0.9419259259259258,0.05127212612394662
34,1982,1948,99,102,96,99,0.08,0.16000000000000003,0.01,Baby Boomers,0.5,0.25,1,1.025,0.968,1,1.1,1.025,108.9,107.16375,92.928,99,104.41151249999999,0.85,0.27222222222222225,0.9425555555555555,0.04945461753269088
34,1983,1949,99,102,96,99,0.095,0.165,0.01,Baby Boomers,0.5,0.25,1.0025,1.0294999999999999,0.9645,1.00125,1.1,1.025,109.17224999999999,107.63422499999997,92.592,99.12375,104.63962874999999,0.85,0.2740740740740741,0.9431851851851852,0.04939176713370262
34,1984,1950,99,102,96,99,0.11,0.17,0.01,Baby Boomers,0.5,0.25,1.0050000000000001,1.0339999999999998,0.961,1.0025,1.1,1.025,109.44450000000002,108.10469999999997,92.256,99.24749999999999,104.86774499999999,0.85,0.2759259259259259,0.9438148148148149,0.04770301815234341
34,1985,1951,99,102,96,99,0.125,0.175,0.01,Baby Boomers,0.5,0.25,1.0074999999999998,1.0385,0.9575,1.00375,1.1,1.025,109.71674999999999,108.57517499999999,91.92,99.37124999999999,105.09586124999998,0.85,0.2777777777777778,0.9444444444444444,0.04764467164413354
34,1986,1952,99,102,96,99,0.14,0.18,0.01,Baby Boomers,0.5,0.25,1.01,1.043,0.954,1.0050000000000001,1.1,1.025,109.989,109.04564999999998,91.584,99.495,105.3239775,0.85,0.2796296296296296,0.9450740740740741,0.04730740637056511
34,1987,1953,99,102,96,99,0.15500000000000003,0.185,0.01,Baby Boomers,0.5,0.25,1.0125,1.0474999999999999,0.9505,1.00625,1.1,1.025,110.26125,109.51612499999997,91.248,99.61875,105.55209375,0.85,0.2814814814814815,0.9457037037037037,0.04725018504811251
34,1988,1954,99,102,96,99,0.16999999999999998,0.19,0.01,Baby Boomers,0.5,0.25,1.0150000000000001,1.0519999999999998,0.947,1.0074999999999998,1.1,1.025,110.53350000000002,109.98659999999998,90.91199999999999,99.74249999999998,105.78020999999998,0.85,0.2833333333333333,0.9463333333333332,0.04691864020228396
34,1989,1955,99,102,96,99,0.185,0.195,0.01,Baby Boomers,0.5,0.25,1.0174999999999998,1.0565,0.9435,1.00875,1.1,1.025,110.80574999999999,110.45707499999999,90.576,99.86625000000001,106.00832624999998,0.85,0.2851851851851852,0.9469629629629629,0.046862513654792194
34,1990,1956,99,102,96,99,0.2,0.2,0.01,Baby Boomers,0.5,0.25,1.02,1.061,0.94,1.01,1.1,1.025,111.07800000000002,110.92754999999998,90.24,99.99,106.2364425,0.85,0.28703703703703703,0.9475925925925924,0.04653654259953472
34,1991,1957,99,102,96,99,0.25,0.21500000000000002,0.01,Baby Boomers,0.5,0.25,1.0285,1.0759999999999998,0.9285,1.0142499999999999,1.1,1.025,112.00365000000001,112.49579999999997,89.136,100.41075,107.00681999999999,0.85,0.28888888888888886,0.9482222222222223,0.04645870760520442
34,1992,1958,99,102,96,99,0.30000000000000004,0.23,0.01,Baby Boomers,0.5,0.25,1.0370000000000001,1.091,0.9169999999999999,1.0185,1.1,1.025,112.92930000000003,114.06404999999998,88.032,100.83149999999999,107.77719749999999,0.85,0.29074074074074074,0.9488518518518518,0.046381235324255865
34,1993,1959,99,102,96,99,0.35,0.245,0.01,Baby Boomers,0.5,0.25,1.0455,1.1059999999999999,0.9055000000000001,1.0227499999999998,1.1,1.025,113.85495000000002,115.63229999999997,86.92800000000001,101.25224999999999,108.547575,0.85,0.2925925925925926,0.9494814814814815,0.04630412322720015
34,1994,1960,99,102,96,99,0.4,0.26,0.01,Baby Boomers,0.5,0.25,1.054,1.121,0.8939999999999999,1.0270000000000001,1.1,1.025,114.7806,117.20054999999999,85.82399999999998,101.67300000000002,109.31795249999999,0.85,0.29444444444444445,0.950111111111111,0.04622736880801397
34,1995,1961,99,102,96,99,0.45,0.275,0.01,Baby Boomers,0.5,0.25,1.0625,1.136,0.8825000000000001,1.03125,1.1,1.025,115.70625000000001,118.76879999999997,84.72,102.09375,110.08832999999998,0.85,0.2962962962962963,0.9507407407407407,0.0461509695838682
34,1996,1962,99,102,96,99,0.5,0.29000000000000004,0.01,Baby Boomers,0.5,0.25,1.0710000000000002,1.1509999999999998,0.871,1.0355,1.1,1.025,116.63190000000002,120.33704999999998,83.616,102.51450000000001,110.85870750000001,0.85,0.29814814814814816,0.9513703703703703,0.04607492309486013
34,1997,1963,99,102,96,99,0.55,0.30500000000000005,0.01,Baby Boomers,0.5,0.25,1.0795000000000001,1.166,0.8595,1.03975,1.1,1.025,117.55755000000002,121.90529999999998,82.512,102.93525,111.62908499999999,0.85,0.3,0.9520000000000001,0.04599922690374952
34,1998,1964,99,102,96,99,0.6000000000000001,0.32,0.01,Baby Boomers,0.5,0.25,1.088,1.1809999999999998,0.848,1.044,1.1,1.025,118.48320000000001,123.47354999999997,81.408,103.35600000000001,112.3994625,0.85,0.30185185185185187,0.9526296296296297,0.0459238785956981
34,1999,1965,99,102,96,99,0.65,0.33499999999999996,0.01,Generation X,0.8,0.35,1.0964999999999998,1.196,0.8365,1.04825,1.1600000000000001,1.035,125.92206,126.26171999999998,80.304,103.77674999999999,115.8764355,0.85,0.4037037037037037,0.9872592592592593,0.04742942346631935
34,2000,1966,99,102,96,99,0.7,0.35,0.01,Generation X,0.8,0.35,1.105,1.2109999999999999,0.825,1.0525,1.1600000000000001,1.035,126.89820000000002,127.84526999999999,79.19999999999999,104.1975,116.6698395,0.85,0.40555555555555556,0.9878888888888889,0.047351238503038344
34,2001,1967,99,102,96,99,0.72,0.365,0.014,Generation X,0.8,0.35,1.1075,1.2174,0.8195,1.05375,1.1600000000000001,1.035,127.18530000000001,128.520918,78.672,104.32124999999999,116.9461638,0.85,0.4074074074074074,0.9885185185185185,0.047219214628933755
34,2002,1968,99,102,96,99,0.74,0.38,0.018000000000000002,Generation X,0.8,0.35,1.1099999999999999,1.2238,0.814,1.0550000000000002,1.1600000000000001,1.035,127.4724,129.196566,78.14399999999999,104.44500000000002,117.22248809999999,0.85,0.4092592592592592,0.9891481481481481,0.047164430033924766
34,2003,1969,99,102,96,99,0.76,0.39499999999999996,0.022,Generation X,0.8,0.35,1.1125,1.2302,0.8085,1.0562500000000001,1.1600000000000001,1.035,127.75950000000002,129.87221399999999,77.616,104.56875000000001,117.49881239999999,0.85,0.4111111111111111,0.9897777777777778,0.04703372827303639
34,2004,1970,99,102,96,99,0.7799999999999999,0.41,0.026000000000000002,Generation X,0.8,0.35,1.115,1.2366,0.8029999999999999,1.0575,1.1600000000000001,1.035,128.0466,130.54786199999998,77.088,104.69250000000001,117.77513669999998,0.85,0.412962962962963,0.9904074074074073,0.04697955920977503
34,2005,1971,99,102,96,99,0.7999999999999999,0.425,0.03,Generation X,0.8,0.35,1.1175,1.2429999999999999,0.7975,1.05875,1.1600000000000001,1.035,128.33370000000002,131.22350999999998,76.56,104.81625000000001,118.05146099999999,0.85,0.4148148148148148,0.9910370370370369,0.04685015933046188
34,2006,1972,99,102,96,99,0.82,0.43999999999999995,0.034,Generation X,0.8,0.35,1.1199999999999999,1.2494,0.7919999999999999,1.06,1.1600000000000001,1.035,128.6208,131.899158,76.032,104.94000000000001,118.32778529999999,0.85,0.41666666666666663,0.9916666666666667,0.04679659603919903
34,2007,1973,99,102,96,99,0.84,0.45499999999999996,0.038000000000000006,Generation X,0.8,0.35,1.1224999999999998,1.2558,0.7865,1.06125,1.1600000000000001,1.035,128.90789999999998,132.574806,75.50399999999999,105.06375,118.60410959999999,0.85,0.4185185185185185,0.9922962962962963,0.046646539986976855
34,2008,1974,99,102,96,99,0.86,0.47,0.042,Generation X,0.8,0.35,1.125,1.2622,0.7809999999999999,1.0625,1.1600000000000001,1.035,129.19500000000002,133.25045399999996,74.976,105.1875,118.88043389999999,0.85,0.42037037037037034,0.9929259259259259,0.04659363654217481
34,2009,1975,99,102,96,99,0.8799999999999999,0.485,0.046,Generation X,0.8,0.35,1.1275,1.2686,0.7755000000000001,1.06375,1.1600000000000001,1.035,129.4821,133.926102,74.44800000000001,105.31125,119.1567582,0.85,0.4222222222222222,0.9935555555555555,0.04644519238760077
34,2010,1976,99,102,96,99,0.8999999999999999,0.5,0.05,Generation X,0.8,0.35,1.13,1.275,0.77,1.0650000000000002,1.1600000000000001,1.035,129.7692,134.60174999999998,73.92,105.43500000000002,119.4330825,0.85,0.42407407407407405,0.9941851851851851,0.04639293744739466
34,2011,1977,99,102,96,99,0.908,0.52,0.065,Generation X,0.8,0.35,1.1296,1.2789,0.7664,1.0648,1.1600000000000001,1.035,129.723264,135.01347299999998,73.5744,105.4152,119.50629794999999,0.85,0.42592592592592593,0.9948148148148149,0.04624607872508204
34,2012,1978,99,102,96,99,0.916,0.54,0.08,Generation X,0.8,0.35,1.1292,1.2828,0.7627999999999999,1.0646000000000002,1.1600000000000001,1.035,129.67732800000002,135.42519599999997,73.22879999999999,105.39540000000002,119.5795134,0.85,0.42777777777777776,0.9954444444444445,0.04623737491032767
34,2013,1979,99,102,96,99,0.924,0.56,0.095,Generation X,0.8,0.35,1.1288,1.2867000000000002,0.7591999999999999,1.0644,1.1600000000000001,1.035,129.631392,135.836919,72.88319999999999,105.3756,119.65272885,0.85,0.4296296296296296,0.9960740740740741,0.046091779094000224
34,2014,1980,99,102,96,99,0.932,0.58,0.11,Generation X,0.8,0.35,1.1283999999999998,1.2906,0.7556,1.0642,1.1600000000000001,1.035,129.585456,136.248642,72.5376,105.3558,119.72594429999998,0.85,0.43148148148148147,0.9967037037037038,0.046083241290145814
34,2015,1981,99,102,96,99,0.9400000000000001,0.6,0.125,Millennials,0.95,0.45,1.128,1.2945,0.752,1.064,1.19,1.045,132.88967999999997,137.980755,72.19200000000001,105.33600000000001,121.43385224999997,0.85,0.5333333333333333,1.0313333333333334,0.047452532130916235
34,2016,1982,99,102,96,99,0.9480000000000001,0.62,0.14,Millennials,0.95,0.45,1.1276,1.2984,0.7484,1.0638,1.19,1.045,132.84255599999997,138.396456,71.84639999999999,105.31620000000001,121.50804419999999,0.85,0.5351851851851852,1.031962962962963,0.047442937535650744
34,2017,1983,99,102,96,99,0.9560000000000001,0.64,0.15500000000000003,Millennials,0.95,0.45,1.1272,1.3023,0.7447999999999999,1.0636,1.19,1.045,132.79543199999998,138.81215699999998,71.5008,105.2964,121.58223614999999,0.85,0.5370370370370371,1.0325925925925925,0.04724238665555081
34,2018,1984,99,102,96,99,0.964,0.66,0.16999999999999998,Millennials,0.95,0.45,1.1268,1.3061999999999998,0.7412000000000001,1.0634000000000001,1.19,1.045,132.748308,139.22785799999997,71.15520000000001,105.27660000000002,121.65642809999999,0.85,0.538888888888889,1.033222222222222,0.0472416543469536
34,2019,1985,99,102,96,99,0.972,0.6799999999999999,0.185,Millennials,0.95,0.45,1.1263999999999998,1.3100999999999998,0.7376,1.0632,1.19,1.045,132.70118399999998,139.64355899999995,70.8096,105.2568,121.73062004999997,0.85,0.5407407407407407,1.0338518518518518,0.048714002003427466
34,2020,1986,99,102,96,99,0.98,0.7,0.2,Millennials,0.95,0.45,1.126,1.314,0.7340000000000001,1.0630000000000002,1.19,1.045,132.65406,140.05926000000002,70.46400000000001,105.23700000000002,121.804812,0.85,0.5425925925925926,1.0344814814814816,0.0487133202528886
34,2021,1987,99,102,96,99,0.98,0.7374999999999999,0.30000000000000004,Millennials,0.95,0.45,1.12225,1.324,0.7302500000000001,1.061125,1.19,1.045,132.21227249999998,141.12516,70.10400000000001,105.05137500000001,121.941407625,0.85,0.5444444444444445,1.035111111111111,0.05030509206760625
34,2022,1988,99,102,96,99,0.98,0.7749999999999999,0.4,Millennials,0.95,0.45,1.1185,1.334,0.7265,1.05925,1.19,1.045,131.770485,142.19106,69.744,104.86575,122.07800325,0.85,0.5462962962962963,1.0357407407407409,0.05030445301889677
34,2023,1989,99,102,96,99,0.98,0.8125,0.6,Millennials,0.95,0.45,1.11475,1.354,0.72275,1.0573750000000002,1.19,1.045,131.32869749999998,144.32286,69.384,104.68012500000002,122.587663875,0.85,0.5481481481481482,1.0363703703703704,0.05197791746541245
34,2024,1990,99,102,96,99,0.98,0.85,0.8,Millennials,0.95,0.45,1.111,1.374,0.7190000000000001,1.0555,1.19,1.045,130.88691,146.45466000000002,69.024,104.49450000000002,123.0973245,0.85,0.55,1.037,0.05197734449401033
36,1970,1934,98,104,94,98,0.05,0.1,0.01,Silent Generation,0.3,0.15,1,1.0159999999999998,0.98,0.9999999999999999,1.06,1.015,103.88000000000001,107.24895999999997,92.12,97.99999999999999,102.413136,0.85,0.15,0.901,0.06277433289207832
36,1971,1935,98,104,94,98,0.05,0.10500000000000001,0.01,Silent Generation,0.3,0.15,0.9995,1.0159999999999998,0.9795,0.9997499999999999,1.06,1.015,103.82806000000001,107.24895999999997,92.07300000000001,97.9755,102.384232,0.85,0.15185185185185185,0.9016296296296297,0.06277462609592574
36,1972,1936,98,104,94,98,0.05,0.11,0.01,Silent Generation,0.3,0.15,0.999,1.0159999999999998,0.979,0.9994999999999999,1.06,1.015,103.77612,107.24895999999997,92.026,97.951,102.35532799999999,0.85,0.1537037037037037,0.9022592592592592,0.05893581195505966
36,1973,1937,98,104,94,98,0.05,0.115,0.01,Silent Generation,0.3,0.15,0.9985,1.0159999999999998,0.9785,0.9992499999999999,1.06,1.015,103.72418000000002,107.24895999999997,91.979,97.92649999999999,102.326424,0.85,0.15555555555555556,0.9028888888888889,0.05893616095388677
36,1974,1938,98,104,94,98,0.05,0.12000000000000001,0.01,Silent Generation,0.3,0.15,0.998,1.0159999999999998,0.978,0.9989999999999999,1.06,1.015,103.67224,107.24895999999997,91.932,97.90199999999999,102.29751999999999,0.85,0.1574074074074074,0.9035185185185184,0.0555399981331093
36,1975,1939,98,104,94,98,0.05,0.125,0.01,Silent Generation,0.3,0.15,0.9975,1.0159999999999998,0.9775,0.9987499999999999,1.06,1.015,103.62030000000001,107.24895999999997,91.885,97.8775,102.26861599999998,0.85,0.15925925925925927,0.904148148148148,0.05554038804557533
36,1976,1940,98,104,94,98,0.05,0.13,0.01,Silent Generation,0.3,0.15,0.997,1.0159999999999998,0.977,0.9984999999999999,1.06,1.015,103.56836000000001,107.24895999999997,91.838,97.853,102.23971199999998,0.85,0.1611111111111111,0.9047777777777778,0.05333831148840286
36,1977,1941,98,104,94,98,0.05,0.135,0.01,Silent Generation,0.3,0.15,0.9965,1.0159999999999998,0.9765,0.9982499999999999,1.06,1.015,103.51642000000001,107.24895999999997,91.791,97.82849999999999,102.21080799999997,0.85,0.16296296296296295,0.9054074074074074,0.05333874444706272
36,1978,1942,98,104,94,98,0.05,0.14,0.01,Silent Generation,0.3,0.15,0.996,1.0159999999999998,0.976,0.9979999999999999,1.06,1.015,103.46448000000001,107.24895999999997,91.744,97.80399999999999,102.18190399999997,0.85,0.1648148148148148,0.906037037037037,0.05130479827690708
36,1979,1943,98,104,94,98,0.05,0.14500000000000002,0.01,Silent Generation,0.3,0.15,0.9955,1.0159999999999998,0.9755,0.9977499999999999,1.06,1.015,103.41254000000002,107.24895999999997,91.697,97.77949999999998,102.15299999999999,0.85,0.16666666666666666,0.9066666666666666,0.05130526633469141
36,1980,1944,98,104,94,98,0.05,0.15000000000000002,0.01,Silent Generation,0.3,0.15,0.995,1.0159999999999998,0.975,0.9974999999999999,1.06,1.015,103.3606,107.24895999999997,91.64999999999999,97.755,102.12409599999998,0.85,0.1685185185185185,0.9072962962962963,0.049420897714457485
36,1981,1945,98,104,94,98,0.065,0.15500000000000003,0.01,Silent Generation,0.3,0.15,0.9974999999999999,1.0205,0.9715,0.9987499999999999,1.06,1.015,103.6203,107.72397999999998,91.321,97.8775,102.35027299999999,0.85,0.17037037037037037,0.9079259259259258,0.04942139429861699
36,1982,1946,98,104,94,98,0.08,0.16000000000000003,0.01,Baby Boomers,0.5,0.25,1,1.025,0.968,1,1.1,1.025,107.80000000000001,109.26499999999999,90.99199999999999,98,104.32154999999999,0.85,0.27222222222222225,0.9425555555555555,0.04945461753269088
36,1983,1947,98,104,94,98,0.095,0.165,0.01,Baby Boomers,0.5,0.25,1.0025,1.0294999999999999,0.9645,1.00125,1.1,1.025,108.0695,109.74469999999998,90.663,98.1225,104.55279499999999,0.85,0.2740740740740741,0.9431851851851852,0.04939176713370262
36,1984,1948,98,104,94,98,0.11,0.17,0.01,Baby Boomers,0.5,0.25,1.0050000000000001,1.0339999999999998,0.961,1.0025,1.1,1.025,108.33900000000001,110.22439999999996,90.334,98.24499999999999,104.78403999999999,0.85,0.2759259259259259,0.9438148148148149,0.04770301815234341
36,1985,1949,98,104,94,98,0.125,0.175,0.01,Baby Boomers,0.5,0.25,1.0074999999999998,1.0385,0.9575,1.00375,1.1,1.025,108.60849999999999,110.70409999999998,90.005,98.36749999999999,105.01528499999998,0.85,0.2777777777777778,0.9444444444444444,0.04764467164413354
36,1986,1950,98,104,94,98,0.14,0.18,0.01,Baby Boomers,0.5,0.25,1.01,1.043,0.954,1.0050000000000001,1.1,1.025,108.87800000000001,111.18379999999999,89.676,98.49000000000001,105.24652999999999,0.85,0.2796296296296296,0.9450740740740741,0.04730740637056511
36,1987,1951,98,104,94,98,0.15500000000000003,0.185,0.01,Baby Boomers,0.5,0.25,1.0125,1.0474999999999999,0.9505,1.00625,1.1,1.025,109.14750000000001,111.66349999999997,89.347,98.61250000000001,105.477775,0.85,0.2814814814814815,0.9457037037037037,0.04725018504811251
36,1988,1952,98,104,94,98,0.16999999999999998,0.19,0.01,Baby Boomers,0.5,0.25,1.0150000000000001,1.0519999999999998,0.947,1.0074999999999998,1.1,1.025,109.41700000000003,112.14319999999998,89.018,98.73499999999999,105.70901999999998,0.85,0.2833333333333333,0.9463333333333332,0.04691864020228396
36,1989,1953,98,104,94,98,0.185,0.195,0.01,Baby Boomers,0.5,0.25,1.0174999999999998,1.0565,0.9435,1.00875,1.1,1.025,109.6865,112.6229,88.68900000000001,98.8575,105.940265,0.85,0.2851851851851852,0.9469629629629629,0.046862513654792194
36,1990,1954,98,104,94,98,0.2,0.2,0.01,Baby Boomers,0.5,0.25,1.02,1.061,0.94,1.01,1.1,1.025,109.95600000000002,113.10259999999998,88.36,98.98,106.17150999999998,0.85,0.28703703703703703,0.9475925925925924,0.04653654259953472
36,1991,1955,98,104,94,98,0.25,0.21500000000000002,0.01,Baby Boomers,0.5,0.25,1.0285,1.0759999999999998,0.9285,1.0142499999999999,1.1,1.025,110.8723,114.70159999999997,87.279,99.39649999999999,106.95218999999999,0.85,0.28888888888888886,0.9482222222222223,0.04645870760520442
36,1992,1956,98,104,94,98,0.30000000000000004,0.23,0.01,Baby Boomers,0.5,0.25,1.0370000000000001,1.091,0.9169999999999999,1.0185,1.1,1.025,111.78860000000003,116.30059999999999,86.198,99.813,107.73286999999999,0.85,0.29074074074074074,0.9488518518518518,0.046381235324255865
36,1993,1957,98,104,94,98,0.35,0.245,0.01,Baby Boomers,0.5,0.25,1.0455,1.1059999999999999,0.9055000000000001,1.0227499999999998,1.1,1.025,112.70490000000001,117.89959999999998,85.117,100.22949999999999,108.51354999999998,0.85,0.2925925925925926,0.9494814814814815,0.04630412322720015
36,1994,1958,98,104,94,98,0.4,0.26,0.01,Baby Boomers,0.5,0.25,1.054,1.121,0.8939999999999999,1.0270000000000001,1.1,1.025,113.62120000000002,119.4986,84.03599999999999,100.64600000000002,109.29423,0.85,0.29444444444444445,0.950111111111111,0.04622736880801397
36,1995,1959,98,104,94,98,0.45,0.275,0.01,Baby Boomers,0.5,0.25,1.0625,1.136,0.8825000000000001,1.03125,1.1,1.025,114.53750000000001,121.09759999999999,82.95500000000001,101.0625,110.07491,0.85,0.2962962962962963,0.9507407407407407,0.0461509695838682
36,1996,1960,98,104,94,98,0.5,0.29000000000000004,0.01,Baby Boomers,0.5,0.25,1.0710000000000002,1.1509999999999998,0.871,1.0355,1.1,1.025,115.45380000000003,122.69659999999998,81.874,101.47900000000001,110.85559,0.85,0.29814814814814816,0.9513703703703703,0.04607492309486013
36,1997,1961,98,104,94,98,0.55,0.30500000000000005,0.01,Baby Boomers,0.5,0.25,1.0795000000000001,1.166,0.8595,1.03975,1.1,1.025,116.37010000000002,124.29559999999998,80.793,101.8955,111.63626999999998,0.85,0.3,0.9520000000000001,0.04599922690374952
36,1998,1962,98,104,94,98,0.6000000000000001,0.32,0.01,Baby Boomers,0.5,0.25,1.088,1.1809999999999998,0.848,1.044,1.1,1.025,117.28640000000001,125.89459999999997,79.712,102.312,112.41695,0.85,0.30185185185185187,0.9526296296296297,0.0459238785956981
36,1999,1963,98,104,94,98,0.65,0.33499999999999996,0.01,Baby Boomers,0.5,0.25,1.0964999999999998,1.196,0.8365,1.04825,1.1,1.025,118.2027,127.49359999999999,78.631,102.7285,113.19762999999998,0.85,0.3037037037037037,0.9532592592592593,0.04579601219898437
36,2000,1964,98,104,94,98,0.7,0.35,0.01,Baby Boomers,0.5,0.25,1.105,1.2109999999999999,0.825,1.0525,1.1,1.025,119.119,129.09259999999998,77.55,103.145,113.97830999999998,0.85,0.3055555555555556,0.9538888888888889,0.0457215591664137
36,2001,1965,98,104,94,98,0.72,0.365,0.014,Generation X,0.8,0.35,1.1075,1.2174,0.8195,1.05375,1.1600000000000001,1.035,125.90060000000001,131.040936,77.033,103.2675,116.9746126,0.85,0.4074074074074074,0.9885185185185185,0.047219214628933755
36,2002,1966,98,104,94,98,0.74,0.38,0.018000000000000002,Generation X,0.8,0.35,1.1099999999999999,1.2238,0.814,1.0550000000000002,1.1600000000000001,1.035,126.1848,131.729832,76.51599999999999,103.39000000000001,117.25602119999999,0.85,0.4092592592592592,0.9891481481481481,0.047164430033924766
36,2003,1967,98,104,94,98,0.76,0.39499999999999996,0.022,Generation X,0.8,0.35,1.1125,1.2302,0.8085,1.0562500000000001,1.1600000000000001,1.035,126.46900000000002,132.418728,75.999,103.51250000000002,117.53742980000001,0.85,0.4111111111111111,0.9897777777777778,0.04703372827303639
36,2004,1968,98,104,94,98,0.7799999999999999,0.41,0.026000000000000002,Generation X,0.8,0.35,1.115,1.2366,0.8029999999999999,1.0575,1.1600000000000001,1.035,126.7532,133.10762399999996,75.482,103.635,117.81883839999998,0.85,0.412962962962963,0.9904074074074073,0.04697955920977503
36,2005,1969,98,104,94,98,0.7999999999999999,0.425,0.03,Generation X,0.8,0.35,1.1175,1.2429999999999999,0.7975,1.05875,1.1600000000000001,1.035,127.03740000000002,133.79652,74.965,103.75750000000001,118.10024699999998,0.85,0.4148148148148148,0.9910370370370369,0.04685015933046188
36,2006,1970,98,104,94,98,0.82,0.43999999999999995,0.034,Generation X,0.8,0.35,1.1199999999999999,1.2494,0.7919999999999999,1.06,1.1600000000000001,1.035,127.3216,134.485416,74.448,103.88000000000001,118.38165559999999,0.85,0.41666666666666663,0.9916666666666667,0.04679659603919903
36,2007,1971,98,104,94,98,0.84,0.45499999999999996,0.038000000000000006,Generation X,0.8,0.35,1.1224999999999998,1.2558,0.7865,1.06125,1.1600000000000001,1.035,127.60579999999999,135.17431200000001,73.931,104.0025,118.6630642,0.85,0.4185185185185185,0.9922962962962963,0.046646539986976855
36,2008,1972,98,104,94,98,0.86,0.47,0.042,Generation X,0.8,0.35,1.125,1.2622,0.7809999999999999,1.0625,1.1600000000000001,1.035,127.89000000000001,135.863208,73.41399999999999,104.125,118.9444728,0.85,0.42037037037037034,0.9929259259259259,0.04659363654217481
36,2009,1973,98,104,94,98,0.8799999999999999,0.485,0.046,Generation X,0.8,0.35,1.1275,1.2686,0.7755000000000001,1.06375,1.1600000000000001,1.035,128.1742,136.55210399999996,72.897,104.2475,119.22588139999999,0.85,0.4222222222222222,0.9935555555555555,0.04644519238760077
36,2010,1974,98,104,94,98,0.8999999999999999,0.5,0.05,Generation X,0.8,0.35,1.13,1.275,0.77,1.0650000000000002,1.1600000000000001,1.035,128.4584,137.24099999999999,72.38,104.37000000000002,119.50729,0.85,0.42407407407407405,0.9941851851851851,0.04639293744739466
36,2011,1975,98,104,94,98,0.908,0.52,0.065,Generation X,0.8,0.35,1.1296,1.2789,0.7664,1.0648,1.1600000000000001,1.035,128.412928,137.66079599999998,72.0416,104.3504,119.58460339999999,0.85,0.42592592592592593,0.9948148148148149,0.04624607872508204
36,2012,1976,98,104,94,98,0.916,0.54,0.08,Generation X,0.8,0.35,1.1292,1.2828,0.7627999999999999,1.0646000000000002,1.1600000000000001,1.035,128.367456,138.080592,71.7032,104.33080000000002,119.6619168,0.85,0.42777777777777776,0.9954444444444445,0.04623737491032767
36,2013,1977,98,104,94,98,0.924,0.56,0.095,Generation X,0.8,0.35,1.1288,1.2867000000000002,0.7591999999999999,1.0644,1.1600000000000001,1.035,128.32198400000001,138.50038800000002,71.36479999999999,104.3112,119.7392302,0.85,0.4296296296296296,0.9960740740740741,0.046091779094000224
36,2014,1978,98,104,94,98,0.932,0.58,0.11,Generation X,0.8,0.35,1.1283999999999998,1.2906,0.7556,1.0642,1.1600000000000001,1.035,128.276512,138.92018399999998,71.02640000000001,104.2916,119.81654359999999,0.85,0.43148148148148147,0.9967037037037038,0.046083241290145814
36,2015,1979,98,104,94,98,0.9400000000000001,0.6,0.125,Generation X,0.8,0.35,1.128,1.2945,0.752,1.064,1.1600000000000001,1.035,128.23104,139.33997999999997,70.688,104.272,119.893857,0.85,0.4333333333333333,0.9973333333333333,0.045888162939787126
36,2016,1980,98,104,94,98,0.9480000000000001,0.62,0.14,Generation X,0.8,0.35,1.1276,1.2984,0.7484,1.0638,1.1600000000000001,1.035,128.185568,139.759776,70.3496,104.25240000000001,119.97117039999999,0.85,0.4351851851851852,0.9979629629629629,0.045879838922517645
36,2017,1981,98,104,94,98,0.9560000000000001,0.64,0.15500000000000003,Millennials,0.95,0.45,1.1272,1.3023,0.7447999999999999,1.0636,1.19,1.045,131.454064,141.533964,70.01119999999999,104.23280000000001,121.68240979999999,0.85,0.5370370370370371,1.0325925925925925,0.04724238665555081
36,2018,1982,98,104,94,98,0.964,0.66,0.16999999999999998,Millennials,0.95,0.45,1.1268,1.3061999999999998,0.7412000000000001,1.0634000000000001,1.19,1.045,131.40741599999998,141.95781599999998,69.67280000000001,104.21320000000001,121.76073119999998,0.85,0.538888888888889,1.033222222222222,0.0472416543469536
36,2019,1983,98,104,94,98,0.972,0.6799999999999999,0.185,Millennials,0.95,0.45,1.1263999999999998,1.3100999999999998,0.7376,1.0632,1.19,1.045,131.36076799999998,142.38166799999996,69.3344,104.19359999999999,121.83905259999997,0.85,0.5407407407407407,1.0338518518518518,0.048714002003427466
36,2020,1984,98,104,94,98,0.98,0.7,0.2,Millennials,0.95,0.45,1.126,1.314,0.7340000000000001,1.0630000000000002,1.19,1.045,131.31411999999997,142.80552,68.99600000000001,104.17400000000002,121.917374,0.85,0.5425925925925926,1.0344814814814816,0.0487133202528886
36,2021,1985,98,104,94,98,0.98,0.7374999999999999,0.30000000000000004,Millennials,0.95,0.45,1.12225,1.324,0.7302500000000001,1.061125,1.19,1.045,130.876795,143.89231999999998,68.6435,103.99025,122.06425274999998,0.85,0.5444444444444445,1.035111111111111,0.05030509206760625
36,2022,1986,98,104,94,98,0.98,0.7749999999999999,0.4,Millennials,0.95,0.45,1.1185,1.334,0.7265,1.05925,1.19,1.045,130.43947,144.97912000000002,68.291,103.8065,122.21113150000001,0.85,0.5462962962962963,1.0357407407407409,0.05030445301889677
36,2023,1987,98,104,94,98,0.98,0.8125,0.6,Millennials,0.95,0.45,1.11475,1.354,0.72275,1.0573750000000002,1.19,1.045,130.00214499999998,147.15272,67.9385,103.62275000000001,122.73839025,0.85,0.5481481481481482,1.0363703703703704,0.05197791746541245
36,2024,1988,98,104,94,98,0.98,0.85,0.8,Millennials,0.95,0.45,1.111,1.374,0.7190000000000001,1.0555,1.19,1.045,129.56482,149.32632,67.58600000000001,103.43900000000001,123.265649,0.85,0.55,1.037,0.05197734449401033
38,1970,1932,97,106,92,97,0.05,0.1,0.01,Silent Generation,0.3,0.15,1,1.0159999999999998,0.98,0.9999999999999999,1.06,1.015,102.82000000000001,109.31143999999998,90.16,96.99999999999999,102.320004,0.85,0.15,0.901,0.06277433289207832
38,1971,1933,97,106,92,97,0.05,0.10500000000000001,0.01,Silent Generation,0.3,0.15,0.9995,1.0159999999999998,0.9795,0.9997499999999999,1.06,1.015,102.76859000000002,109.31143999999998,90.114,96.97574999999999,102.291473,0.85,0.15185185185185185,0.9016296296296297,0.06277462609592574
38,1972,1934,97,106,92,97,0.05,0.11,0.01,Silent Generation,0.3,0.15,0.999,1.0159999999999998,0.979,0.9994999999999999,1.06,1.015,102.71718000000001,109.31143999999998,90.068,96.9515,102.262942,0.85,0.1537037037037037,0.9022592592592592,0.05893581195505966
38,1973,1935,97,106,92,97,0.05,0.115,0.01,Silent Generation,0.3,0.15,0.9985,1.0159999999999998,0.9785,0.9992499999999999,1.06,1.015,102.66577000000001,109.31143999999998,90.022,96.92724999999999,102.23441099999998,0.85,0.15555555555555556,0.9028888888888889,0.05893616095388677
38,1974,1936,97,106,92,97,0.05,0.12000000000000001,0.01,Silent Generation,0.3,0.15,0.998,1.0159999999999998,0.978,0.9989999999999999,1.06,1.015,102.61436,109.31143999999998,89.976,96.90299999999999,102.20587999999998,0.85,0.1574074074074074,0.9035185185185184,0.0555399981331093
38,1975,1937,97,106,92,97,0.05,0.125,0.01,Silent Generation,0.3,0.15,0.9975,1.0159999999999998,0.9775,0.9987499999999999,1.06,1.015,102.56295000000001,109.31143999999998,89.93,96.87875,102.177349,0.85,0.15925925925925927,0.904148148148148,0.05554038804557533
38,1976,1938,97,106,92,97,0.05,0.13,0.01,Silent Generation,0.3,0.15,0.997,1.0159999999999998,0.977,0.9984999999999999,1.06,1.015,102.51154000000001,109.31143999999998,89.884,96.8545,102.14881799999999,0.85,0.1611111111111111,0.9047777777777778,0.05333831148840286
38,1977,1939,97,106,92,97,0.05,0.135,0.01,Silent Generation,0.3,0.15,0.9965,1.0159999999999998,0.9765,0.9982499999999999,1.06,1.015,102.46013,109.31143999999998,89.83800000000001,96.83024999999999,102.12028699999999,0.85,0.16296296296296295,0.9054074074074074,0.05333874444706272
38,1978,1940,97,106,92,97,0.05,0.14,0.01,Silent Generation,0.3,0.15,0.996,1.0159999999999998,0.976,0.9979999999999999,1.06,1.015,102.40872,109.31143999999998,89.792,96.80599999999998,102.09175599999999,0.85,0.1648148148148148,0.906037037037037,0.05130479827690708
38,1979,1941,97,106,92,97,0.05,0.14500000000000002,0.01,Silent Generation,0.3,0.15,0.9955,1.0159999999999998,0.9755,0.9977499999999999,1.06,1.015,102.35731000000001,109.31143999999998,89.74600000000001,96.78174999999999,102.06322499999999,0.85,0.16666666666666666,0.9066666666666666,0.05130526633469141
38,1980,1942,97,106,92,97,0.05,0.15000000000000002,0.01,Silent Generation,0.3,0.15,0.995,1.0159999999999998,0.975,0.9974999999999999,1.06,1.015,102.30590000000001,109.31143999999998,89.7,96.7575,102.034694,0.85,0.1685185185185185,0.9072962962962963,0.049420897714457485
38,1981,1943,97,106,92,97,0.065,0.15500000000000003,0.01,Silent Generation,0.3,0.15,0.9974999999999999,1.0205,0.9715,0.9987499999999999,1.06,1.015,102.56295,109.79559499999999,89.378,96.87875,102.26400324999999,0.85,0.17037037037037037,0.9079259259259258,0.04942139429861699
38,1982,1944,97,106,92,97,0.08,0.16000000000000003,0.01,Silent Generation,0.3,0.15,1,1.025,0.968,1,1.06,1.015,102.82000000000001,110.27974999999998,89.056,97,102.4933125,0.85,0.17222222222222222,0.9085555555555557,0.047670683433315264
38,1983,1945,97,106,92,97,0.095,0.165,0.01,Silent Generation,0.3,0.15,1.0025,1.0294999999999999,0.9645,1.00125,1.06,1.015,103.07705,110.76390499999997,88.73400000000001,97.12125,102.72262174999997,0.85,0.17407407407407408,0.9091851851851852,0.04761128954677342
38,1984,1946,97,106,92,97,0.11,0.17,0.01,Baby Boomers,0.5,0.25,1.0050000000000001,1.0339999999999998,0.961,1.0025,1.1,1.025,107.23350000000002,112.34409999999997,88.41199999999999,97.24249999999999,104.700335,0.85,0.2759259259259259,0.9438148148148149,0.04770301815234341
38,1985,1947,97,106,92,97,0.125,0.175,0.01,Baby Boomers,0.5,0.25,1.0074999999999998,1.0385,0.9575,1.00375,1.1,1.025,107.50024999999998,112.83302499999999,88.09,97.36375,104.93470874999998,0.85,0.2777777777777778,0.9444444444444444,0.04764467164413354
38,1986,1948,97,106,92,97,0.14,0.18,0.01,Baby Boomers,0.5,0.25,1.01,1.043,0.954,1.0050000000000001,1.1,1.025,107.76700000000001,113.32194999999999,87.768,97.48500000000001,105.1690825,0.85,0.2796296296296296,0.9450740740740741,0.04730740637056511
38,1987,1949,97,106,92,97,0.15500000000000003,0.185,0.01,Baby Boomers,0.5,0.25,1.0125,1.0474999999999999,0.9505,1.00625,1.1,1.025,108.03375,113.81087499999997,87.446,97.60625,105.40345624999998,0.85,0.2814814814814815,0.9457037037037037,0.04725018504811251
38,1988,1950,97,106,92,97,0.16999999999999998,0.19,0.01,Baby Boomers,0.5,0.25,1.0150000000000001,1.0519999999999998,0.947,1.0074999999999998,1.1,1.025,108.30050000000003,114.29979999999998,87.124,97.72749999999998,105.63782999999998,0.85,0.2833333333333333,0.9463333333333332,0.04691864020228396
38,1989,1951,97,106,92,97,0.185,0.195,0.01,Baby Boomers,0.5,0.25,1.0174999999999998,1.0565,0.9435,1.00875,1.1,1.025,108.56725,114.788725,86.802,97.84875000000001,105.87220375,0.85,0.2851851851851852,0.9469629629629629,0.046862513654792194
38,1990,1952,97,106,92,97,0.2,0.2,0.01,Baby Boomers,0.5,0.25,1.02,1.061,0.94,1.01,1.1,1.025,108.834,115.27764999999998,86.47999999999999,97.97,106.10657749999999,0.85,0.28703703703703703,0.9475925925925924,0.04653654259953472
38,1991,1953,97,106,92,97,0.25,0.21500000000000002,0.01,Baby Boomers,0.5,0.25,1.0285,1.0759999999999998,0.9285,1.0142499999999999,1.1,1.025,109.74095000000001,116.90739999999997,85.422,98.38224999999998,106.89755999999998,0.85,0.28888888888888886,0.9482222222222223,0.04645870760520442
38,1992,1954,97,106,92,97,0.30000000000000004,0.23,0.01,Baby Boomers,0.5,0.25,1.0370000000000001,1.091,0.9169999999999999,1.0185,1.1,1.025,110.64790000000002,118.53715,84.36399999999999,98.7945,107.6885425,0.85,0.29074074074074074,0.9488518518518518,0.046381235324255865
38,1993,1955,97,106,92,97,0.35,0.245,0.01,Baby Boomers,0.5,0.25,1.0455,1.1059999999999999,0.9055000000000001,1.0227499999999998,1.1,1.025,111.55485000000003,120.16689999999998,83.30600000000001,99.20674999999999,108.479525,0.85,0.2925925925925926,0.9494814814814815,0.04630412322720015
38,1994,1956,97,106,92,97,0.4,0.26,0.01,Baby Boomers,0.5,0.25,1.054,1.121,0.8939999999999999,1.0270000000000001,1.1,1.025,112.46180000000001,121.79664999999999,82.24799999999999,99.61900000000001,109.2705075,0.85,0.29444444444444445,0.950111111111111,0.04622736880801397
38,1995,1957,97,106,92,97,0.45,0.275,0.01,Baby Boomers,0.5,0.25,1.0625,1.136,0.8825000000000001,1.03125,1.1,1.025,113.36875,123.42639999999997,81.19000000000001,100.03125,110.06148999999999,0.85,0.2962962962962963,0.9507407407407407,0.0461509695838682
38,1996,1958,97,106,92,97,0.5,0.29000000000000004,0.01,Baby Boomers,0.5,0.25,1.0710000000000002,1.1509999999999998,0.871,1.0355,1.1,1.025,114.27570000000003,125.05614999999996,80.132,100.44350000000001,110.85247249999999,0.85,0.29814814814814816,0.9513703703703703,0.04607492309486013
38,1997,1959,97,106,92,97,0.55,0.30500000000000005,0.01,Baby Boomers,0.5,0.25,1.0795000000000001,1.166,0.8595,1.03975,1.1,1.025,115.18265000000002,126.68589999999998,79.074,100.85575,111.64345499999997,0.85,0.3,0.9520000000000001,0.04599922690374952
38,1998,1960,97,106,92,97,0.6000000000000001,0.32,0.01,Baby Boomers,0.5,0.25,1.088,1.1809999999999998,0.848,1.044,1.1,1.025,116.0896,128.31564999999998,78.01599999999999,101.268,112.43443749999999,0.85,0.30185185185185187,0.9526296296296297,0.0459238785956981
38,1999,1961,97,106,92,97,0.65,0.33499999999999996,0.01,Baby Boomers,0.5,0.25,1.0964999999999998,1.196,0.8365,1.04825,1.1,1.025,116.99655,129.94539999999998,76.958,101.68024999999999,113.22541999999999,0.85,0.3037037037037037,0.9532592592592593,0.04579601219898437
38,2000,1962,97,106,92,97,0.7,0.35,0.01,Baby Boomers,0.5,0.25,1.105,1.2109999999999999,0.825,1.0525,1.1,1.025,117.90350000000001,131.57514999999998,75.89999999999999,102.0925,114.01640249999997,0.85,0.3055555555555556,0.9538888888888889,0.0457215591664137
38,2001,1963,97,106,92,97,0.72,0.365,0.014,Baby Boomers,0.5,0.25,1.1075,1.2174,0.8195,1.05375,1.1,1.025,118.17025000000001,132.27050999999997,75.394,102.21374999999999,114.29542849999999,0.85,0.3074074074074074,0.9545185185185184,0.04559511425316151
38,2002,1964,97,106,92,97,0.74,0.38,0.018000000000000002,Baby Boomers,0.5,0.25,1.1099999999999999,1.2238,0.814,1.0550000000000002,1.1,1.025,118.437,132.96587,74.88799999999999,102.33500000000002,114.57445449999999,0.85,0.30925925925925923,0.9551481481481481,0.045543246569996094
38,2003,1965,97,106,92,97,0.76,0.39499999999999996,0.022,Generation X,0.8,0.35,1.1125,1.2302,0.8085,1.0562500000000001,1.1600000000000001,1.035,125.17850000000003,134.965242,74.382,102.45625000000001,117.5760472,0.85,0.4111111111111111,0.9897777777777778,0.04703372827303639
38,2004,1966,97,106,92,97,0.7799999999999999,0.41,0.026000000000000002,Generation X,0.8,0.35,1.115,1.2366,0.8029999999999999,1.0575,1.1600000000000001,1.035,125.45980000000002,135.667386,73.87599999999999,102.57750000000001,117.86254009999999,0.85,0.412962962962963,0.9904074074074073,0.04697955920977503
38,2005,1967,97,106,92,97,0.7999999999999999,0.425,0.03,Generation X,0.8,0.35,1.1175,1.2429999999999999,0.7975,1.05875,1.1600000000000001,1.035,125.7411,136.36952999999997,73.37,102.69875,118.14903299999999,0.85,0.4148148148148148,0.9910370370370369,0.04685015933046188
38,2006,1968,97,106,92,97,0.82,0.43999999999999995,0.034,Generation X,0.8,0.35,1.1199999999999999,1.2494,0.7919999999999999,1.06,1.1600000000000001,1.035,126.0224,137.071674,72.86399999999999,102.82000000000001,118.43552589999999,0.85,0.41666666666666663,0.9916666666666667,0.04679659603919903
38,2007,1969,97,106,92,97,0.84,0.45499999999999996,0.038000000000000006,Generation X,0.8,0.35,1.1224999999999998,1.2558,0.7865,1.06125,1.1600000000000001,1.035,126.30369999999999,137.773818,72.358,102.94125,118.7220188,0.85,0.4185185185185185,0.9922962962962963,0.046646539986976855
38,2008,1970,97,106,92,97,0.86,0.47,0.042,Generation X,0.8,0.35,1.125,1.2622,0.7809999999999999,1.0625,1.1600000000000001,1.035,126.58500000000002,138.475962,71.85199999999999,103.0625,119.0085117,0.85,0.42037037037037034,0.9929259259259259,0.04659363654217481
38,2009,1971,97,106,92,97,0.8799999999999999,0.485,0.046,Generation X,0.8,0.35,1.1275,1.2686,0.7755000000000001,1.06375,1.1600000000000001,1.035,126.86630000000001,139.17810599999999,71.346,103.18375,119.2950046,0.85,0.4222222222222222,0.9935555555555555,0.04644519238760077
38,2010,1972,97,106,92,97,0.8999999999999999,0.5,0.05,Generation X,0.8,0.35,1.13,1.275,0.77,1.0650000000000002,1.1600000000000001,1.035,127.1476,139.88024999999996,70.84,103.30500000000002,119.58149749999998,0.85,0.42407407407407405,0.9941851851851851,0.04639293744739466
38,2011,1973,97,106,92,97,0.908,0.52,0.065,Generation X,0.8,0.35,1.1296,1.2789,0.7664,1.0648,1.1600000000000001,1.035,127.102592,140.30811899999998,70.5088,103.2856,119.66290885,0.85,0.42592592592592593,0.9948148148148149,0.04624607872508204
38,2012,1974,97,106,92,97,0.916,0.54,0.08,Generation X,0.8,0.35,1.1292,1.2828,0.7627999999999999,1.0646000000000002,1.1600000000000001,1.035,127.057584,140.735988,70.1776,103.26620000000003,119.7443202,0.85,0.42777777777777776,0.9954444444444445,0.04623737491032767
38,2013,1975,97,106,92,97,0.924,0.56,0.095,Generation X,0.8,0.35,1.1288,1.2867000000000002,0.7591999999999999,1.0644,1.1600000000000001,1.035,127.01257600000001,141.163857,69.84639999999999,103.24680000000001,119.82573155,0.85,0.4296296296296296,0.9960740740740741,0.046091779094000224
38,2014,1976,97,106,92,97,0.932,0.58,0.11,Generation X,0.8,0.35,1.1283999999999998,1.2906,0.7556,1.0642,1.1600000000000001,1.035,126.967568,141.59172599999997,69.51520000000001,103.2274,119.90714289999998,0.85,0.43148148148148147,0.9967037037037038,0.046083241290145814
38,2015,1977,97,106,92,97,0.9400000000000001,0.6,0.125,Generation X,0.8,0.35,1.128,1.2945,0.752,1.064,1.1600000000000001,1.035,126.92255999999999,142.01959499999998,69.184,103.208,119.98855424999999,0.85,0.4333333333333333,0.9973333333333333,0.045888162939787126
38,2016,1978,97,106,92,97,0.9480000000000001,0.62,0.14,Generation X,0.8,0.35,1.1276,1.2984,0.7484,1.0638,1.1600000000000001,1.035,126.877552,142.447464,68.8528,103.18860000000001,120.0699656,0.85,0.4351851851851852,0.9979629629629629,0.045879838922517645
38,2017,1979,97,106,92,97,0.9560000000000001,0.64,0.15500000000000003,Generation X,0.8,0.35,1.1272,1.3023,0.7447999999999999,1.0636,1.1600000000000001,1.035,126.83254400000001,142.87533299999998,68.52159999999999,103.1692,120.15137694999999,0.85,0.437037037037037,0.9985925925925925,0.045686844655916825
38,2018,1980,97,106,92,97,0.964,0.66,0.16999999999999998,Generation X,0.8,0.35,1.1268,1.3061999999999998,0.7412000000000001,1.0634000000000001,1.1600000000000001,1.035,126.78753600000002,143.30320199999997,68.19040000000001,103.14980000000001,120.2327883,0.85,0.4388888888888889,0.9992222222222221,0.045687084368443244
38,2019,1981,97,106,92,97,0.972,0.6799999999999999,0.185,Millennials,0.95,0.45,1.1263999999999998,1.3100999999999998,0.7376,1.0632,1.19,1.045,130.02035199999997,145.11977699999994,67.8592,103.1304,121.94748514999995,0.85,0.5407407407407407,1.0338518518518518,0.048714002003427466
38,2020,1982,97,106,92,97,0.98,0.7,0.2,Millennials,0.95,0.45,1.126,1.314,0.7340000000000001,1.0630000000000002,1.19,1.045,129.97418,145.55177999999998,67.528,103.11100000000002,122.02993599999998,0.85,0.5425925925925926,1.0344814814814816,0.0487133202528886
38,2021,1983,97,106,92,97,0.98,0.7374999999999999,0.30000000000000004,Millennials,0.95,0.45,1.12225,1.324,0.7302500000000001,1.061125,1.19,1.045,129.5413175,146.65947999999997,67.183,102.92912500000001,122.18709787499998,0.85,0.5444444444444445,1.035111111111111,0.05030509206760625
38,2022,1984,97,106,92,97,0.98,0.7749999999999999,0.4,Millennials,0.95,0.45,1.1185,1.334,0.7265,1.05925,1.19,1.045,129.108455,147.76718,66.83800000000001,102.74725000000001,122.34425974999998,0.85,0.5462962962962963,1.0357407407407409,0.05030445301889677
38,2023,1985,97,106,92,97,0.98,0.8125,0.6,Millennials,0.95,0.45,1.11475,1.354,0.72275,1.0573750000000002,1.19,1.045,128.6755925,149.98257999999998,66.493,102.56537500000002,122.88911662499999,0.85,0.5481481481481482,1.0363703703703704,0.05197791746541245
38,2024,1986,97,106,92,97,0.98,0.85,0.8,Millennials,0.95,0.45,1.111,1.374,0.7190000000000001,1.0555,1.19,1.045,128.24273,152.19798,66.14800000000001,102.38350000000001,123.4339735,0.85,0.55,1.037,0.05197734449401033
40,1970,1930,96,108,90,96,0.05,0.1,0.01,Silent Generation,0.3,0.15,1,1.0159999999999998,0.98,0.9999999999999999,1.06,1.015,101.76,111.37391999999997,88.2,95.99999999999999,102.22687199999999,0.85,0.15,0.901,0.06277433289207832
40,1971,1931,96,108,90,96,0.05,0.10500000000000001,0.01,Silent Generation,0.3,0.15,0.9995,1.0159999999999998,0.9795,0.9997499999999999,1.06,1.015,101.70912,111.37391999999997,88.155,95.976,102.198714,0.85,0.15185185185185185,0.9016296296296297,0.06277462609592574
40,1972,1932,96,108,90,96,0.05,0.11,0.01,Silent Generation,0.3,0.15,0.999,1.0159999999999998,0.979,0.9994999999999999,1.06,1.015,101.65824,111.37391999999997,88.11,95.952,102.17055599999998,0.85,0.1537037037037037,0.9022592592592592,0.05893581195505966
40,1973,1933,96,108,90,96,0.05,0.115,0.01,Silent Generation,0.3,0.15,0.9985,1.0159999999999998,0.9785,0.9992499999999999,1.06,1.015,101.60736000000001,111.37391999999997,88.065,95.92799999999998,102.14239799999999,0.85,0.15555555555555556,0.9028888888888889,0.05893616095388677
40,1974,1934,96,108,90,96,0.05,0.12000000000000001,0.01,Silent Generation,0.3,0.15,0.998,1.0159999999999998,0.978,0.9989999999999999,1.06,1.015,101.55648,111.37391999999997,88.02,95.904,102.11423999999998,0.85,0.1574074074074074,0.9035185185185184,0.0555399981331093
40,1975,1935,96,108,90,96,0.05,0.125,0.01,Silent Generation,0.3,0.15,0.9975,1.0159999999999998,0.9775,0.9987499999999999,1.06,1.015,101.50560000000002,111.37391999999997,87.97500000000001,95.88,102.08608199999999,0.85,0.15925925925925927,0.904148148148148,0.05554038804557533
40,1976,1936,96,108,90,96,0.05,0.13,0.01,Silent Generation,0.3,0.15,0.997,1.0159999999999998,0.977,0.9984999999999999,1.06,1.015,101.45472000000001,111.37391999999997,87.92999999999999,95.856,102.05792399999997,0.85,0.1611111111111111,0.9047777777777778,0.05333831148840286
40,1977,1937,96,108,90,96,0.05,0.135,0.01,Silent Generation,0.3,0.15,0.9965,1.0159999999999998,0.9765,0.9982499999999999,1.06,1.015,101.40384,111.37391999999997,87.885,95.832,102.02976599999997,0.85,0.16296296296296295,0.9054074074074074,0.05333874444706272
40,1978,1938,96,108,90,96,0.05,0.14,0.01,Silent Generation,0.3,0.15,0.996,1.0159999999999998,0.976,0.9979999999999999,1.06,1.015,101.35296000000001,111.37391999999997,87.84,95.80799999999999,102.00160799999999,0.85,0.1648148148148148,0.906037037037037,0.05130479827690708
40,1979,1939,96,108,90,96,0.05,0.14500000000000002,0.01,Silent Generation,0.3,0.15,0.9955,1.0159999999999998,0.9755,0.9977499999999999,1.06,1.015,101.30208000000002,111.37391999999997,87.795,95.78399999999999,101.97344999999999,0.85,0.16666666666666666,0.9066666666666666,0.05130526633469141
40,1980,1940,96,108,90,96,0.05,0.15000000000000002,0.01,Silent Generation,0.3,0.15,0.995,1.0159999999999998,0.975,0.9974999999999999,1.06,1.015,101.2512,111.37391999999997,87.75,95.75999999999999,101.94529199999998,0.85,0.1685185185185185,0.9072962962962963,0.049420897714457485
40,1981,1941,96,108,90,96,0.065,0.15500000000000003,0.01,Silent Generation,0.3,0.15,0.9974999999999999,1.0205,0.9715,0.9987499999999999,1.06,1.015,101.5056,111.86720999999999,87.435,95.88,102.17773349999999,0.85,0.17037037037037037,0.9079259259259258,0.04942139429861699
40,1982,1942,96,108,90,96,0.08,0.16000000000000003,0.01,Silent Generation,0.3,0.15,1,1.025,0.968,1,1.06,1.015,101.76,112.36049999999997,87.12,96,102.41017499999998,0.85,0.17222222222222222,0.9085555555555557,0.047670683433315264
40,1983,1943,96,108,90,96,0.095,0.165,0.01,Silent Generation,0.3,0.15,1.0025,1.0294999999999999,0.9645,1.00125,1.06,1.015,102.0144,112.85378999999996,86.805,96.12,102.64261649999997,0.85,0.17407407407407408,0.9091851851851852,0.04761128954677342
40,1984,1944,96,108,90,96,0.11,0.17,0.01,Silent Generation,0.3,0.15,1.0050000000000001,1.0339999999999998,0.961,1.0025,1.06,1.015,102.26880000000003,113.34707999999998,86.49,96.24,102.87505799999998,0.85,0.17592592592592593,0.9098148148148149,0.045984563862665924
40,1985,1945,96,108,90,96,0.125,0.175,0.01,Silent Generation,0.3,0.15,1.0074999999999998,1.0385,0.9575,1.00375,1.06,1.015,102.52319999999999,113.84037,86.175,96.35999999999999,103.10749949999997,0.85,0.17777777777777776,0.9104444444444444,0.04592946346494473
40,1986,1946,96,108,90,96,0.14,0.18,0.01,Baby Boomers,0.5,0.25,1.01,1.043,0.954,1.0050000000000001,1.1,1.025,106.65600000000002,115.46009999999998,85.86,96.48000000000002,105.091635,0.85,0.2796296296296296,0.9450740740740741,0.04730740637056511
40,1987,1947,96,108,90,96,0.15500000000000003,0.185,0.01,Baby Boomers,0.5,0.25,1.0125,1.0474999999999999,0.9505,1.00625,1.1,1.025,106.92,115.95824999999996,85.545,96.60000000000001,105.32913749999997,0.85,0.2814814814814815,0.9457037037037037,0.04725018504811251
40,1988,1948,96,108,90,96,0.16999999999999998,0.19,0.01,Baby Boomers,0.5,0.25,1.0150000000000001,1.0519999999999998,0.947,1.0074999999999998,1.1,1.025,107.18400000000003,116.45639999999997,85.22999999999999,96.71999999999998,105.56663999999998,0.85,0.2833333333333333,0.9463333333333332,0.04691864020228396
40,1989,1949,96,108,90,96,0.185,0.195,0.01,Baby Boomers,0.5,0.25,1.0174999999999998,1.0565,0.9435,1.00875,1.1,1.025,107.44799999999998,116.95455,84.915,96.84,105.80414249999998,0.85,0.2851851851851852,0.9469629629629629,0.046862513654792194
40,1990,1950,96,108,90,96,0.2,0.2,0.01,Baby Boomers,0.5,0.25,1.02,1.061,0.94,1.01,1.1,1.025,107.71200000000002,117.45269999999998,84.6,96.96000000000001,106.04164499999999,0.85,0.28703703703703703,0.9475925925925924,0.04653654259953472
40,1991,1951,96,108,90,96,0.25,0.21500000000000002,0.01,Baby Boomers,0.5,0.25,1.0285,1.0759999999999998,0.9285,1.0142499999999999,1.1,1.025,108.6096,119.11319999999998,83.565,97.368,106.84293,0.85,0.28888888888888886,0.9482222222222223,0.04645870760520442
40,1992,1952,96,108,90,96,0.30000000000000004,0.23,0.01,Baby Boomers,0.5,0.25,1.0370000000000001,1.091,0.9169999999999999,1.0185,1.1,1.025,109.50720000000003,120.77369999999999,82.52999999999999,97.776,107.64421499999999,0.85,0.29074074074074074,0.9488518518518518,0.046381235324255865
40,1993,1953,96,108,90,96,0.35,0.245,0.01,Baby Boomers,0.5,0.25,1.0455,1.1059999999999999,0.9055000000000001,1.0227499999999998,1.1,1.025,110.40480000000002,122.43419999999996,81.495,98.18399999999998,108.4455,0.85,0.2925925925925926,0.9494814814814815,0.04630412322720015
40,1994,1954,96,108,90,96,0.4,0.26,0.01,Baby Boomers,0.5,0.25,1.054,1.121,0.8939999999999999,1.0270000000000001,1.1,1.025,111.3024,124.09469999999999,80.46,98.59200000000001,109.24678499999999,0.85,0.29444444444444445,0.950111111111111,0.04622736880801397
40,1995,1955,96,108,90,96,0.45,0.275,0.01,Baby Boomers,0.5,0.25,1.0625,1.136,0.8825000000000001,1.03125,1.1,1.025,112.2,125.75519999999997,79.42500000000001,99,110.04806999999998,0.85,0.2962962962962963,0.9507407407407407,0.0461509695838682
40,1996,1956,96,108,90,96,0.5,0.29000000000000004,0.01,Baby Boomers,0.5,0.25,1.0710000000000002,1.1509999999999998,0.871,1.0355,1.1,1.025,113.09760000000003,127.41569999999997,78.39,99.40800000000002,110.849355,0.85,0.29814814814814816,0.9513703703703703,0.04607492309486013
40,1997,1957,96,108,90,96,0.55,0.30500000000000005,0.01,Baby Boomers,0.5,0.25,1.0795000000000001,1.166,0.8595,1.03975,1.1,1.025,113.99520000000001,129.0762,77.355,99.816,111.65063999999998,0.85,0.3,0.9520000000000001,0.04599922690374952
40,1998,1958,96,108,90,96,0.6000000000000001,0.32,0.01,Baby Boomers,0.5,0.25,1.088,1.1809999999999998,0.848,1.044,1.1,1.025,114.89280000000002,130.73669999999998,76.32,100.224,112.45192499999999,0.85,0.30185185185185187,0.9526296296296297,0.0459238785956981
40,1999,1959,96,108,90,96,0.65,0.33499999999999996,0.01,Baby Boomers,0.5,0.25,1.0964999999999998,1.196,0.8365,1.04825,1.1,1.025,115.79039999999999,132.3972,75.285,100.63199999999999,113.25320999999998,0.85,0.3037037037037037,0.9532592592592593,0.04579601219898437
40,2000,1960,96,108,90,96,0.7,0.35,0.01,Baby Boomers,0.5,0.25,1.105,1.2109999999999999,0.825,1.0525,1.1,1.025,116.688,134.05769999999998,74.25,101.03999999999999,114.054495,0.85,0.3055555555555556,0.9538888888888889,0.0457215591664137
40,2001,1961,96,108,90,96,0.72,0.365,0.014,Baby Boomers,0.5,0.25,1.1075,1.2174,0.8195,1.05375,1.1,1.025,116.952,134.76618,73.755,101.16,114.33861299999998,0.85,0.3074074074074074,0.9545185185185184,0.04559511425316151
40,2002,1962,96,108,90,96,0.74,0.38,0.018000000000000002,Baby Boomers,0.5,0.25,1.1099999999999999,1.2238,0.814,1.0550000000000002,1.1,1.025,117.216,135.47466,73.25999999999999,101.28000000000002,114.62273100000002,0.85,0.30925925925925923,0.9551481481481481,0.045543246569996094
40,2003,1963,96,108,90,96,0.76,0.39499999999999996,0.022,Baby Boomers,0.5,0.25,1.1125,1.2302,0.8085,1.0562500000000001,1.1,1.025,117.48000000000002,136.18314,72.765,101.4,114.906849,0.85,0.3111111111111111,0.9557777777777777,0.045418065851443534
40,2004,1964,96,108,90,96,0.7799999999999999,0.41,0.026000000000000002,Baby Boomers,0.5,0.25,1.115,1.2366,0.8029999999999999,1.0575,1.1,1.025,117.744,136.89162,72.27,101.52000000000001,115.190967,0.85,0.312962962962963,0.9564074074074075,0.0453667834962799
40,2005,1965,96,108,90,96,0.7999999999999999,0.425,0.03,Generation X,0.8,0.35,1.1175,1.2429999999999999,0.7975,1.05875,1.1600000000000001,1.035,124.44480000000001,138.94253999999998,71.775,101.64000000000001,118.19781899999998,0.85,0.4148148148148148,0.9910370370370369,0.04685015933046188
40,2006,1966,96,108,90,96,0.82,0.43999999999999995,0.034,Generation X,0.8,0.35,1.1199999999999999,1.2494,0.7919999999999999,1.06,1.1600000000000001,1.035,124.72319999999999,139.657932,71.27999999999999,101.76,118.48939619999997,0.85,0.41666666666666663,0.9916666666666667,0.04679659603919903
40,2007,1967,96,108,90,96,0.84,0.45499999999999996,0.038000000000000006,Generation X,0.8,0.35,1.1224999999999998,1.2558,0.7865,1.06125,1.1600000000000001,1.035,125.00160000000001,140.37332399999997,70.785,101.88,118.78097339999998,0.85,0.4185185185185185,0.9922962962962963,0.046646539986976855
40,2008,1968,96,108,90,96,0.86,0.47,0.042,Generation X,0.8,0.35,1.125,1.2622,0.7809999999999999,1.0625,1.1600000000000001,1.035,125.28000000000002,141.08871599999998,70.28999999999999,102,119.07255059999999,0.85,0.42037037037037034,0.9929259259259259,0.04659363654217481
40,2009,1969,96,108,90,96,0.8799999999999999,0.485,0.046,Generation X,0.8,0.35,1.1275,1.2686,0.7755000000000001,1.06375,1.1600000000000001,1.035,125.5584,141.80410799999999,69.795,102.12,119.36412779999999,0.85,0.4222222222222222,0.9935555555555555,0.04644519238760077
40,2010,1970,96,108,90,96,0.8999999999999999,0.5,0.05,Generation X,0.8,0.35,1.13,1.275,0.77,1.0650000000000002,1.1600000000000001,1.035,125.8368,142.51949999999997,69.3,102.24000000000001,119.65570499999998,0.85,0.42407407407407405,0.9941851851851851,0.04639293744739466
40,2011,1971,96,108,90,96,0.908,0.52,0.065,Generation X,0.8,0.35,1.1296,1.2789,0.7664,1.0648,1.1600000000000001,1.035,125.79225600000001,142.95544199999998,68.976,102.2208,119.7412143,0.85,0.42592592592592593,0.9948148148148149,0.04624607872508204
40,2012,1972,96,108,90,96,0.916,0.54,0.08,Generation X,0.8,0.35,1.1292,1.2828,0.7627999999999999,1.0646000000000002,1.1600000000000001,1.035,125.747712,143.391384,68.65199999999999,102.20160000000001,119.8267236,0.85,0.42777777777777776,0.9954444444444445,0.04623737491032767
40,2013,1973,96,108,90,96,0.924,0.56,0.095,Generation X,0.8,0.35,1.1288,1.2867000000000002,0.7591999999999999,1.0644,1.1600000000000001,1.035,125.70316800000002,143.827326,68.32799999999999,102.1824,119.91223289999999,0.85,0.4296296296296296,0.9960740740740741,0.046091779094000224
40,2014,1974,96,108,90,96,0.932,0.58,0.11,Generation X,0.8,0.35,1.1283999999999998,1.2906,0.7556,1.0642,1.1600000000000001,1.035,125.65862399999999,144.26326799999998,68.004,102.1632,119.99774219999998,0.85,0.43148148148148147,0.9967037037037038,0.046083241290145814
40,2015,1975,96,108,90,96,0.9400000000000001,0.6,0.125,Generation X,0.8,0.35,1.128,1.2945,0.752,1.064,1.1600000000000001,1.035,125.61408,144.69921,67.68,102.144,120.0832515,0.85,0.4333333333333333,0.9973333333333333,0.045888162939787126
40,2016,1976,96,108,90,96,0.9480000000000001,0.62,0.14,Generation X,0.8,0.35,1.1276,1.2984,0.7484,1.0638,1.1600000000000001,1.035,125.569536,145.135152,67.356,102.12480000000001,120.16876079999999,0.85,0.4351851851851852,0.9979629629629629,0.045879838922517645
40,2017,1977,96,108,90,96,0.9560000000000001,0.64,0.15500000000000003,Generation X,0.8,0.35,1.1272,1.3023,0.7447999999999999,1.0636,1.1600000000000001,1.035,125.52499200000001,145.571094,67.032,102.10560000000001,120.25427009999999,0.85,0.437037037037037,0.9985925925925925,0.045686844655916825
40,2018,1978,96,108,90,96,0.964,0.66,0.16999999999999998,Generation X,0.8,0.35,1.1268,1.3061999999999998,0.7412000000000001,1.0634000000000001,1.1600000000000001,1.035,125.48044800000001,146.00703599999997,66.70800000000001,102.08640000000001,120.3397794,0.85,0.4388888888888889,0.9992222222222221,0.045687084368443244
40,2019,1979,96,108,90,96,0.972,0.6799999999999999,0.185,Generation X,0.8,0.35,1.1263999999999998,1.3100999999999998,0.7376,1.0632,1.1600000000000001,1.035,125.435904,146.44297799999995,66.384,102.06719999999999,120.42528869999997,0.85,0.4407407407407407,0.9998518518518518,0.04711195808857662
40,2020,1980,96,108,90,96,0.98,0.7,0.2,Generation X,0.8,0.35,1.126,1.314,0.7340000000000001,1.0630000000000002,1.1600000000000001,1.035,125.39136,146.87892,66.06,102.04800000000002,120.510798,0.85,0.44259259259259254,1.0004814814814815,0.04711227381730979
40,2021,1981,96,108,90,96,0.98,0.7374999999999999,0.30000000000000004,Millennials,0.95,0.45,1.12225,1.324,0.7302500000000001,1.061125,1.19,1.045,128.20584,149.42664000000002,65.72250000000001,101.86800000000001,122.309943,0.85,0.5444444444444445,1.035111111111111,0.05030509206760625
40,2022,1982,96,108,90,96,0.98,0.7749999999999999,0.4,Millennials,0.95,0.45,1.1185,1.334,0.7265,1.05925,1.19,1.045,127.77744,150.55524,65.385,101.688,122.47738799999999,0.85,0.5462962962962963,1.0357407407407409,0.05030445301889677
40,2023,1983,96,108,90,96,0.98,0.8125,0.6,Millennials,0.95,0.45,1.11475,1.354,0.72275,1.0573750000000002,1.19,1.045,127.34903999999999,152.81243999999998,65.0475,101.50800000000001,123.03984299999999,0.85,0.5481481481481482,1.0363703703703704,0.05197791746541245
40,2024,1984,96,108,90,96,0.98,0.85,0.8,Millennials,0.95,0.45,1.111,1.374,0.7190000000000001,1.0555,1.19,1.045,126.92064,155.06964000000002,64.71000000000001,101.328,123.602298,0.85,0.55,1.037,0.05197734449401033
42,1970,1928,95,110,88,95,0.05,0.1,0.01,Silent Generation,0.3,0.15,1,1.0159999999999998,0.98,0.9999999999999999,1.06,1.015,100.7,113.43639999999996,86.24,94.99999999999999,102.13373999999997,0.85,0.15,0.901,0.06277433289207832
42,1971,1929,95,110,88,95,0.05,0.10500000000000001,0.01,Silent Generation,0.3,0.15,0.9995,1.0159999999999998,0.9795,0.9997499999999999,1.06,1.015,100.64965000000001,113.43639999999996,86.196,94.97625,102.105955,0.85,0.15185185185185185,0.9016296296296297,0.06277462609592574
42,1972,1930,95,110,88,95,0.05,0.11,0.01,Silent Generation,0.3,0.15,0.999,1.0159999999999998,0.979,0.9994999999999999,1.06,1.015,100.5993,113.43639999999996,86.152,94.9525,102.07816999999997,0.85,0.1537037037037037,0.9022592592592592,0.05893581195505966
42,1973,1931,95,110,88,95,0.05,0.115,0.01,Silent Generation,0.3,0.15,0.9985,1.0159999999999998,0.9785,0.9992499999999999,1.06,1.015,100.54895,113.43639999999996,86.108,94.92875,102.05038499999999,0.85,0.15555555555555556,0.9028888888888889,0.05893616095388677
42,1974,1932,95,110,88,95,0.05,0.12000000000000001,0.01,Silent Generation,0.3,0.15,0.998,1.0159999999999998,0.978,0.9989999999999999,1.06,1.015,100.49860000000001,113.43639999999996,86.064,94.90499999999999,102.02259999999997,0.85,0.1574074074074074,0.9035185185185184,0.0555399981331093
42,1975,1933,95,110,88,95,0.05,0.125,0.01,Silent Generation,0.3,0.15,0.9975,1.0159999999999998,0.9775,0.9987499999999999,1.06,1.015,100.44825,113.43639999999996,86.02000000000001,94.88125,101.99481499999999,0.85,0.15925925925925927,0.904148148148148,0.05554038804557533
42,1976,1934,95,110,88,95,0.05,0.13,0.01,Silent Generation,0.3,0.15,0.997,1.0159999999999998,0.977,0.9984999999999999,1.06,1.015,100.3979,113.43639999999996,85.976,94.85749999999999,101.96702999999998,0.85,0.1611111111111111,0.9047777777777778,0.05333831148840286
42,1977,1935,95,110,88,95,0.05,0.135,0.01,Silent Generation,0.3,0.15,0.9965,1.0159999999999998,0.9765,0.9982499999999999,1.06,1.015,100.34755000000001,113.43639999999996,85.932,94.83374999999998,101.93924499999997,0.85,0.16296296296296295,0.9054074074074074,0.05333874444706272
42,1978,1936,95,110,88,95,0.05,0.14,0.01,Silent Generation,0.3,0.15,0.996,1.0159999999999998,0.976,0.9979999999999999,1.06,1.015,100.2972,113.43639999999996,85.888,94.80999999999999,101.91145999999998,0.85,0.1648148148148148,0.906037037037037,0.05130479827690708
42,1979,1937,95,110,88,95,0.05,0.14500000000000002,0.01,Silent Generation,0.3,0.15,0.9955,1.0159999999999998,0.9755,0.9977499999999999,1.06,1.015,100.24685000000001,113.43639999999996,85.84400000000001,94.78625,101.88367499999998,0.85,0.16666666666666666,0.9066666666666666,0.05130526633469141
42,1980,1938,95,110,88,95,0.05,0.15000000000000002,0.01,Silent Generation,0.3,0.15,0.995,1.0159999999999998,0.975,0.9974999999999999,1.06,1.015,100.19650000000001,113.43639999999996,85.8,94.76249999999999,101.85589,0.85,0.1685185185185185,0.9072962962962963,0.049420897714457485
42,1981,1939,95,110,88,95,0.065,0.15500000000000003,0.01,Silent Generation,0.3,0.15,0.9974999999999999,1.0205,0.9715,0.9987499999999999,1.06,1.015,100.44824999999999,113.93882499999998,85.492,94.88125,102.09146374999999,0.85,0.17037037037037037,0.9079259259259258,0.04942139429861699
42,1982,1940,95,110,88,95,0.08,0.16000000000000003,0.01,Silent Generation,0.3,0.15,1,1.025,0.968,1,1.06,1.015,100.7,114.44124999999997,85.184,95,102.32703749999999,0.85,0.17222222222222222,0.9085555555555557,0.047670683433315264
42,1983,1941,95,110,88,95,0.095,0.165,0.01,Silent Generation,0.3,0.15,1.0025,1.0294999999999999,0.9645,1.00125,1.06,1.015,100.95175,114.94367499999998,84.876,95.11874999999999,102.56261124999997,0.85,0.17407407407407408,0.9091851851851852,0.04761128954677342
42,1984,1942,95,110,88,95,0.11,0.17,0.01,Silent Generation,0.3,0.15,1.0050000000000001,1.0339999999999998,0.961,1.0025,1.06,1.015,101.20350000000002,115.44609999999997,84.568,95.2375,102.79818499999999,0.85,0.17592592592592593,0.9098148148148149,0.045984563862665924
42,1985,1943,95,110,88,95,0.125,0.175,0.01,Silent Generation,0.3,0.15,1.0074999999999998,1.0385,0.9575,1.00375,1.06,1.015,101.45524999999999,115.94852499999999,84.26,95.35624999999999,103.03375874999999,0.85,0.17777777777777776,0.9104444444444444,0.04592946346494473
42,1986,1944,95,110,88,95,0.14,0.18,0.01,Silent Generation,0.3,0.15,1.01,1.043,0.954,1.0050000000000001,1.06,1.015,101.70700000000001,116.45094999999998,83.952,95.47500000000001,103.26933249999999,0.85,0.17962962962962964,0.911074074074074,0.04560547436256343
42,1987,1945,95,110,88,95,0.15500000000000003,0.185,0.01,Silent Generation,0.3,0.15,1.0125,1.0474999999999999,0.9505,1.00625,1.06,1.015,101.95875000000001,116.95337499999997,83.644,95.59375000000001,103.50490624999998,0.85,0.18148148148148147,0.9117037037037037,0.04555144337527757
42,1988,1946,95,110,88,95,0.16999999999999998,0.19,0.01,Baby Boomers,0.5,0.25,1.0150000000000001,1.0519999999999998,0.947,1.0074999999999998,1.1,1.025,106.06750000000002,118.61299999999997,83.336,95.71249999999999,105.49544999999999,0.85,0.2833333333333333,0.9463333333333332,0.04691864020228396
42,1989,1947,95,110,88,95,0.185,0.195,0.01,Baby Boomers,0.5,0.25,1.0174999999999998,1.0565,0.9435,1.00875,1.1,1.025,106.32874999999999,119.120375,83.028,95.83125,105.73608124999998,0.85,0.2851851851851852,0.9469629629629629,0.046862513654792194
42,1990,1948,95,110,88,95,0.2,0.2,0.01,Baby Boomers,0.5,0.25,1.02,1.061,0.94,1.01,1.1,1.025,106.59000000000002,119.62774999999998,82.72,95.95,105.97671249999999,0.85,0.28703703703703703,0.9475925925925924,0.04653654259953472
42,1991,1949,95,110,88,95,0.25,0.21500000000000002,0.01,Baby Boomers,0.5,0.25,1.0285,1.0759999999999998,0.9285,1.0142499999999999,1.1,1.025,107.47825,121.31899999999997,81.708,96.35374999999999,106.7883,0.85,0.28888888888888886,0.9482222222222223,0.04645870760520442
42,1992,1950,95,110,88,95,0.30000000000000004,0.23,0.01,Baby Boomers,0.5,0.25,1.0370000000000001,1.091,0.9169999999999999,1.0185,1.1,1.025,108.36650000000003,123.01024999999998,80.696,96.7575,107.5998875,0.85,0.29074074074074074,0.9488518518518518,0.046381235324255865
42,1993,1951,95,110,88,95,0.35,0.245,0.01,Baby Boomers,0.5,0.25,1.0455,1.1059999999999999,0.9055000000000001,1.0227499999999998,1.1,1.025,109.25475000000002,124.70149999999997,79.68400000000001,97.16124999999998,108.41147499999998,0.85,0.2925925925925926,0.9494814814814815,0.04630412322720015
42,1994,1952,95,110,88,95,0.4,0.26,0.01,Baby Boomers,0.5,0.25,1.054,1.121,0.8939999999999999,1.0270000000000001,1.1,1.025,110.14300000000001,126.39274999999999,78.672,97.56500000000001,109.22306249999998,0.85,0.29444444444444445,0.950111111111111,0.04622736880801397
42,1995,1953,95,110,88,95,0.45,0.275,0.01,Baby Boomers,0.5,0.25,1.0625,1.136,0.8825000000000001,1.03125,1.1,1.025,111.03125000000001,128.08399999999997,77.66000000000001,97.96875,110.03465,0.85,0.2962962962962963,0.9507407407407407,0.0461509695838682
42,1996,1954,95,110,88,95,0.5,0.29000000000000004,0.01,Baby Boomers,0.5,0.25,1.0710000000000002,1.1509999999999998,0.871,1.0355,1.1,1.025,111.91950000000003,129.77524999999997,76.648,98.3725,110.8462375,0.85,0.29814814814814816,0.9513703703703703,0.04607492309486013
42,1997,1955,95,110,88,95,0.55,0.30500000000000005,0.01,Baby Boomers,0.5,0.25,1.0795000000000001,1.166,0.8595,1.03975,1.1,1.025,112.80775000000001,131.46649999999997,75.63600000000001,98.77624999999999,111.65782499999997,0.85,0.3,0.9520000000000001,0.04599922690374952
42,1998,1956,95,110,88,95,0.6000000000000001,0.32,0.01,Baby Boomers,0.5,0.25,1.088,1.1809999999999998,0.848,1.044,1.1,1.025,113.69600000000003,133.15774999999996,74.624,99.18,112.46941249999999,0.85,0.30185185185185187,0.9526296296296297,0.0459238785956981
42,1999,1957,95,110,88,95,0.65,0.33499999999999996,0.01,Baby Boomers,0.5,0.25,1.0964999999999998,1.196,0.8365,1.04825,1.1,1.025,114.58424999999998,134.849,73.612,99.58375,113.28099999999998,0.85,0.3037037037037037,0.9532592592592593,0.04579601219898437
42,2000,1958,95,110,88,95,0.7,0.35,0.01,Baby Boomers,0.5,0.25,1.105,1.2109999999999999,0.825,1.0525,1.1,1.025,115.4725,136.54024999999996,72.6,99.9875,114.09258749999998,0.85,0.3055555555555556,0.9538888888888889,0.0457215591664137
42,2001,1959,95,110,88,95,0.72,0.365,0.014,Baby Boomers,0.5,0.25,1.1075,1.2174,0.8195,1.05375,1.1,1.025,115.73375,137.26185,72.116,100.10625,114.3817975,0.85,0.3074074074074074,0.9545185185185184,0.04559511425316151
42,2002,1960,95,110,88,95,0.74,0.38,0.018000000000000002,Baby Boomers,0.5,0.25,1.1099999999999999,1.2238,0.814,1.0550000000000002,1.1,1.025,115.99499999999999,137.98344999999998,71.63199999999999,100.22500000000001,114.67100749999997,0.85,0.30925925925925923,0.9551481481481481,0.045543246569996094
42,2003,1961,95,110,88,95,0.76,0.39499999999999996,0.022,Baby Boomers,0.5,0.25,1.1125,1.2302,0.8085,1.0562500000000001,1.1,1.025,116.25625000000001,138.70505,71.148,100.34375000000001,114.9602175,0.85,0.3111111111111111,0.9557777777777777,0.045418065851443534
42,2004,1962,95,110,88,95,0.7799999999999999,0.41,0.026000000000000002,Baby Boomers,0.5,0.25,1.115,1.2366,0.8029999999999999,1.0575,1.1,1.025,116.51750000000001,139.42664999999997,70.66399999999999,100.4625,115.24942749999997,0.85,0.312962962962963,0.9564074074074075,0.0453667834962799
42,2005,1963,95,110,88,95,0.7999999999999999,0.425,0.03,Baby Boomers,0.5,0.25,1.1175,1.2429999999999999,0.7975,1.05875,1.1,1.025,116.77875,140.14825,70.17999999999999,100.58125000000001,115.5386375,0.85,0.3148148148148148,0.957037037037037,0.04524284763805722
42,2006,1964,95,110,88,95,0.82,0.43999999999999995,0.034,Baby Boomers,0.5,0.25,1.1199999999999999,1.2494,0.7919999999999999,1.06,1.1,1.025,117.04,140.86984999999999,69.696,100.7,115.8278475,0.85,0.31666666666666665,0.9576666666666667,0.04519214131785506
42,2007,1965,95,110,88,95,0.84,0.45499999999999996,0.038000000000000006,Generation X,0.8,0.35,1.1224999999999998,1.2558,0.7865,1.06125,1.1600000000000001,1.035,123.6995,142.97283,69.212,100.81875000000001,118.83992799999997,0.85,0.4185185185185185,0.9922962962962963,0.046646539986976855
42,2008,1966,95,110,88,95,0.86,0.47,0.042,Generation X,0.8,0.35,1.125,1.2622,0.7809999999999999,1.0625,1.1600000000000001,1.035,123.97500000000001,143.70146999999997,68.728,100.9375,119.13658949999999,0.85,0.42037037037037034,0.9929259259259259,0.04659363654217481
42,2009,1967,95,110,88,95,0.8799999999999999,0.485,0.046,Generation X,0.8,0.35,1.1275,1.2686,0.7755000000000001,1.06375,1.1600000000000001,1.035,124.25050000000002,144.43010999999998,68.244,101.05624999999999,119.43325099999998,0.85,0.4222222222222222,0.9935555555555555,0.04644519238760077
42,2010,1968,95,110,88,95,0.8999999999999999,0.5,0.05,Generation X,0.8,0.35,1.13,1.275,0.77,1.0650000000000002,1.1600000000000001,1.035,124.52600000000001,145.15875,67.76,101.17500000000001,119.72991249999998,0.85,0.42407407407407405,0.9941851851851851,0.04639293744739466
42,2011,1969,95,110,88,95,0.908,0.52,0.065,Generation X,0.8,0.35,1.1296,1.2789,0.7664,1.0648,1.1600000000000001,1.035,124.48192000000002,145.60276499999998,67.44319999999999,101.15599999999999,119.81951975,0.85,0.42592592592592593,0.9948148148148149,0.04624607872508204
42,2012,1970,95,110,88,95,0.916,0.54,0.08,Generation X,0.8,0.35,1.1292,1.2828,0.7627999999999999,1.0646000000000002,1.1600000000000001,1.035,124.43784000000002,146.04677999999998,67.12639999999999,101.13700000000001,119.909127,0.85,0.42777777777777776,0.9954444444444445,0.04623737491032767
42,2013,1971,95,110,88,95,0.924,0.56,0.095,Generation X,0.8,0.35,1.1288,1.2867000000000002,0.7591999999999999,1.0644,1.1600000000000001,1.035,124.39376000000001,146.490795,66.80959999999999,101.118,119.99873425,0.85,0.4296296296296296,0.9960740740740741,0.046091779094000224
42,2014,1972,95,110,88,95,0.932,0.58,0.11,Generation X,0.8,0.35,1.1283999999999998,1.2906,0.7556,1.0642,1.1600000000000001,1.035,124.34967999999999,146.93481,66.4928,101.099,120.08834149999998,0.85,0.43148148148148147,0.9967037037037038,0.046083241290145814
42,2015,1973,95,110,88,95,0.9400000000000001,0.6,0.125,Generation X,0.8,0.35,1.128,1.2945,0.752,1.064,1.1600000000000001,1.035,124.30560000000001,147.378825,66.176,101.08000000000001,120.17794875000001,0.85,0.4333333333333333,0.9973333333333333,0.045888162939787126
42,2016,1974,95,110,88,95,0.9480000000000001,0.62,0.14,Generation X,0.8,0.35,1.1276,1.2984,0.7484,1.0638,1.1600000000000001,1.035,124.26152000000002,147.82284,65.8592,101.061,120.267556,0.85,0.4351851851851852,0.9979629629629629,0.045879838922517645
42,2017,1975,95,110,88,95,0.9560000000000001,0.64,0.15500000000000003,Generation X,0.8,0.35,1.1272,1.3023,0.7447999999999999,1.0636,1.1600000000000001,1.035,124.21744000000002,148.266855,65.54239999999999,101.04200000000002,120.35716325000001,0.85,0.437037037037037,0.9985925925925925,0.045686844655916825
42,2018,1976,95,110,88,95,0.964,0.66,0.16999999999999998,Generation X,0.8,0.35,1.1268,1.3061999999999998,0.7412000000000001,1.0634000000000001,1.1600000000000001,1.035,124.17336000000002,148.71086999999997,65.22560000000001,101.02300000000001,120.4467705,0.85,0.4388888888888889,0.9992222222222221,0.045687084368443244
42,2019,1977,95,110,88,95,0.972,0.6799999999999999,0.185,Generation X,0.8,0.35,1.1263999999999998,1.3100999999999998,0.7376,1.0632,1.1600000000000001,1.035,124.12928,149.15488499999998,64.9088,101.00399999999999,120.53637774999999,0.85,0.4407407407407407,0.9998518518518518,0.04711195808857662
42,2020,1978,95,110,88,95,0.98,0.7,0.2,Generation X,0.8,0.35,1.126,1.314,0.7340000000000001,1.0630000000000002,1.1600000000000001,1.035,124.0852,149.59890000000001,64.59200000000001,100.98500000000001,120.625985,0.85,0.44259259259259254,1.0004814814814815,0.04711227381730979
42,2021,1979,95,110,88,95,0.98,0.7374999999999999,0.30000000000000004,Generation X,0.8,0.35,1.12225,1.324,0.7302500000000001,1.061125,1.1600000000000001,1.035,123.67195000000001,150.7374,64.262,100.806875,120.80360375000001,0.85,0.4444444444444444,1.001111111111111,0.048652735028889255
42,2022,1980,95,110,88,95,0.98,0.7749999999999999,0.4,Generation X,0.8,0.35,1.1185,1.334,0.7265,1.05925,1.1600000000000001,1.035,123.25870000000002,151.8759,63.932,100.62875,120.9812225,0.85,0.4462962962962963,1.0017407407407408,0.04865312143043451
42,2023,1981,95,110,88,95,0.98,0.8125,0.6,Millennials,0.95,0.45,1.11475,1.354,0.72275,1.0573750000000002,1.19,1.045,126.02248749999998,155.64229999999998,63.602000000000004,100.45062500000002,123.19056937499998,0.85,0.5481481481481482,1.0363703703703704,0.05197791746541245
42,2024,1982,95,110,88,95,0.98,0.85,0.8,Millennials,0.95,0.45,1.111,1.374,0.7190000000000001,1.0555,1.19,1.045,125.59855,157.9413,63.272000000000006,100.27250000000001,123.7706225,0.85,0.55,1.037,0.05197734449401033
44,1970,1926,94,112,86,94,0.05,0.1,0.01,Silent Generation,0.3,0.15,1,1.0159999999999998,0.98,0.9999999999999999,1.06,1.015,99.64,115.49887999999996,84.28,93.99999999999999,102.04060799999996,0.85,0.15,0.901,0.06277433289207832
44,1971,1927,94,112,86,94,0.05,0.10500000000000001,0.01,Silent Generation,0.3,0.15,0.9995,1.0159999999999998,0.9795,0.9997499999999999,1.06,1.015,99.59018,115.49887999999996,84.23700000000001,93.97649999999999,102.01319599999998,0.85,0.15185185185185185,0.9016296296296297,0.06277462609592574
44,1972,1928,94,112,86,94,0.05,0.11,0.01,Silent Generation,0.3,0.15,0.999,1.0159999999999998,0.979,0.9994999999999999,1.06,1.015,99.54036,115.49887999999996,84.194,93.95299999999999,101.98578399999998,0.85,0.1537037037037037,0.9022592592592592,0.05893581195505966
44,1973,1929,94,112,86,94,0.05,0.115,0.01,Silent Generation,0.3,0.15,0.9985,1.0159999999999998,0.9785,0.9992499999999999,1.06,1.015,99.49054000000001,115.49887999999996,84.151,93.92949999999999,101.95837199999997,0.85,0.15555555555555556,0.9028888888888889,0.05893616095388677
44,1974,1930,94,112,86,94,0.05,0.12000000000000001,0.01,Silent Generation,0.3,0.15,0.998,1.0159999999999998,0.978,0.9989999999999999,1.06,1.015,99.44072,115.49887999999996,84.108,93.90599999999999,101.93095999999998,0.85,0.1574074074074074,0.9035185185185184,0.0555399981331093
44,1975,1931,94,112,86,94,0.05,0.125,0.01,Silent Generation,0.3,0.15,0.9975,1.0159999999999998,0.9775,0.9987499999999999,1.06,1.015,99.3909,115.49887999999996,84.065,93.8825,101.90354799999999,0.85,0.15925925925925927,0.904148148148148,0.05554038804557533
44,1976,1932,94,112,86,94,0.05,0.13,0.01,Silent Generation,0.3,0.15,0.997,1.0159999999999998,0.977,0.9984999999999999,1.06,1.015,99.34108,115.49887999999996,84.02199999999999,93.859,101.87613599999999,0.85,0.1611111111111111,0.9047777777777778,0.05333831148840286
44,1977,1933,94,112,86,94,0.05,0.135,0.01,Silent Generation,0.3,0.15,0.9965,1.0159999999999998,0.9765,0.9982499999999999,1.06,1.015,99.29126000000001,115.49887999999996,83.979,93.83549999999998,101.84872399999999,0.85,0.16296296296296295,0.9054074074074074,0.05333874444706272
44,1978,1934,94,112,86,94,0.05,0.14,0.01,Silent Generation,0.3,0.15,0.996,1.0159999999999998,0.976,0.9979999999999999,1.06,1.015,99.24144,115.49887999999996,83.93599999999999,93.81199999999998,101.82131199999998,0.85,0.1648148148148148,0.906037037037037,0.05130479827690708
44,1979,1935,94,112,86,94,0.05,0.14500000000000002,0.01,Silent Generation,0.3,0.15,0.9955,1.0159999999999998,0.9755,0.9977499999999999,1.06,1.015,99.19162,115.49887999999996,83.893,93.7885,101.7939,0.85,0.16666666666666666,0.9066666666666666,0.05130526633469141
44,1980,1936,94,112,86,94,0.05,0.15000000000000002,0.01,Silent Generation,0.3,0.15,0.995,1.0159999999999998,0.975,0.9974999999999999,1.06,1.015,99.1418,115.49887999999996,83.85,93.765,101.766488,0.85,0.1685185185185185,0.9072962962962963,0.049420897714457485
44,1981,1937,94,112,86,94,0.065,0.15500000000000003,0.01,Silent Generation,0.3,0.15,0.9974999999999999,1.0205,0.9715,0.9987499999999999,1.06,1.015,99.3909,116.01043999999997,83.549,93.8825,102.005194,0.85,0.17037037037037037,0.9079259259259258,0.04942139429861699
44,1982,1938,94,112,86,94,0.08,0.16000000000000003,0.01,Silent Generation,0.3,0.15,1,1.025,0.968,1,1.06,1.015,99.64,116.52199999999998,83.24799999999999,94,102.24389999999998,0.85,0.17222222222222222,0.9085555555555557,0.047670683433315264
44,1983,1939,94,112,86,94,0.095,0.165,0.01,Silent Generation,0.3,0.15,1.0025,1.0294999999999999,0.9645,1.00125,1.06,1.015,99.8891,117.03355999999998,82.947,94.11749999999999,102.48260599999999,0.85,0.17407407407407408,0.9091851851851852,0.04761128954677342
44,1984,1940,94,112,86,94,0.11,0.17,0.01,Silent Generation,0.3,0.15,1.0050000000000001,1.0339999999999998,0.961,1.0025,1.06,1.015,100.13820000000001,117.54511999999997,82.646,94.235,102.72131199999998,0.85,0.17592592592592593,0.9098148148148149,0.045984563862665924
44,1985,1941,94,112,86,94,0.125,0.175,0.01,Silent Generation,0.3,0.15,1.0074999999999998,1.0385,0.9575,1.00375,1.06,1.015,100.38729999999998,118.05667999999999,82.345,94.35249999999999,102.96001799999998,0.85,0.17777777777777776,0.9104444444444444,0.04592946346494473
44,1986,1942,94,112,86,94,0.14,0.18,0.01,Silent Generation,0.3,0.15,1.01,1.043,0.954,1.0050000000000001,1.06,1.015,100.63640000000001,118.56823999999997,82.044,94.47000000000001,103.198724,0.85,0.17962962962962964,0.911074074074074,0.04560547436256343
44,1987,1943,94,112,86,94,0.15500000000000003,0.185,0.01,Silent Generation,0.3,0.15,1.0125,1.0474999999999999,0.9505,1.00625,1.06,1.015,100.88550000000001,119.07979999999998,81.743,94.5875,103.43742999999999,0.85,0.18148148148148147,0.9117037037037037,0.04555144337527757
44,1988,1944,94,112,86,94,0.16999999999999998,0.19,0.01,Silent Generation,0.3,0.15,1.0150000000000001,1.0519999999999998,0.947,1.0074999999999998,1.06,1.015,101.13460000000002,119.59135999999997,81.442,94.70499999999998,103.676136,0.85,0.18333333333333332,0.9123333333333332,0.045232940554297704
44,1989,1945,94,112,86,94,0.185,0.195,0.01,Silent Generation,0.3,0.15,1.0174999999999998,1.0565,0.9435,1.00875,1.06,1.015,101.38369999999999,120.10292,81.141,94.8225,103.914842,0.85,0.18518518518518517,0.9129629629629629,0.04517994999963343
44,1990,1946,94,112,86,94,0.2,0.2,0.01,Baby Boomers,0.5,0.25,1.02,1.061,0.94,1.01,1.1,1.025,105.468,121.80279999999998,80.83999999999999,94.94,105.91177999999998,0.85,0.28703703703703703,0.9475925925925924,0.04653654259953472
44,1991,1947,94,112,86,94,0.25,0.21500000000000002,0.01,Baby Boomers,0.5,0.25,1.0285,1.0759999999999998,0.9285,1.0142499999999999,1.1,1.025,106.3469,123.52479999999997,79.851,95.33949999999999,106.73366999999998,0.85,0.28888888888888886,0.9482222222222223,0.04645870760520442
44,1992,1948,94,112,86,94,0.30000000000000004,0.23,0.01,Baby Boomers,0.5,0.25,1.0370000000000001,1.091,0.9169999999999999,1.0185,1.1,1.025,107.22580000000002,125.24679999999998,78.862,95.73899999999999,107.55556,0.85,0.29074074074074074,0.9488518518518518,0.046381235324255865
44,1993,1949,94,112,86,94,0.35,0.245,0.01,Baby Boomers,0.5,0.25,1.0455,1.1059999999999999,0.9055000000000001,1.0227499999999998,1.1,1.025,108.10470000000002,126.96879999999997,77.873,96.13849999999998,108.37744999999998,0.85,0.2925925925925926,0.9494814814814815,0.04630412322720015
44,1994,1950,94,112,86,94,0.4,0.26,0.01,Baby Boomers,0.5,0.25,1.054,1.121,0.8939999999999999,1.0270000000000001,1.1,1.025,108.98360000000002,128.69079999999997,76.88399999999999,96.53800000000001,109.19933999999999,0.85,0.29444444444444445,0.950111111111111,0.04622736880801397
44,1995,1951,94,112,86,94,0.45,0.275,0.01,Baby Boomers,0.5,0.25,1.0625,1.136,0.8825000000000001,1.03125,1.1,1.025,109.86250000000001,130.41279999999998,75.89500000000001,96.9375,110.02123,0.85,0.2962962962962963,0.9507407407407407,0.0461509695838682
44,1996,1952,94,112,86,94,0.5,0.29000000000000004,0.01,Baby Boomers,0.5,0.25,1.0710000000000002,1.1509999999999998,0.871,1.0355,1.1,1.025,110.74140000000003,132.13479999999996,74.906,97.337,110.84311999999998,0.85,0.29814814814814816,0.9513703703703703,0.04607492309486013
44,1997,1953,94,112,86,94,0.55,0.30500000000000005,0.01,Baby Boomers,0.5,0.25,1.0795000000000001,1.166,0.8595,1.03975,1.1,1.025,111.62030000000003,133.85679999999996,73.917,97.73649999999999,111.66500999999997,0.85,0.3,0.9520000000000001,0.04599922690374952
44,1998,1954,94,112,86,94,0.6000000000000001,0.32,0.01,Baby Boomers,0.5,0.25,1.088,1.1809999999999998,0.848,1.044,1.1,1.025,112.49920000000002,135.57879999999997,72.928,98.13600000000001,112.48689999999999,0.85,0.30185185185185187,0.9526296296296297,0.0459238785956981
44,1999,1955,94,112,86,94,0.65,0.33499999999999996,0.01,Baby Boomers,0.5,0.25,1.0964999999999998,1.196,0.8365,1.04825,1.1,1.025,113.37809999999999,137.30079999999998,71.93900000000001,98.53549999999998,113.30878999999999,0.85,0.3037037037037037,0.9532592592592593,0.04579601219898437
44,2000,1956,94,112,86,94,0.7,0.35,0.01,Baby Boomers,0.5,0.25,1.105,1.2109999999999999,0.825,1.0525,1.1,1.025,114.25700000000002,139.02279999999996,70.95,98.935,114.13067999999998,0.85,0.3055555555555556,0.9538888888888889,0.0457215591664137
44,2001,1957,94,112,86,94,0.72,0.365,0.014,Baby Boomers,0.5,0.25,1.1075,1.2174,0.8195,1.05375,1.1,1.025,114.5155,139.75752,70.477,99.0525,114.42498199999999,0.85,0.3074074074074074,0.9545185185185184,0.04559511425316151
44,2002,1958,94,112,86,94,0.74,0.38,0.018000000000000002,Baby Boomers,0.5,0.25,1.1099999999999999,1.2238,0.814,1.0550000000000002,1.1,1.025,114.774,140.49223999999998,70.00399999999999,99.17000000000002,114.71928399999997,0.85,0.30925925925925923,0.9551481481481481,0.045543246569996094
44,2003,1959,94,112,86,94,0.76,0.39499999999999996,0.022,Baby Boomers,0.5,0.25,1.1125,1.2302,0.8085,1.0562500000000001,1.1,1.025,115.03250000000001,141.22696,69.531,99.28750000000001,115.01358599999999,0.85,0.3111111111111111,0.9557777777777777,0.045418065851443534
44,2004,1960,94,112,86,94,0.7799999999999999,0.41,0.026000000000000002,Baby Boomers,0.5,0.25,1.115,1.2366,0.8029999999999999,1.0575,1.1,1.025,115.29100000000001,141.96168,69.05799999999999,99.40500000000002,115.307888,0.85,0.312962962962963,0.9564074074074075,0.0453667834962799
44,2005,1961,94,112,86,94,0.7999999999999999,0.425,0.03,Baby Boomers,0.5,0.25,1.1175,1.2429999999999999,0.7975,1.05875,1.1,1.025,115.5495,142.69639999999995,68.585,99.52250000000001,115.60218999999998,0.85,0.3148148148148148,0.957037037037037,0.04524284763805722
44,2006,1962,94,112,86,94,0.82,0.43999999999999995,0.034,Baby Boomers,0.5,0.25,1.1199999999999999,1.2494,0.7919999999999999,1.06,1.1,1.025,115.80799999999999,143.43112,68.112,99.64,115.896492,0.85,0.31666666666666665,0.9576666666666667,0.04519214131785506
44,2007,1963,94,112,86,94,0.84,0.45499999999999996,0.038000000000000006,Baby Boomers,0.5,0.25,1.1224999999999998,1.2558,0.7865,1.06125,1.1,1.025,116.06649999999999,144.16583999999997,67.639,99.75750000000001,116.19079399999998,0.85,0.31851851851851853,0.9582962962962963,0.04504824483513882
44,2008,1964,94,112,86,94,0.86,0.47,0.042,Baby Boomers,0.5,0.25,1.125,1.2622,0.7809999999999999,1.0625,1.1,1.025,116.325,144.90055999999998,67.166,99.875,116.485096,0.85,0.32037037037037036,0.9589259259259258,0.04499816642595576
44,2009,1965,94,112,86,94,0.8799999999999999,0.485,0.046,Generation X,0.8,0.35,1.1275,1.2686,0.7755000000000001,1.06375,1.1600000000000001,1.035,122.94260000000001,147.05611199999998,66.69300000000001,99.99249999999999,119.50237419999999,0.85,0.4222222222222222,0.9935555555555555,0.04644519238760077
44,2010,1966,94,112,86,94,0.8999999999999999,0.5,0.05,Generation X,0.8,0.35,1.13,1.275,0.77,1.0650000000000002,1.1600000000000001,1.035,123.2152,147.79799999999997,66.22,100.11000000000001,119.80411999999998,0.85,0.42407407407407405,0.9941851851851851,0.04639293744739466
44,2011,1967,94,112,86,94,0.908,0.52,0.065,Generation X,0.8,0.35,1.1296,1.2789,0.7664,1.0648,1.1600000000000001,1.035,123.17158400000001,148.25008799999998,65.9104,100.0912,119.89782519999999,0.85,0.42592592592592593,0.9948148148148149,0.04624607872508204
44,2012,1968,94,112,86,94,0.916,0.54,0.08,Generation X,0.8,0.35,1.1292,1.2828,0.7627999999999999,1.0646000000000002,1.1600000000000001,1.035,123.12796800000002,148.70217599999998,65.60079999999999,100.07240000000002,119.99153039999999,0.85,0.42777777777777776,0.9954444444444445,0.04623737491032767
44,2013,1969,94,112,86,94,0.924,0.56,0.095,Generation X,0.8,0.35,1.1288,1.2867000000000002,0.7591999999999999,1.0644,1.1600000000000001,1.035,123.08435200000002,149.154264,65.29119999999999,100.0536,120.0852356,0.85,0.4296296296296296,0.9960740740740741,0.046091779094000224
44,2014,1970,94,112,86,94,0.932,0.58,0.11,Generation X,0.8,0.35,1.1283999999999998,1.2906,0.7556,1.0642,1.1600000000000001,1.035,123.040736,149.606352,64.9816,100.0348,120.17894079999999,0.85,0.43148148148148147,0.9967037037037038,0.046083241290145814
44,2015,1971,94,112,86,94,0.9400000000000001,0.6,0.125,Generation X,0.8,0.35,1.128,1.2945,0.752,1.064,1.1600000000000001,1.035,122.99712000000001,150.05844,64.672,100.016,120.272646,0.85,0.4333333333333333,0.9973333333333333,0.045888162939787126
44,2016,1972,94,112,86,94,0.9480000000000001,0.62,0.14,Generation X,0.8,0.35,1.1276,1.2984,0.7484,1.0638,1.1600000000000001,1.035,122.95350400000001,150.51052799999997,64.3624,99.9972,120.36635119999998,0.85,0.4351851851851852,0.9979629629629629,0.045879838922517645
44,2017,1973,94,112,86,94,0.9560000000000001,0.64,0.15500000000000003,Generation X,0.8,0.35,1.1272,1.3023,0.7447999999999999,1.0636,1.1600000000000001,1.035,122.90988800000001,150.96261599999997,64.05279999999999,99.97840000000001,120.46005639999997,0.85,0.437037037037037,0.9985925925925925,0.045686844655916825
44,2018,1974,94,112,86,94,0.964,0.66,0.16999999999999998,Generation X,0.8,0.35,1.1268,1.3061999999999998,0.7412000000000001,1.0634000000000001,1.1600000000000001,1.035,122.86627200000002,151.41470399999994,63.74320000000001,99.95960000000001,120.55376159999997,0.85,0.4388888888888889,0.9992222222222221,0.045687084368443244
44,2019,1975,94,112,86,94,0.972,0.6799999999999999,0.185,Generation X,0.8,0.35,1.1263999999999998,1.3100999999999998,0.7376,1.0632,1.1600000000000001,1.035,122.82265600000001,151.86679199999995,63.433600000000006,99.9408,120.64746679999998,0.85,0.4407407407407407,0.9998518518518518,0.04711195808857662
44,2020,1976,94,112,86,94,0.98,0.7,0.2,Generation X,0.8,0.35,1.126,1.314,0.7340000000000001,1.0630000000000002,1.1600000000000001,1.035,122.77904000000001,152.31888,63.12400000000001,99.92200000000001,120.74117199999999,0.85,0.44259259259259254,1.0004814814814815,0.04711227381730979
44,2021,1977,94,112,86,94,0.98,0.7374999999999999,0.30000000000000004,Generation X,0.8,0.35,1.12225,1.324,0.7302500000000001,1.061125,1.1600000000000001,1.035,122.37014000000002,153.47808,62.801500000000004,99.74575000000002,120.9289645,0.85,0.4444444444444444,1.001111111111111,0.048652735028889255
44,2022,1978,94,112,86,94,0.98,0.7749999999999999,0.4,Generation X,0.8,0.35,1.1185,1.334,0.7265,1.05925,1.1600000000000001,1.035,121.96124000000003,154.63728,62.479000000000006,99.5695,121.11675699999999,0.85,0.4462962962962963,1.0017407407407408,0.04865312143043451
44,2023,1979,94,112,86,94,0.98,0.8125,0.6,Generation X,0.8,0.35,1.11475,1.354,0.72275,1.0573750000000002,1.1600000000000001,1.035,121.55234,156.95568,62.1565,99.39325000000002,121.71026949999998,0.85,0.44814814814814813,1.0023703703703704,0.05027268809534424
44,2024,1980,94,112,86,94,0.98,0.85,0.8,Generation X,0.8,0.35,1.111,1.374,0.7190000000000001,1.0555,1.1600000000000001,1.035,121.14344000000001,159.27408,61.83400000000001,99.21700000000001,122.30378200000001,0.85,0.44999999999999996,1.003,0.05027316926469851
46,1970,1924,93,114,84,93,0.05,0.1,0.01,Silent Generation,0.3,0.15,1,1.0159999999999998,0.98,0.9999999999999999,1.06,1.015,98.58,117.56135999999995,82.32,92.99999999999999,101.94747599999998,0.85,0.15,0.901,0.06277433289207832
46,1971,1925,93,114,84,93,0.05,0.10500000000000001,0.01,Silent Generation,0.3,0.15,0.9995,1.0159999999999998,0.9795,0.9997499999999999,1.06,1.015,98.53071000000001,117.56135999999995,82.278,92.97675,101.92043699999998,0.85,0.15185185185185185,0.9016296296296297,0.06277462609592574
46,1972,1926,93,114,84,93,0.05,0.11,0.01,Silent Generation,0.3,0.15,0.999,1.0159999999999998,0.979,0.9994999999999999,1.06,1.015,98.48142,117.56135999999995,82.236,92.95349999999999,101.89339799999999,0.85,0.1537037037037037,0.9022592592592592,0.05893581195505966
46,1973,1927,93,114,84,93,0.05,0.115,0.01,Silent Generation,0.3,0.15,0.9985,1.0159999999999998,0.9785,0.9992499999999999,1.06,1.015,98.43213,117.56135999999995,82.194,92.93024999999999,101.86635899999997,0.85,0.15555555555555556,0.9028888888888889,0.05893616095388677
46,1974,1928,93,114,84,93,0.05,0.12000000000000001,0.01,Silent Generation,0.3,0.15,0.998,1.0159999999999998,0.978,0.9989999999999999,1.06,1.015,98.38284,117.56135999999995,82.152,92.907,101.83931999999997,0.85,0.1574074074074074,0.9035185185185184,0.0555399981331093
46,1975,1929,93,114,84,93,0.05,0.125,0.01,Silent Generation,0.3,0.15,0.9975,1.0159999999999998,0.9775,0.9987499999999999,1.06,1.015,98.33355,117.56135999999995,82.11,92.88374999999999,101.81228099999998,0.85,0.15925925925925927,0.904148148148148,0.05554038804557533
46,1976,1930,93,114,84,93,0.05,0.13,0.01,Silent Generation,0.3,0.15,0.997,1.0159999999999998,0.977,0.9984999999999999,1.06,1.015,98.28426,117.56135999999995,82.068,92.8605,101.78524199999997,0.85,0.1611111111111111,0.9047777777777778,0.05333831148840286
46,1977,1931,93,114,84,93,0.05,0.135,0.01,Silent Generation,0.3,0.15,0.9965,1.0159999999999998,0.9765,0.9982499999999999,1.06,1.015,98.23497000000002,117.56135999999995,82.026,92.83724999999998,101.75820299999997,0.85,0.16296296296296295,0.9054074074074074,0.05333874444706272
46,1978,1932,93,114,84,93,0.05,0.14,0.01,Silent Generation,0.3,0.15,0.996,1.0159999999999998,0.976,0.9979999999999999,1.06,1.015,98.18568,117.56135999999995,81.984,92.814,101.73116399999998,0.85,0.1648148148148148,0.906037037037037,0.05130479827690708
46,1979,1933,93,114,84,93,0.05,0.14500000000000002,0.01,Silent Generation,0.3,0.15,0.9955,1.0159999999999998,0.9755,0.9977499999999999,1.06,1.015,98.13639,117.56135999999995,81.94200000000001,92.79074999999999,101.70412499999998,0.85,0.16666666666666666,0.9066666666666666,0.05130526633469141
46,1980,1934,93,114,84,93,0.05,0.15000000000000002,0.01,Silent Generation,0.3,0.15,0.995,1.0159999999999998,0.975,0.9974999999999999,1.06,1.015,98.0871,117.56135999999995,81.89999999999999,92.7675,101.67708599999999,0.85,0.1685185185185185,0.9072962962962963,0.049420897714457485
46,1981,1935,93,114,84,93,0.065,0.15500000000000003,0.01,Silent Generation,0.3,0.15,0.9974999999999999,1.0205,0.9715,0.9987499999999999,1.06,1.015,98.33355,118.08205499999998,81.60600000000001,92.88374999999999,101.91892424999999,0.85,0.17037037037037037,0.9079259259259258,0.04942139429861699
46,1982,1936,93,114,84,93,0.08,0.16000000000000003,0.01,Silent Generation,0.3,0.15,1,1.025,0.968,1,1.06,1.015,98.58,118.60274999999999,81.312,93,102.16076249999999,0.85,0.17222222222222222,0.9085555555555557,0.047670683433315264
46,1983,1937,93,114,84,93,0.095,0.165,0.01,Silent Generation,0.3,0.15,1.0025,1.0294999999999999,0.9645,1.00125,1.06,1.015,98.82645000000001,119.12344499999998,81.018,93.11625,102.40260074999999,0.85,0.17407407407407408,0.9091851851851852,0.04761128954677342
46,1984,1938,93,114,84,93,0.11,0.17,0.01,Silent Generation,0.3,0.15,1.0050000000000001,1.0339999999999998,0.961,1.0025,1.06,1.015,99.07290000000002,119.64413999999996,80.724,93.2325,102.64443899999999,0.85,0.17592592592592593,0.9098148148148149,0.045984563862665924
46,1985,1939,93,114,84,93,0.125,0.175,0.01,Silent Generation,0.3,0.15,1.0074999999999998,1.0385,0.9575,1.00375,1.06,1.015,99.31935,120.16483499999998,80.43,93.34875,102.88627724999998,0.85,0.17777777777777776,0.9104444444444444,0.04592946346494473
46,1986,1940,93,114,84,93,0.14,0.18,0.01,Silent Generation,0.3,0.15,1.01,1.043,0.954,1.0050000000000001,1.06,1.015,99.56580000000001,120.68552999999997,80.136,93.46500000000002,103.12811549999999,0.85,0.17962962962962964,0.911074074074074,0.04560547436256343
46,1987,1941,93,114,84,93,0.15500000000000003,0.185,0.01,Silent Generation,0.3,0.15,1.0125,1.0474999999999999,0.9505,1.00625,1.06,1.015,99.81225,121.20622499999998,79.842,93.58125000000001,103.36995374999998,0.85,0.18148148148148147,0.9117037037037037,0.04555144337527757
46,1988,1942,93,114,84,93,0.16999999999999998,0.19,0.01,Silent Generation,0.3,0.15,1.0150000000000001,1.0519999999999998,0.947,1.0074999999999998,1.06,1.015,100.05870000000002,121.72691999999996,79.548,93.69749999999999,103.611792,0.85,0.18333333333333332,0.9123333333333332,0.045232940554297704
46,1989,1943,93,114,84,93,0.185,0.195,0.01,Silent Generation,0.3,0.15,1.0174999999999998,1.0565,0.9435,1.00875,1.06,1.015,100.30514999999998,122.247615,79.254,93.81375,103.85363024999998,0.85,0.18518518518518517,0.9129629629629629,0.04517994999963343
46,1990,1944,93,114,84,93,0.2,0.2,0.01,Silent Generation,0.3,0.15,1.02,1.061,0.94,1.01,1.06,1.015,100.55160000000001,122.76830999999999,78.96,93.93,104.0954685,0.85,0.18703703703703703,0.9135925925925926,0.04486679289828897
46,1991,1945,93,114,84,93,0.25,0.21500000000000002,0.01,Silent Generation,0.3,0.15,1.0285,1.0759999999999998,0.9285,1.0142499999999999,1.06,1.015,101.38953,124.50395999999998,77.994,94.32524999999998,104.91060899999998,0.85,0.18888888888888888,0.9142222222222223,0.044792857531711035
46,1992,1946,93,114,84,93,0.30000000000000004,0.23,0.01,Baby Boomers,0.5,0.25,1.0370000000000001,1.091,0.9169999999999999,1.0185,1.1,1.025,106.08510000000003,127.48334999999999,77.02799999999999,94.7205,107.51123249999998,0.85,0.29074074074074074,0.9488518518518518,0.046381235324255865
46,1993,1947,93,114,84,93,0.35,0.245,0.01,Baby Boomers,0.5,0.25,1.0455,1.1059999999999999,0.9055000000000001,1.0227499999999998,1.1,1.025,106.95465000000002,129.23609999999996,76.06200000000001,95.11574999999998,108.34342499999998,0.85,0.2925925925925926,0.9494814814814815,0.04630412322720015
46,1994,1948,93,114,84,93,0.4,0.26,0.01,Baby Boomers,0.5,0.25,1.054,1.121,0.8939999999999999,1.0270000000000001,1.1,1.025,107.82420000000002,130.98884999999999,75.09599999999999,95.51100000000001,109.17561749999999,0.85,0.29444444444444445,0.950111111111111,0.04622736880801397
46,1995,1949,93,114,84,93,0.45,0.275,0.01,Baby Boomers,0.5,0.25,1.0625,1.136,0.8825000000000001,1.03125,1.1,1.025,108.69375000000001,132.74159999999998,74.13000000000001,95.90625,110.00780999999999,0.85,0.2962962962962963,0.9507407407407407,0.0461509695838682
46,1996,1950,93,114,84,93,0.5,0.29000000000000004,0.01,Baby Boomers,0.5,0.25,1.0710000000000002,1.1509999999999998,0.871,1.0355,1.1,1.025,109.56330000000004,134.49434999999997,73.164,96.3015,110.8400025,0.85,0.29814814814814816,0.9513703703703703,0.04607492309486013
46,1997,1951,93,114,84,93,0.55,0.30500000000000005,0.01,Baby Boomers,0.5,0.25,1.0795000000000001,1.166,0.8595,1.03975,1.1,1.025,110.43285000000003,136.24709999999996,72.19800000000001,96.69675,111.67219499999999,0.85,0.3,0.9520000000000001,0.04599922690374952
46,1998,1952,93,114,84,93,0.6000000000000001,0.32,0.01,Baby Boomers,0.5,0.25,1.088,1.1809999999999998,0.848,1.044,1.1,1.025,111.30240000000002,137.99984999999998,71.232,97.092,112.50438749999999,0.85,0.30185185185185187,0.9526296296296297,0.0459238785956981
46,1999,1953,93,114,84,93,0.65,0.33499999999999996,0.01,Baby Boomers,0.5,0.25,1.0964999999999998,1.196,0.8365,1.04825,1.1,1.025,112.17194999999998,139.75259999999997,70.266,97.48724999999999,113.33657999999998,0.85,0.3037037037037037,0.9532592592592593,0.04579601219898437
46,2000,1954,93,114,84,93,0.7,0.35,0.01,Baby Boomers,0.5,0.25,1.105,1.2109999999999999,0.825,1.0525,1.1,1.025,113.04150000000001,141.50534999999996,69.3,97.8825,114.16877249999997,0.85,0.3055555555555556,0.9538888888888889,0.0457215591664137
46,2001,1955,93,114,84,93,0.72,0.365,0.014,Baby Boomers,0.5,0.25,1.1075,1.2174,0.8195,1.05375,1.1,1.025,113.29724999999999,142.25319,68.838,97.99875,114.4681665,0.85,0.3074074074074074,0.9545185185185184,0.04559511425316151
46,2002,1956,93,114,84,93,0.74,0.38,0.018000000000000002,Baby Boomers,0.5,0.25,1.1099999999999999,1.2238,0.814,1.0550000000000002,1.1,1.025,113.553,143.00103,68.37599999999999,98.11500000000001,114.76756049999997,0.85,0.30925925925925923,0.9551481481481481,0.045543246569996094
46,2003,1957,93,114,84,93,0.76,0.39499999999999996,0.022,Baby Boomers,0.5,0.25,1.1125,1.2302,0.8085,1.0562500000000001,1.1,1.025,113.80875000000002,143.74886999999998,67.914,98.23125000000002,115.0669545,0.85,0.3111111111111111,0.9557777777777777,0.045418065851443534
46,2004,1958,93,114,84,93,0.7799999999999999,0.41,0.026000000000000002,Baby Boomers,0.5,0.25,1.115,1.2366,0.8029999999999999,1.0575,1.1,1.025,114.0645,144.49670999999998,67.452,98.34750000000001,115.3663485,0.85,0.312962962962963,0.9564074074074075,0.0453667834962799
46,2005,1959,93,114,84,93,0.7999999999999999,0.425,0.03,Baby Boomers,0.5,0.25,1.1175,1.2429999999999999,0.7975,1.05875,1.1,1.025,114.32025,145.24454999999998,66.99,98.46375,115.6657425,0.85,0.3148148148148148,0.957037037037037,0.04524284763805722
46,2006,1960,93,114,84,93,0.82,0.43999999999999995,0.034,Baby Boomers,0.5,0.25,1.1199999999999999,1.2494,0.7919999999999999,1.06,1.1,1.025,114.576,145.99239,66.52799999999999,98.58,115.9651365,0.85,0.31666666666666665,0.9576666666666667,0.04519214131785506
46,2007,1961,93,114,84,93,0.84,0.45499999999999996,0.038000000000000006,Baby Boomers,0.5,0.25,1.1224999999999998,1.2558,0.7865,1.06125,1.1,1.025,114.83174999999999,146.74023,66.066,98.69625,116.2645305,0.85,0.31851851851851853,0.9582962962962963,0.04504824483513882
46,2008,1962,93,114,84,93,0.86,0.47,0.042,Baby Boomers,0.5,0.25,1.125,1.2622,0.7809999999999999,1.0625,1.1,1.025,115.0875,147.48807,65.604,98.8125,116.56392449999998,0.85,0.32037037037037036,0.9589259259259258,0.04499816642595576
46,2009,1963,93,114,84,93,0.8799999999999999,0.485,0.046,Baby Boomers,0.5,0.25,1.1275,1.2686,0.7755000000000001,1.06375,1.1,1.025,115.34325000000001,148.23591,65.14200000000001,98.92875,116.86331849999999,0.85,0.32222222222222224,0.9595555555555555,0.044855813180420506
46,2010,1964,93,114,84,93,0.8999999999999999,0.5,0.05,Baby Boomers,0.5,0.25,1.13,1.275,0.77,1.0650000000000002,1.1,1.025,115.599,148.98375,64.68,99.04500000000002,117.1627125,0.85,0.32407407407407407,0.960185185185185,0.044806351872879575
46,2011,1965,93,114,84,93,0.908,0.52,0.065,Generation X,0.8,0.35,1.1296,1.2789,0.7664,1.0648,1.1600000000000001,1.035,121.861248,150.89741099999998,64.3776,99.0264,119.97613064999999,0.85,0.42592592592592593,0.9948148148148149,0.04624607872508204
46,2012,1966,93,114,84,93,0.916,0.54,0.08,Generation X,0.8,0.35,1.1292,1.2828,0.7627999999999999,1.0646000000000002,1.1600000000000001,1.035,121.81809600000001,151.35757199999998,64.0752,99.00780000000002,120.07393379999998,0.85,0.42777777777777776,0.9954444444444445,0.04623737491032767
46,2013,1967,93,114,84,93,0.924,0.56,0.095,Generation X,0.8,0.35,1.1288,1.2867000000000002,0.7591999999999999,1.0644,1.1600000000000001,1.035,121.77494400000002,151.817733,63.77279999999999,98.9892,120.17173695,0.85,0.4296296296296296,0.9960740740740741,0.046091779094000224
46,2014,1968,93,114,84,93,0.932,0.58,0.11,Generation X,0.8,0.35,1.1283999999999998,1.2906,0.7556,1.0642,1.1600000000000001,1.035,121.731792,152.27789399999997,63.470400000000005,98.9706,120.26954009999999,0.85,0.43148148148148147,0.9967037037037038,0.046083241290145814
46,2015,1969,93,114,84,93,0.9400000000000001,0.6,0.125,Generation X,0.8,0.35,1.128,1.2945,0.752,1.064,1.1600000000000001,1.035,121.68864,152.738055,63.168,98.952,120.36734324999999,0.85,0.4333333333333333,0.9973333333333333,0.045888162939787126
46,2016,1970,93,114,84,93,0.9480000000000001,0.62,0.14,Generation X,0.8,0.35,1.1276,1.2984,0.7484,1.0638,1.1600000000000001,1.035,121.64548800000001,153.19821599999997,62.86559999999999,98.9334,120.46514639999998,0.85,0.4351851851851852,0.9979629629629629,0.045879838922517645
46,2017,1971,93,114,84,93,0.9560000000000001,0.64,0.15500000000000003,Generation X,0.8,0.35,1.1272,1.3023,0.7447999999999999,1.0636,1.1600000000000001,1.035,121.60233600000001,153.65837699999997,62.563199999999995,98.91480000000001,120.56294954999998,0.85,0.437037037037037,0.9985925925925925,0.045686844655916825
46,2018,1972,93,114,84,93,0.964,0.66,0.16999999999999998,Generation X,0.8,0.35,1.1268,1.3061999999999998,0.7412000000000001,1.0634000000000001,1.1600000000000001,1.035,121.55918400000002,154.11853799999997,62.2608,98.89620000000001,120.66075269999997,0.85,0.4388888888888889,0.9992222222222221,0.045687084368443244
46,2019,1973,93,114,84,93,0.972,0.6799999999999999,0.185,Generation X,0.8,0.35,1.1263999999999998,1.3100999999999998,0.7376,1.0632,1.1600000000000001,1.035,121.516032,154.57869899999997,61.958400000000005,98.87759999999999,120.75855584999998,0.85,0.4407407407407407,0.9998518518518518,0.04711195808857662
46,2020,1974,93,114,84,93,0.98,0.7,0.2,Generation X,0.8,0.35,1.126,1.314,0.7340000000000001,1.0630000000000002,1.1600000000000001,1.035,121.47288,155.03885999999997,61.656000000000006,98.85900000000001,120.85635899999998,0.85,0.44259259259259254,1.0004814814814815,0.04711227381730979
46,2021,1975,93,114,84,93,0.98,0.7374999999999999,0.30000000000000004,Generation X,0.8,0.35,1.12225,1.324,0.7302500000000001,1.061125,1.1600000000000001,1.035,121.06833,156.21876,61.34100000000001,98.68462500000001,121.05432524999999,0.85,0.4444444444444444,1.001111111111111,0.048652735028889255
46,2022,1976,93,114,84,93,0.98,0.7749999999999999,0.4,Generation X,0.8,0.35,1.1185,1.334,0.7265,1.05925,1.1600000000000001,1.035,120.66378000000002,157.39866,61.026,98.51025,121.2522915,0.85,0.4462962962962963,1.0017407407407408,0.04865312143043451
46,2023,1977,93,114,84,93,0.98,0.8125,0.6,Generation X,0.8,0.35,1.11475,1.354,0.72275,1.0573750000000002,1.1600000000000001,1.035,120.25923,159.75846,60.711,98.33587500000002,121.86322275,0.85,0.44814814814814813,1.0023703703703704,0.05027268809534424
46,2024,1978,93,114,84,93,0.98,0.85,0.8,Generation X,0.8,0.35,1.111,1.374,0.7190000000000001,1.0555,1.1600000000000001,1.035,119.85468,160,60.39600000000001,98.1615,121.732763,0.85,0.44999999999999996,1.003,0.05027316926469851
48,1970,1922,92,116,82,92,0.05,0.1,0.01,Silent Generation,0.3,0.15,1,1.0159999999999998,0.98,0.9999999999999999,1.06,1.015,97.52000000000001,119.62383999999997,80.36,91.99999999999999,101.85434399999998,0.85,0.15,0.901,0.06277433289207832
48,1971,1923,92,116,82,92,0.05,0.10500000000000001,0.01,Silent Generation,0.3,0.15,0.9995,1.0159999999999998,0.9795,0.9997499999999999,1.06,1.015,97.47124000000001,119.62383999999997,80.319,91.97699999999999,101.82767799999998,0.85,0.15185185185185185,0.9016296296296297,0.06277462609592574
48,1972,1924,92,116,82,92,0.05,0.11,0.01,Silent Generation,0.3,0.15,0.999,1.0159999999999998,0.979,0.9994999999999999,1.06,1.015,97.42248000000001,119.62383999999997,80.27799999999999,91.954,101.80101199999997,0.85,0.1537037037037037,0.9022592592592592,0.05893581195505966
48,1973,1925,92,116,82,92,0.05,0.115,0.01,Silent Generation,0.3,0.15,0.9985,1.0159999999999998,0.9785,0.9992499999999999,1.06,1.015,97.37372000000002,119.62383999999997,80.23700000000001,91.93099999999998,101.77434599999998,0.85,0.15555555555555556,0.9028888888888889,0.05893616095388677
48,1974,1926,92,116,82,92,0.05,0.12000000000000001,0.01,Silent Generation,0.3,0.15,0.998,1.0159999999999998,0.978,0.9989999999999999,1.06,1.015,97.32496,119.62383999999997,80.196,91.90799999999999,101.74767999999997,0.85,0.1574074074074074,0.9035185185185184,0.0555399981331093
48,1975,1927,92,116,82,92,0.05,0.125,0.01,Silent Generation,0.3,0.15,0.9975,1.0159999999999998,0.9775,0.9987499999999999,1.06,1.015,97.27620000000002,119.62383999999997,80.155,91.88499999999999,101.72101399999998,0.85,0.15925925925925927,0.904148148148148,0.05554038804557533
48,1976,1928,92,116,82,92,0.05,0.13,0.01,Silent Generation,0.3,0.15,0.997,1.0159999999999998,0.977,0.9984999999999999,1.06,1.015,97.22744000000002,119.62383999999997,80.114,91.862,101.69434799999999,0.85,0.1611111111111111,0.9047777777777778,0.05333831148840286
48,1977,1929,92,116,82,92,0.05,0.135,0.01,Silent Generation,0.3,0.15,0.9965,1.0159999999999998,0.9765,0.9982499999999999,1.06,1.015,97.17868000000001,119.62383999999997,80.07300000000001,91.83899999999998,101.66768199999999,0.85,0.16296296296296295,0.9054074074074074,0.05333874444706272
48,1978,1930,92,116,82,92,0.05,0.14,0.01,Silent Generation,0.3,0.15,0.996,1.0159999999999998,0.976,0.9979999999999999,1.06,1.015,97.12992000000001,119.62383999999997,80.032,91.81599999999999,101.64101599999998,0.85,0.1648148148148148,0.906037037037037,0.05130479827690708
48,1979,1931,92,116,82,92,0.05,0.14500000000000002,0.01,Silent Generation,0.3,0.15,0.9955,1.0159999999999998,0.9755,0.9977499999999999,1.06,1.015,97.08116,119.62383999999997,79.991,91.79299999999999,101.61434999999999,0.85,0.16666666666666666,0.9066666666666666,0.05130526633469141
48,1980,1932,92,116,82,92,0.05,0.15000000000000002,0.01,Silent Generation,0.3,0.15,0.995,1.0159999999999998,0.975,0.9974999999999999,1.06,1.015,97.03240000000001,119.62383999999997,79.95,91.77,101.587684,0.85,0.1685185185185185,0.9072962962962963,0.049420897714457485
48,1981,1933,92,116,82,92,0.065,0.15500000000000003,0.01,Silent Generation,0.3,0.15,0.9974999999999999,1.0205,0.9715,0.9987499999999999,1.06,1.015,97.2762,120.15366999999999,79.663,91.88499999999999,101.83265449999998,0.85,0.17037037037037037,0.9079259259259258,0.04942139429861699
48,1982,1934,92,116,82,92,0.08,0.16000000000000003,0.01,Silent Generation,0.3,0.15,1,1.025,0.968,1,1.06,1.015,97.52000000000001,120.68349999999998,79.376,92,102.07762499999998,0.85,0.17222222222222222,0.9085555555555557,0.047670683433315264
48,1983,1935,92,116,82,92,0.095,0.165,0.01,Silent Generation,0.3,0.15,1.0025,1.0294999999999999,0.9645,1.00125,1.06,1.015,97.76379999999999,121.21332999999997,79.089,92.115,102.32259549999998,0.85,0.17407407407407408,0.9091851851851852,0.04761128954677342
48,1984,1936,92,116,82,92,0.11,0.17,0.01,Silent Generation,0.3,0.15,1.0050000000000001,1.0339999999999998,0.961,1.0025,1.06,1.015,98.00760000000001,121.74315999999996,78.80199999999999,92.22999999999999,102.56756599999997,0.85,0.17592592592592593,0.9098148148148149,0.045984563862665924
48,1985,1937,92,116,82,92,0.125,0.175,0.01,Silent Generation,0.3,0.15,1.0074999999999998,1.0385,0.9575,1.00375,1.06,1.015,98.25139999999999,122.27298999999998,78.515,92.345,102.81253649999998,0.85,0.17777777777777776,0.9104444444444444,0.04592946346494473
48,1986,1938,92,116,82,92,0.14,0.18,0.01,Silent Generation,0.3,0.15,1.01,1.043,0.954,1.0050000000000001,1.06,1.015,98.49520000000001,122.80281999999997,78.228,92.46000000000001,103.05750699999999,0.85,0.17962962962962964,0.911074074074074,0.04560547436256343
48,1987,1939,92,116,82,92,0.15500000000000003,0.185,0.01,Silent Generation,0.3,0.15,1.0125,1.0474999999999999,0.9505,1.00625,1.06,1.015,98.73899999999999,123.33264999999997,77.941,92.575,103.3024775,0.85,0.18148148148148147,0.9117037037037037,0.04555144337527757
48,1988,1940,92,116,82,92,0.16999999999999998,0.19,0.01,Silent Generation,0.3,0.15,1.0150000000000001,1.0519999999999998,0.947,1.0074999999999998,1.06,1.015,98.98280000000001,123.86247999999998,77.654,92.68999999999998,103.54744799999999,0.85,0.18333333333333332,0.9123333333333332,0.045232940554297704
48,1989,1941,92,116,82,92,0.185,0.195,0.01,Silent Generation,0.3,0.15,1.0174999999999998,1.0565,0.9435,1.00875,1.06,1.015,99.22659999999999,124.39231,77.367,92.805,103.7924185,0.85,0.18518518518518517,0.9129629629629629,0.04517994999963343
48,1990,1942,92,116,82,92,0.2,0.2,0.01,Silent Generation,0.3,0.15,1.02,1.061,0.94,1.01,1.06,1.015,99.47040000000001,124.92213999999998,77.08,92.92,104.03738899999999,0.85,0.18703703703703703,0.9135925925925926,0.04486679289828897
48,1991,1943,92,116,82,92,0.25,0.21500000000000002,0.01,Silent Generation,0.3,0.15,1.0285,1.0759999999999998,0.9285,1.0142499999999999,1.06,1.015,100.29932000000001,126.68823999999998,76.137,93.31099999999999,104.86284599999999,0.85,0.18888888888888888,0.9142222222222223,0.044792857531711035
48,1992,1944,92,116,82,92,0.30000000000000004,0.23,0.01,Silent Generation,0.3,0.15,1.0370000000000001,1.091,0.9169999999999999,1.0185,1.06,1.015,101.12824000000002,128.45433999999997,75.19399999999999,93.702,105.688303,0.85,0.19074074074074074,0.9148518518518518,0.04471926670613389
48,1993,1945,92,116,82,92,0.35,0.245,0.01,Silent Generation,0.3,0.15,1.0455,1.1059999999999999,0.9055000000000001,1.0227499999999998,1.06,1.015,101.95716000000002,130.22043999999997,74.251,94.09299999999999,106.51376,0.85,0.1925925925925926,0.9154814814814815,0.04464601801879908
48,1994,1946,92,116,82,92,0.4,0.26,0.01,Baby Boomers,0.5,0.25,1.054,1.121,0.8939999999999999,1.0270000000000001,1.1,1.025,106.66480000000001,133.2869,73.30799999999999,94.48400000000001,109.151895,0.85,0.29444444444444445,0.950111111111111,0.04622736880801397
48,1995,1947,92,116,82,92,0.45,0.275,0.01,Baby Boomers,0.5,0.25,1.0625,1.136,0.8825000000000001,1.03125,1.1,1.025,107.525,135.07039999999998,72.36500000000001,94.875,109.99439,0.85,0.2962962962962963,0.9507407407407407,0.0461509695838682
48,1996,1948,92,116,82,92,0.5,0.29000000000000004,0.01,Baby Boomers,0.5,0.25,1.0710000000000002,1.1509999999999998,0.871,1.0355,1.1,1.025,108.38520000000003,136.85389999999995,71.422,95.266,110.836885,0.85,0.29814814814814816,0.9513703703703703,0.04607492309486013
48,1997,1949,92,116,82,92,0.55,0.30500000000000005,0.01,Baby Boomers,0.5,0.25,1.0795000000000001,1.166,0.8595,1.03975,1.1,1.025,109.24540000000002,138.63739999999999,70.479,95.657,111.67938,0.85,0.3,0.9520000000000001,0.04599922690374952
48,1998,1950,92,116,82,92,0.6000000000000001,0.32,0.01,Baby Boomers,0.5,0.25,1.088,1.1809999999999998,0.848,1.044,1.1,1.025,110.10560000000001,140.42089999999996,69.536,96.048,112.521875,0.85,0.30185185185185187,0.9526296296296297,0.0459238785956981
48,1999,1951,92,116,82,92,0.65,0.33499999999999996,0.01,Baby Boomers,0.5,0.25,1.0964999999999998,1.196,0.8365,1.04825,1.1,1.025,110.96579999999999,142.20439999999996,68.593,96.439,113.36437,0.85,0.3037037037037037,0.9532592592592593,0.04579601219898437
48,2000,1952,92,116,82,92,0.7,0.35,0.01,Baby Boomers,0.5,0.25,1.105,1.2109999999999999,0.825,1.0525,1.1,1.025,111.82600000000001,143.98789999999997,67.64999999999999,96.83,114.20686499999998,0.85,0.3055555555555556,0.9538888888888889,0.0457215591664137
48,2001,1953,92,116,82,92,0.72,0.365,0.014,Baby Boomers,0.5,0.25,1.1075,1.2174,0.8195,1.05375,1.1,1.025,112.079,144.74885999999998,67.199,96.945,114.51135099999998,0.85,0.3074074074074074,0.9545185185185184,0.04559511425316151
48,2002,1954,92,116,82,92,0.74,0.38,0.018000000000000002,Baby Boomers,0.5,0.25,1.1099999999999999,1.2238,0.814,1.0550000000000002,1.1,1.025,112.332,145.50982,66.74799999999999,97.06000000000002,114.81583699999997,0.85,0.30925925925925923,0.9551481481481481,0.045543246569996094
48,2003,1955,92,116,82,92,0.76,0.39499999999999996,0.022,Baby Boomers,0.5,0.25,1.1125,1.2302,0.8085,1.0562500000000001,1.1,1.025,112.58500000000002,146.27077999999997,66.297,97.17500000000001,115.120323,0.85,0.3111111111111111,0.9557777777777777,0.045418065851443534
48,2004,1956,92,116,82,92,0.7799999999999999,0.41,0.026000000000000002,Baby Boomers,0.5,0.25,1.115,1.2366,0.8029999999999999,1.0575,1.1,1.025,112.83800000000001,147.03173999999999,65.84599999999999,97.29,115.424809,0.85,0.312962962962963,0.9564074074074075,0.0453667834962799
48,2005,1957,92,116,82,92,0.7999999999999999,0.425,0.03,Baby Boomers,0.5,0.25,1.1175,1.2429999999999999,0.7975,1.05875,1.1,1.025,113.091,147.79269999999997,65.395,97.405,115.72929499999998,0.85,0.3148148148148148,0.957037037037037,0.04524284763805722
48,2006,1958,92,116,82,92,0.82,0.43999999999999995,0.034,Baby Boomers,0.5,0.25,1.1199999999999999,1.2494,0.7919999999999999,1.06,1.1,1.025,113.344,148.55366,64.94399999999999,97.52000000000001,116.03378099999999,0.85,0.31666666666666665,0.9576666666666667,0.04519214131785506
48,2007,1959,92,116,82,92,0.84,0.45499999999999996,0.038000000000000006,Baby Boomers,0.5,0.25,1.1224999999999998,1.2558,0.7865,1.06125,1.1,1.025,113.597,149.31462,64.493,97.635,116.338267,0.85,0.31851851851851853,0.9582962962962963,0.04504824483513882
48,2008,1960,92,116,82,92,0.86,0.47,0.042,Baby Boomers,0.5,0.25,1.125,1.2622,0.7809999999999999,1.0625,1.1,1.025,113.85000000000001,150.07557999999997,64.04199999999999,97.75,116.642753,0.85,0.32037037037037036,0.9589259259259258,0.04499816642595576
48,2009,1961,92,116,82,92,0.8799999999999999,0.485,0.046,Baby Boomers,0.5,0.25,1.1275,1.2686,0.7755000000000001,1.06375,1.1,1.025,114.103,150.83653999999999,63.59100000000001,97.865,116.947239,0.85,0.32222222222222224,0.9595555555555555,0.044855813180420506
48,2010,1962,92,116,82,92,0.8999999999999999,0.5,0.05,Baby Boomers,0.5,0.25,1.13,1.275,0.77,1.0650000000000002,1.1,1.025,114.35600000000001,151.59749999999997,63.14,97.98000000000002,117.251725,0.85,0.32407407407407407,0.960185185185185,0.044806351872879575
48,2011,1963,92,116,82,92,0.908,0.52,0.065,Baby Boomers,0.5,0.25,1.1296,1.2789,0.7664,1.0648,1.1,1.025,114.31552,152.06121,62.8448,97.9616,117.35281549999999,0.85,0.32592592592592595,0.9608148148148149,0.04466551654080708
48,2012,1964,92,116,82,92,0.916,0.54,0.08,Baby Boomers,0.5,0.25,1.1292,1.2828,0.7627999999999999,1.0646000000000002,1.1,1.025,114.27504,152.52491999999998,62.54959999999999,97.94320000000002,117.45390599999999,0.85,0.3277777777777778,0.9614444444444444,0.044658109733124826
48,2013,1965,92,116,82,92,0.924,0.56,0.095,Generation X,0.8,0.35,1.1288,1.2867000000000002,0.7591999999999999,1.0644,1.1600000000000001,1.035,120.46553600000003,154.481202,62.25439999999999,97.9248,120.25823830000002,0.85,0.4296296296296296,0.9960740740740741,0.046091779094000224
48,2014,1966,92,116,82,92,0.932,0.58,0.11,Generation X,0.8,0.35,1.1283999999999998,1.2906,0.7556,1.0642,1.1600000000000001,1.035,120.42284799999999,154.949436,61.9592,97.9064,120.36013939999998,0.85,0.43148148148148147,0.9967037037037038,0.046083241290145814
48,2015,1967,92,116,82,92,0.9400000000000001,0.6,0.125,Generation X,0.8,0.35,1.128,1.2945,0.752,1.064,1.1600000000000001,1.035,120.38016,155.41767,61.664,97.888,120.46204049999999,0.85,0.4333333333333333,0.9973333333333333,0.045888162939787126
48,2016,1968,92,116,82,92,0.9480000000000001,0.62,0.14,Generation X,0.8,0.35,1.1276,1.2984,0.7484,1.0638,1.1600000000000001,1.035,120.337472,155.88590399999998,61.36879999999999,97.8696,120.56394159999999,0.85,0.4351851851851852,0.9979629629629629,0.045879838922517645
48,2017,1969,92,116,82,92,0.9560000000000001,0.64,0.15500000000000003,Generation X,0.8,0.35,1.1272,1.3023,0.7447999999999999,1.0636,1.1600000000000001,1.035,120.294784,156.35413799999998,61.07359999999999,97.8512,120.66584269999998,0.85,0.437037037037037,0.9985925925925925,0.045686844655916825
48,2018,1970,92,116,82,92,0.964,0.66,0.16999999999999998,Generation X,0.8,0.35,1.1268,1.3061999999999998,0.7412000000000001,1.0634000000000001,1.1600000000000001,1.035,120.25209600000001,156.82237199999997,60.778400000000005,97.8328,120.76774379999999,0.85,0.4388888888888889,0.9992222222222221,0.045687084368443244
48,2019,1971,92,116,82,92,0.972,0.6799999999999999,0.185,Generation X,0.8,0.35,1.1263999999999998,1.3100999999999998,0.7376,1.0632,1.1600000000000001,1.035,120.209408,157.29060599999994,60.483200000000004,97.81439999999999,120.86964489999997,0.85,0.4407407407407407,0.9998518518518518,0.04711195808857662
48,2020,1972,92,116,82,92,0.98,0.7,0.2,Generation X,0.8,0.35,1.126,1.314,0.7340000000000001,1.0630000000000002,1.1600000000000001,1.035,120.16672,157.75884,60.18800000000001,97.79600000000002,120.97154599999999,0.85,0.44259259259259254,1.0004814814814815,0.04711227381730979
48,2021,1973,92,116,82,92,0.98,0.7374999999999999,0.30000000000000004,Generation X,0.8,0.35,1.12225,1.324,0.7302500000000001,1.061125,1.1600000000000001,1.035,119.76652000000001,158.95944,59.880500000000005,97.6235,121.179686,0.85,0.4444444444444444,1.001111111111111,0.048652735028889255
48,2022,1974,92,116,82,92,0.98,0.7749999999999999,0.4,Generation X,0.8,0.35,1.1185,1.334,0.7265,1.05925,1.1600000000000001,1.035,119.36632000000002,160,59.573,97.45100000000001,121.331812,0.85,0.4462962962962963,1.0017407407407408,0.04865312143043451
48,2023,1975,92,116,82,92,0.98,0.8125,0.6,Generation X,0.8,0.35,1.11475,1.354,0.72275,1.0573750000000002,1.1600000000000001,1.035,118.96612,160,59.2655,97.27850000000002,121.119742,0.85,0.44814814814814813,1.0023703703703704,0.05027268809534424
48,2024,1976,92,116,82,92,0.98,0.85,0.8,Generation X,0.8,0.35,1.111,1.374,0.7190000000000001,1.0555,1.1600000000000001,1.035,118.56592000000002,160,58.958000000000006,97.10600000000001,120.907672,0.85,0.44999999999999996,1.003,0.05027316926469851
50,1970,1920,91,118,80,91,0.05,0.1,0.01,Silent Generation,0.3,0.15,1,1.0159999999999998,0.98,0.9999999999999999,1.06,1.015,96.46000000000001,121.68631999999997,78.4,90.99999999999999,101.76121199999999,0.85,0.15,0.901,0.06277433289207832
50,1971,1921,91,118,80,91,0.05,0.10500000000000001,0.01,Silent Generation,0.3,0.15,0.9995,1.0159999999999998,0.9795,0.9997499999999999,1.06,1.015,96.41177000000002,121.68631999999997,78.36,90.97725,101.73491899999999,0.85,0.15185185185185185,0.9016296296296297,0.06277462609592574
50,1972,1922,91,118,80,91,0.05,0.11,0.01,Silent Generation,0.3,0.15,0.999,1.0159999999999998,0.979,0.9994999999999999,1.06,1.015,96.36354000000001,121.68631999999997,78.32,90.9545,101.708626,0.85,0.1537037037037037,0.9022592592592592,0.05893581195505966
50,1973,1923,91,118,80,91,0.05,0.115,0.01,Silent Generation,0.3,0.15,0.9985,1.0159999999999998,0.9785,0.9992499999999999,1.06,1.015,96.31531000000001,121.68631999999997,78.28,90.93175,101.682333,0.85,0.15555555555555556,0.9028888888888889,0.05893616095388677
50,1974,1924,91,118,80,91,0.05,0.12000000000000001,0.01,Silent Generation,0.3,0.15,0.998,1.0159999999999998,0.978,0.9989999999999999,1.06,1.015,96.267080000000007,121.68631999999997,78.24,90.90899999999999,101.65603999999998,0.85,0.1574074074074074,0.9035185185185184,0.0555399981331093
50,1975,1925,91,118,80,91,0.05,0.125,0.01,Silent Generation,0.3,0.15,0.9975,1.0159999999999998,0.9775,0.9987499999999999,1.06,1.015,96.21885000000002,121.68631999999997,78.2,90.88624999999999,101.629747,0.85,0.15925925925925927,0.904148148148148,0.05554038804557533
50,1976,1926,91,118,80,91,0.05,0.13,0.01,Silent Generation,0.3,0.15,0.997,1.0159999999999998,0.977,0.9984999999999999,1.06,1.015,96.17062000000001,121.68631999999997,78.16,90.86349999999999,101.60345399999999,0.85,0.1611111111111111,0.9047777777777778,0.05333831148840286
50,1977,1927,91,118,80,91,0.05,0.135,0.01,Silent Generation,0.3,0.15,0.9965,1.0159999999999998,0.9765,0.9982499999999999,1.06,1.015,96.12239000000001,121.68631999999997,78.12,90.84074999999999,101.57716099999999,0.85,0.16296296296296295,0.9054074074074074,0.05333874444706272
50,1978,1928,91,118,80,91,0.05,0.14,0.01,Silent Generation,0.3,0.15,0.996,1.0159999999999998,0.976,0.9979999999999999,1.06,1.015,96.07416,121.68631999999997,78.08,90.81799999999998,101.55086799999998,0.85,0.1648148148148148,0.906037037037037,0.05130479827690708
50,1979,1929,91,118,80,91,0.05,0.14500000000000002,0.01,Silent Generation,0.3,0.15,0.9955,1.0159999999999998,0.9755,0.9977499999999999,1.06,1.015,96.02593000000002,121.68631999999997,78.04,90.79525,101.524575,0.85,0.16666666666666666,0.9066666666666666,0.05130526633469141
50,1980,1930,91,118,80,91,0.05,0.15000000000000002,0.01,Silent Generation,0.3,0.15,0.995,1.0159999999999998,0.975,0.9974999999999999,1.06,1.015,95.97770000000001,121.68631999999997,78,90.7725,101.49828199999999,0.85,0.1685185185185185,0.9072962962962963,0.049420897714457485
50,1981,1931,91,118,80,91,0.065,0.15500000000000003,0.01,Silent Generation,0.3,0.15,0.9974999999999999,1.0205,0.9715,0.9987499999999999,1.06,1.015,96.21885,122.22528499999999,77.72,90.88624999999999,101.74638474999999,0.85,0.17037037037037037,0.9079259259259258,0.04942139429861699
50,1982,1932,91,118,80,91,0.08,0.16000000000000003,0.01,Silent Generation,0.3,0.15,1,1.025,0.968,1,1.06,1.015,96.46000000000001,122.76424999999998,77.44,91,101.9944875,0.85,0.17222222222222222,0.9085555555555557,0.047670683433315264
50,1983,1933,91,118,80,91,0.095,0.165,0.01,Silent Generation,0.3,0.15,1.0025,1.0294999999999999,0.9645,1.00125,1.06,1.015,96.70115,123.30321499999997,77.16,91.11375,102.24259024999998,0.85,0.17407407407407408,0.9091851851851852,0.04761128954677342
50,1984,1934,91,118,80,91,0.11,0.17,0.01,Silent Generation,0.3,0.15,1.0050000000000001,1.0339999999999998,0.961,1.0025,1.06,1.015,96.94230000000002,123.84217999999996,76.88,91.22749999999999,102.49069299999998,0.85,0.17592592592592593,0.9098148148148149,0.045984563862665924
50,1985,1935,91,118,80,91,0.125,0.175,0.01,Silent Generation,0.3,0.15,1.0074999999999998,1.0385,0.9575,1.00375,1.06,1.015,97.18345,124.38114499999998,76.6,91.34124999999999,102.73879575,0.85,0.17777777777777776,0.9104444444444444,0.04592946346494473
50,1986,1936,91,118,80,91,0.14,0.18,0.01,Silent Generation,0.3,0.15,1.01,1.043,0.954,1.0050000000000001,1.06,1.015,97.4246,124.92010999999998,76.32,91.45500000000001,102.98689849999997,0.85,0.17962962962962964,0.911074074074074,0.04560547436256343
50,1987,1937,91,118,80,91,0.15500000000000003,0.185,0.01,Silent Generation,0.3,0.15,1.0125,1.0474999999999999,0.9505,1.00625,1.06,1.015,97.66575,125.45907499999998,76.04,91.56875000000001,103.23500125,0.85,0.18148148148148147,0.9117037037037037,0.04555144337527757
50,1988,1938,91,118,80,91,0.16999999999999998,0.19,0.01,Silent Generation,0.3,0.15,1.0150000000000001,1.0519999999999998,0.947,1.0074999999999998,1.06,1.015,97.90690000000002,125.99803999999997,75.75999999999999,91.68249999999999,103.483104,0.85,0.18333333333333332,0.9123333333333332,0.045232940554297704
50,1989,1939,91,118,80,91,0.185,0.195,0.01,Silent Generation,0.3,0.15,1.0174999999999998,1.0565,0.9435,1.00875,1.06,1.015,98.14805,126.537005,75.48,91.79625,103.73120675,0.85,0.18518518518518517,0.9129629629629629,0.04517994999963343
50,1990,1940,91,118,80,91,0.2,0.2,0.01,Silent Generation,0.3,0.15,1.02,1.061,0.94,1.01,1.06,1.015,98.38920000000002,127.07596999999998,75.19999999999999,91.91,103.9793095,0.85,0.18703703703703703,0.9135925925925926,0.04486679289828897
50,1991,1941,91,118,80,91,0.25,0.21500000000000002,0.01,Silent Generation,0.3,0.15,1.0285,1.0759999999999998,0.9285,1.0142499999999999,1.06,1.015,99.20911,128.87251999999995,74.28,92.29674999999999,104.81508299999997,0.85,0.18888888888888888,0.9142222222222223,0.044792857531711035
50,1992,1942,91,118,80,91,0.30000000000000004,0.23,0.01,Silent Generation,0.3,0.15,1.0370000000000001,1.091,0.9169999999999999,1.0185,1.06,1.015,100.02902000000003,130.66906999999998,73.36,92.6835,105.65085649999999,0.85,0.19074074074074074,0.9148518518518518,0.04471926670613389
50,1993,1943,91,118,80,91,0.35,0.245,0.01,Silent Generation,0.3,0.15,1.0455,1.1059999999999999,0.9055000000000001,1.0227499999999998,1.06,1.015,100.84893000000001,132.46561999999997,72.44000000000001,93.07024999999999,106.48662999999999,0.85,0.1925925925925926,0.9154814814814815,0.04464601801879908
50,1994,1944,91,118,80,91,0.4,0.26,0.01,Silent Generation,0.3,0.15,1.054,1.121,0.8939999999999999,1.0270000000000001,1.06,1.015,101.66884,134.26216999999997,71.52,93.45700000000001,107.3224035,0.85,0.19444444444444445,0.916111111111111,0.044573109089238123
50,1995,1945,91,118,80,91,0.45,0.275,0.01,Silent Generation,0.3,0.15,1.0625,1.136,0.8825000000000001,1.03125,1.06,1.015,102.48875000000001,136.05872,70.60000000000001,93.84375,108.158177,0.85,0.1962962962962963,0.9167407407407406,0.044500537559014626
50,1996,1946,91,118,80,91,0.5,0.29000000000000004,0.01,Baby Boomers,0.5,0.25,1.0710000000000002,1.1509999999999998,0.871,1.0355,1.1,1.025,107.20710000000003,139.21344999999997,69.68,94.2305,110.83376749999998,0.85,0.29814814814814816,0.9513703703703703,0.04607492309486013
50,1997,1947,91,118,80,91,0.55,0.30500000000000005,0.01,Baby Boomers,0.5,0.25,1.0795000000000001,1.166,0.8595,1.03975,1.1,1.025,108.05795000000002,141.02769999999998,68.76,94.61725,111.686565,0.85,0.3,0.9520000000000001,0.04599922690374952
50,1998,1948,91,118,80,91,0.6000000000000001,0.32,0.01,Baby Boomers,0.5,0.25,1.088,1.1809999999999998,0.848,1.044,1.1,1.025,108.90880000000001,142.84194999999997,67.84,95.004,112.5393625,0.85,0.30185185185185187,0.9526296296296297,0.0459238785956981
50,1999,1949,91,118,80,91,0.65,0.33499999999999996,0.01,Baby Boomers,0.5,0.25,1.0964999999999998,1.196,0.8365,1.04825,1.1,1.025,109.75965,144.65619999999998,66.92,95.39075,113.39215999999998,0.85,0.3037037037037037,0.9532592592592593,0.04579601219898437
50,2000,1950,91,118,80,91,0.7,0.35,0.01,Baby Boomers,0.5,0.25,1.105,1.2109999999999999,0.825,1.0525,1.1,1.025,110.6105,146.47044999999997,66,95.7775,114.24495749999998,0.85,0.3055555555555556,0.9538888888888889,0.0457215591664137
50,2001,1951,91,118,80,91,0.72,0.365,0.014,Baby Boomers,0.5,0.25,1.1075,1.2174,0.8195,1.05375,1.1,1.025,110.86075000000001,147.24453,65.56,95.89125,114.5545355,0.85,0.3074074074074074,0.9545185185185184,0.04559511425316151
50,2002,1952,91,118,80,91,0.74,0.38,0.018000000000000002,Baby Boomers,0.5,0.25,1.1099999999999999,1.2238,0.814,1.0550000000000002,1.1,1.025,111.111,148.01861,65.11999999999999,96.00500000000001,114.86411349999999,0.85,0.30925925925925923,0.9551481481481481,0.045543246569996094
50,2003,1953,91,118,80,91,0.76,0.39499999999999996,0.022,Baby Boomers,0.5,0.25,1.1125,1.2302,0.8085,1.0562500000000001,1.1,1.025,111.36125000000001,148.79269,64.68,96.11875,115.17369149999999,0.85,0.3111111111111111,0.9557777777777777,0.045418065851443534
50,2004,1954,91,118,80,91,0.7799999999999999,0.41,0.026000000000000002,Baby Boomers,0.5,0.25,1.115,1.2366,0.8029999999999999,1.0575,1.1,1.025,111.6115,149.56677,64.24,96.23250000000002,115.4832695,0.85,0.312962962962963,0.9564074074074075,0.0453667834962799
50,2005,1955,91,118,80,91,0.7999999999999999,0.425,0.03,Baby Boomers,0.5,0.25,1.1175,1.2429999999999999,0.7975,1.05875,1.1,1.025,111.86175,150.34084999999996,63.8,96.34625000000001,115.79284749999998,0.85,0.3148148148148148,0.957037037037037,0.04524284763805722
50,2006,1956,91,118,80,91,0.82,0.43999999999999995,0.034,Baby Boomers,0.5,0.25,1.1199999999999999,1.2494,0.7919999999999999,1.06,1.1,1.025,112.112,151.11493,63.35999999999999,96.46000000000001,116.10242549999998,0.85,0.31666666666666665,0.9576666666666667,0.04519214131785506
50,2007,1957,91,118,80,91,0.84,0.45499999999999996,0.038000000000000006,Baby Boomers,0.5,0.25,1.1224999999999998,1.2558,0.7865,1.06125,1.1,1.025,112.36224999999999,151.88900999999998,62.92,96.57375,116.41200349999998,0.85,0.31851851851851853,0.9582962962962963,0.04504824483513882
50,2008,1958,91,118,80,91,0.86,0.47,0.042,Baby Boomers,0.5,0.25,1.125,1.2622,0.7809999999999999,1.0625,1.1,1.025,112.61250000000001,152.66308999999998,62.47999999999999,96.6875,116.72158149999998,0.85,0.32037037037037036,0.9589259259259258,0.04499816642595576
50,2009,1959,91,118,80,91,0.8799999999999999,0.485,0.046,Baby Boomers,0.5,0.25,1.1275,1.2686,0.7755000000000001,1.06375,1.1,1.025,112.86275,153.43716999999998,62.040000000000006,96.80125,117.0311595,0.85,0.32222222222222224,0.9595555555555555,0.044855813180420506
50,2010,1960,91,118,80,91,0.8999999999999999,0.5,0.05,Baby Boomers,0.5,0.25,1.13,1.275,0.77,1.0650000000000002,1.1,1.025,113.11299999999999,154.21124999999998,61.6,96.91500000000002,117.34073749999997,0.85,0.32407407407407407,0.960185185185185,0.044806351872879575
50,2011,1961,91,118,80,91,0.908,0.52,0.065,Baby Boomers,0.5,0.25,1.1296,1.2789,0.7664,1.0648,1.1,1.025,113.07296000000001,154.682955,61.312,96.8968,117.44589024999999,0.85,0.32592592592592595,0.9608148148148149,0.04466551654080708
50,2012,1962,91,118,80,91,0.916,0.54,0.08,Baby Boomers,0.5,0.25,1.1292,1.2828,0.7627999999999999,1.0646000000000002,1.1,1.025,113.03292,155.15465999999998,61.023999999999994,96.87860000000002,117.55104299999998,0.85,0.3277777777777778,0.9614444444444444,0.044658109733124826
50,2013,1963,91,118,80,91,0.924,0.56,0.095,Baby Boomers,0.5,0.25,1.1288,1.2867000000000002,0.7591999999999999,1.0644,1.1,1.025,112.99288,155.62636500000002,60.73599999999999,96.8604,117.65619575000001,0.85,0.3296296296296296,0.9620740740740741,0.04451848195678403
50,2014,1964,91,118,80,91,0.932,0.58,0.11,Baby Boomers,0.5,0.25,1.1283999999999998,1.2906,0.7556,1.0642,1.1,1.025,112.95284,156.09806999999998,60.44800000000001,96.8422,117.76134849999998,0.85,0.3314814814814815,0.9627037037037037,0.04451122926887741
50,2015,1965,91,118,80,91,0.9400000000000001,0.6,0.125,Generation X,0.8,0.35,1.128,1.2945,0.752,1.064,1.1600000000000001,1.035,119.07168000000001,158.097285,60.16,96.82400000000001,120.55673775000001,0.85,0.4333333333333333,0.9973333333333333,0.045888162939787126
50,2016,1966,91,118,80,91,0.9480000000000001,0.62,0.14,Generation X,0.8,0.35,1.1276,1.2984,0.7484,1.0638,1.1600000000000001,1.035,119.02945600000001,158.573592,59.872,96.8058,120.66273679999999,0.85,0.4351851851851852,0.9979629629629629,0.045879838922517645
50,2017,1967,91,118,80,91,0.9560000000000001,0.64,0.15500000000000003,Generation X,0.8,0.35,1.1272,1.3023,0.7447999999999999,1.0636,1.1600000000000001,1.035,118.987232,159.04989899999998,59.58399999999999,96.78760000000001,120.76873585,0.85,0.437037037037037,0.9985925925925925,0.045686844655916825
50,2018,1968,91,118,80,91,0.964,0.66,0.16999999999999998,Generation X,0.8,0.35,1.1268,1.3061999999999998,0.7412000000000001,1.0634000000000001,1.1600000000000001,1.035,118.94500800000003,159.52620599999995,59.29600000000001,96.7694,120.87473489999999,0.85,0.4388888888888889,0.9992222222222221,0.045687084368443244
50,2019,1969,91,118,80,91,0.972,0.6799999999999999,0.185,Generation X,0.8,0.35,1.1263999999999998,1.3100999999999998,0.7376,1.0632,1.1600000000000001,1.035,118.902784,160,59.008,96.7512,120.97985440000001,0.85,0.4407407407407407,0.9998518518518518,0.04711195808857662
50,2020,1970,91,118,80,91,0.98,0.7,0.2,Generation X,0.8,0.35,1.126,1.314,0.7340000000000001,1.0630000000000002,1.1600000000000001,1.035,118.86056,160,58.720000000000006,96.73300000000002,120.91914600000001,0.85,0.44259259259259254,1.0004814814814815,0.04711227381730979
50,2021,1971,91,118,80,91,0.98,0.7374999999999999,0.30000000000000004,Generation X,0.8,0.35,1.12225,1.324,0.7302500000000001,1.061125,1.1600000000000001,1.035,118.46471000000001,160,58.42,96.562375,120.71000475000001,0.85,0.4444444444444444,1.001111111111111,0.048652735028889255
50,2022,1972,91,118,80,91,0.98,0.7749999999999999,0.4,Generation X,0.8,0.35,1.1185,1.334,0.7265,1.05925,1.1600000000000001,1.035,118.06886000000002,160,58.120000000000005,96.39175,120.50086350000001,0.85,0.4462962962962963,1.0017407407407408,0.04865312143043451
50,2023,1973,91,118,80,91,0.98,0.8125,0.6,Generation X,0.8,0.35,1.11475,1.354,0.72275,1.0573750000000002,1.1600000000000001,1.035,117.67301,160,57.82,96.22112500000001,120.29172225,0.85,0.44814814814814813,1.0023703703703704,0.05027268809534424
50,2024,1974,91,118,80,91,0.98,0.85,0.8,Generation X,0.8,0.35,1.111,1.374,0.7190000000000001,1.0555,1.1600000000000001,1.035,117.27716000000001,160,57.52000000000001,96.05050000000001,120.082581,0.85,0.44999999999999996,1.003,0.05027316926469851
52,1972,1920,90,119,78,90,0.05,0.11,0.01,Silent Generation,0.3,0.15,0.999,1.0159999999999998,0.979,0.9994999999999999,1.06,1.015,95.30460000000001,122.71755999999996,76.362,89.955,101.25530599999999,0.85,0.1537037037037037,0.9022592592592592,0.05893581195505966
52,1973,1921,90,119,78,90,0.05,0.115,0.01,Silent Generation,0.3,0.15,0.9985,1.0159999999999998,0.9785,0.9992499999999999,1.06,1.015,95.25690000000002,122.71755999999996,76.32300000000001,89.93249999999999,101.22938599999999,0.85,0.15555555555555556,0.9028888888888889,0.05893616095388677
52,1974,1922,90,119,78,90,0.05,0.12000000000000001,0.01,Silent Generation,0.3,0.15,0.998,1.0159999999999998,0.978,0.9989999999999999,1.06,1.015,95.2092,122.71755999999996,76.28399999999999,89.91,101.20346599999999,0.85,0.1574074074074074,0.9035185185185184,0.0555399981331093
52,1975,1923,90,119,78,90,0.05,0.125,0.01,Silent Generation,0.3,0.15,0.9975,1.0159999999999998,0.9775,0.9987499999999999,1.06,1.015,95.1615,122.71755999999996,76.245,89.88749999999999,101.17754599999999,0.85,0.15925925925925927,0.904148148148148,0.05554038804557533
52,1976,1924,90,119,78,90,0.05,0.13,0.01,Silent Generation,0.3,0.15,0.997,1.0159999999999998,0.977,0.9984999999999999,1.06,1.015,95.11380000000001,122.71755999999996,76.206,89.865,101.15162599999998,0.85,0.1611111111111111,0.9047777777777778,0.05333831148840286
52,1977,1925,90,119,78,90,0.05,0.135,0.01,Silent Generation,0.3,0.15,0.9965,1.0159999999999998,0.9765,0.9982499999999999,1.06,1.015,95.0661,122.71755999999996,76.167,89.84249999999999,101.12570599999998,0.85,0.16296296296296295,0.9054074074074074,0.05333874444706272
52,1978,1926,90,119,78,90,0.05,0.14,0.01,Silent Generation,0.3,0.15,0.996,1.0159999999999998,0.976,0.9979999999999999,1.06,1.015,95.0184,122.71755999999996,76.128,89.82,101.099786,0.85,0.1648148148148148,0.906037037037037,0.05130479827690708
52,1979,1927,90,119,78,90,0.05,0.14500000000000002,0.01,Silent Generation,0.3,0.15,0.9955,1.0159999999999998,0.9755,0.9977499999999999,1.06,1.015,94.97070000000001,122.71755999999996,76.089,89.79749999999999,101.07386599999998,0.85,0.16666666666666666,0.9066666666666666,0.05130526633469141
52,1980,1928,90,119,78,90,0.05,0.15000000000000002,0.01,Silent Generation,0.3,0.15,0.995,1.0159999999999998,0.975,0.9974999999999999,1.06,1.015,94.923,122.71755999999996,76.05,89.77499999999999,101.047946,0.85,0.1685185185185185,0.9072962962962963,0.049420897714457485
52,1981,1929,90,119,78,90,0.065,0.15500000000000003,0.01,Silent Generation,0.3,0.15,0.9974999999999999,1.0205,0.9715,0.9987499999999999,1.06,1.015,95.16149999999999,123.26109249999999,75.777,89.88749999999999,101.29758237499999,0.85,0.17037037037037037,0.9079259259259258,0.04942139429861699
52,1982,1930,90,119,78,90,0.08,0.16000000000000003,0.01,Silent Generation,0.3,0.15,1,1.025,0.968,1,1.06,1.015,95.4,123.80462499999999,75.50399999999999,90,101.54721874999998,0.85,0.17222222222222222,0.9085555555555557,0.047670683433315264
52,1983,1931,90,119,78,90,0.095,0.165,0.01,Silent Generation,0.3,0.15,1.0025,1.0294999999999999,0.9645,1.00125,1.06,1.015,95.6385,124.34815749999997,75.23100000000001,90.1125,101.79685512499998,0.85,0.17407407407407408,0.9091851851851852,0.04761128954677342
52,1984,1932,90,119,78,90,0.11,0.17,0.01,Silent Generation,0.3,0.15,1.0050000000000001,1.0339999999999998,0.961,1.0025,1.06,1.015,95.87700000000002,124.89168999999997,74.958,90.225,102.04649149999999,0.85,0.17592592592592593,0.9098148148148149,0.045984563862665924
52,1985,1933,90,119,78,90,0.125,0.175,0.01,Silent Generation,0.3,0.15,1.0074999999999998,1.0385,0.9575,1.00375,1.06,1.015,96.11549999999998,125.43522249999998,74.685,90.33749999999999,102.29612787499998,0.85,0.17777777777777776,0.9104444444444444,0.04592946346494473
52,1986,1934,90,119,78,90,0.14,0.18,0.01,Silent Generation,0.3,0.15,1.01,1.043,0.954,1.0050000000000001,1.06,1.015,96.35400000000001,125.97875499999998,74.41199999999999,90.45000000000002,102.54576424999999,0.85,0.17962962962962964,0.911074074074074,0.04560547436256343
52,1987,1935,90,119,78,90,0.15500000000000003,0.185,0.01,Silent Generation,0.3,0.15,1.0125,1.0474999999999999,0.9505,1.00625,1.06,1.015,96.5925,126.52228749999998,74.139,90.56250000000001,102.79540062499998,0.85,0.18148148148148147,0.9117037037037037,0.04555144337527757
52,1988,1936,90,119,78,90,0.16999999999999998,0.19,0.01,Silent Generation,0.3,0.15,1.0150000000000001,1.0519999999999998,0.947,1.0074999999999998,1.06,1.015,96.83100000000002,127.06581999999996,73.866,90.67499999999998,103.04503699999997,0.85,0.18333333333333332,0.9123333333333332,0.045232940554297704
52,1989,1937,90,119,78,90,0.185,0.195,0.01,Silent Generation,0.3,0.15,1.0174999999999998,1.0565,0.9435,1.00875,1.06,1.015,97.06949999999999,127.60935249999999,73.593,90.78750000000001,103.29467337499999,0.85,0.18518518518518517,0.9129629629629629,0.04517994999963343
52,1990,1938,90,119,78,90,0.2,0.2,0.01,Silent Generation,0.3,0.15,1.02,1.061,0.94,1.01,1.06,1.015,97.308,128.15288499999997,73.32,90.9,103.54430975,0.85,0.18703703703703703,0.9135925925925926,0.04486679289828897
52,1991,1939,90,119,78,90,0.25,0.21500000000000002,0.01,Silent Generation,0.3,0.15,1.0285,1.0759999999999998,0.9285,1.0142499999999999,1.06,1.015,98.1189,129.96465999999998,72.423,91.28249999999998,104.38507099999998,0.85,0.18888888888888888,0.9142222222222223,0.044792857531711035
52,1992,1940,90,119,78,90,0.30000000000000004,0.23,0.01,Silent Generation,0.3,0.15,1.0370000000000001,1.091,0.9169999999999999,1.0185,1.06,1.015,98.92980000000001,131.776435,71.526,91.66499999999999,105.22583225,0.85,0.19074074074074074,0.9148518518518518,0.04471926670613389
52,1993,1941,90,119,78,90,0.35,0.245,0.01,Silent Generation,0.3,0.15,1.0455,1.1059999999999999,0.9055000000000001,1.0227499999999998,1.06,1.015,99.74070000000002,133.58820999999998,70.629,92.04749999999999,106.0665935,0.85,0.1925925925925926,0.9154814814814815,0.04464601801879908
52,1994,1942,90,119,78,90,0.4,0.26,0.01,Silent Generation,0.3,0.15,1.054,1.121,0.8939999999999999,1.0270000000000001,1.06,1.015,100.55160000000001,135.399985,69.732,92.43,106.90735475000001,0.85,0.19444444444444445,0.916111111111111,0.044573109089238123
52,1995,1943,90,119,78,90,0.45,0.275,0.01,Silent Generation,0.3,0.15,1.0625,1.136,0.8825000000000001,1.03125,1.06,1.015,101.36250000000001,137.21176,68.83500000000001,92.8125,107.748116,0.85,0.1962962962962963,0.9167407407407406,0.044500537559014626
52,1996,1944,90,119,78,90,0.5,0.29000000000000004,0.01,Silent Generation,0.3,0.15,1.0710000000000002,1.1509999999999998,0.871,1.0355,1.06,1.015,102.17340000000002,139.02353499999995,67.938,93.19500000000001,108.58887725,0.85,0.19814814814814813,0.9173703703703704,0.04442830109147003
52,1997,1945,90,119,78,90,0.55,0.30500000000000005,0.01,Silent Generation,0.3,0.15,1.0795000000000001,1.166,0.8595,1.03975,1.06,1.015,102.98430000000002,140.83530999999996,67.041,93.5775,109.4296385,0.85,0.2,0.918,0.04435639737147275
52,1998,1946,90,119,78,90,0.6000000000000001,0.32,0.01,Baby Boomers,0.5,0.25,1.088,1.1809999999999998,0.848,1.044,1.1,1.025,107.71200000000002,144.052475,66.14399999999999,93.96000000000001,112.13316624999999,0.85,0.30185185185185187,0.9526296296296297,0.0459238785956981
52,1999,1947,90,119,78,90,0.65,0.33499999999999996,0.01,Baby Boomers,0.5,0.25,1.0964999999999998,1.196,0.8365,1.04825,1.1,1.025,108.5535,145.88209999999998,65.247,94.34249999999999,112.99088499999999,0.85,0.3037037037037037,0.9532592592592593,0.04579601219898437
52,2000,1948,90,119,78,90,0.7,0.35,0.01,Baby Boomers,0.5,0.25,1.105,1.2109999999999999,0.825,1.0525,1.1,1.025,109.39500000000001,147.71172499999997,64.35,94.725,113.84860374999998,0.85,0.3055555555555556,0.9538888888888889,0.0457215591664137
52,2001,1949,90,119,78,90,0.72,0.365,0.014,Baby Boomers,0.5,0.25,1.1075,1.2174,0.8195,1.05375,1.1,1.025,109.64250000000001,148.49236499999998,63.921,94.83749999999999,114.16097774999999,0.85,0.3074074074074074,0.9545185185185184,0.04559511425316151
52,2002,1950,90,119,78,90,0.74,0.38,0.018000000000000002,Baby Boomers,0.5,0.25,1.1099999999999999,1.2238,0.814,1.0550000000000002,1.1,1.025,109.89,149.273005,63.492,94.95000000000002,114.47335175,0.85,0.30925925925925923,0.9551481481481481,0.045543246569996094
52,2003,1951,90,119,78,90,0.76,0.39499999999999996,0.022,Baby Boomers,0.5,0.25,1.1125,1.2302,0.8085,1.0562500000000001,1.1,1.025,110.1375,150.053645,63.063,95.06250000000001,114.78572575000001,0.85,0.3111111111111111,0.9557777777777777,0.045418065851443534
52,2004,1952,90,119,78,90,0.7799999999999999,0.41,0.026000000000000002,Baby Boomers,0.5,0.25,1.115,1.2366,0.8029999999999999,1.0575,1.1,1.025,110.385,150.83428499999997,62.63399999999999,95.17500000000001,115.09809974999999,0.85,0.312962962962963,0.9564074074074075,0.0453667834962799
52,2005,1953,90,119,78,90,0.7999999999999999,0.425,0.03,Baby Boomers,0.5,0.25,1.1175,1.2429999999999999,0.7975,1.05875,1.1,1.025,110.6325,151.61492499999997,62.205,95.28750000000001,115.41047374999998,0.85,0.3148148148148148,0.957037037037037,0.04524284763805722
52,2006,1954,90,119,78,90,0.82,0.43999999999999995,0.034,Baby Boomers,0.5,0.25,1.1199999999999999,1.2494,0.7919999999999999,1.06,1.1,1.025,110.88,152.395565,61.775999999999996,95.4,115.72284775,0.85,0.31666666666666665,0.9576666666666667,0.04519214131785506
52,2007,1955,90,119,78,90,0.84,0.45499999999999996,0.038000000000000006,Baby Boomers,0.5,0.25,1.1224999999999998,1.2558,0.7865,1.06125,1.1,1.025,111.1275,153.17620499999998,61.347,95.5125,116.03522174999999,0.85,0.31851851851851853,0.9582962962962963,0.04504824483513882
52,2008,1956,90,119,78,90,0.86,0.47,0.042,Baby Boomers,0.5,0.25,1.125,1.2622,0.7809999999999999,1.0625,1.1,1.025,111.37500000000001,153.956845,60.91799999999999,95.625,116.34759574999998,0.85,0.32037037037037036,0.9589259259259258,0.04499816642595576
52,2009,1957,90,119,78,90,0.8799999999999999,0.485,0.046,Baby Boomers,0.5,0.25,1.1275,1.2686,0.7755000000000001,1.06375,1.1,1.025,111.6225,154.737485,60.489000000000004,95.7375,116.65996975,0.85,0.32222222222222224,0.9595555555555555,0.044855813180420506
52,2010,1958,90,119,78,90,0.8999999999999999,0.5,0.05,Baby Boomers,0.5,0.25,1.13,1.275,0.77,1.0650000000000002,1.1,1.025,111.86999999999999,155.51812499999997,60.06,95.85000000000001,116.97234374999998,0.85,0.32407407407407407,0.960185185185185,0.044806351872879575
52,2011,1959,90,119,78,90,0.908,0.52,0.065,Baby Boomers,0.5,0.25,1.1296,1.2789,0.7664,1.0648,1.1,1.025,111.8304,155.99382749999998,59.779199999999996,95.832,117.080159625,0.85,0.32592592592592595,0.9608148148148149,0.04466551654080708
52,2012,1960,90,119,78,90,0.916,0.54,0.08,Baby Boomers,0.5,0.25,1.1292,1.2828,0.7627999999999999,1.0646000000000002,1.1,1.025,111.7908,156.46953,59.4984,95.81400000000002,117.18797549999998,0.85,0.3277777777777778,0.9614444444444444,0.044658109733124826
52,2013,1961,90,119,78,90,0.924,0.56,0.095,Baby Boomers,0.5,0.25,1.1288,1.2867000000000002,0.7591999999999999,1.0644,1.1,1.025,111.75120000000001,156.9452325,59.21759999999999,95.796,117.295791375,0.85,0.3296296296296296,0.9620740740740741,0.04451848195678403
52,2014,1962,90,119,78,90,0.932,0.58,0.11,Baby Boomers,0.5,0.25,1.1283999999999998,1.2906,0.7556,1.0642,1.1,1.025,111.71159999999999,157.420935,58.936800000000005,95.778,117.40360724999998,0.85,0.3314814814814815,0.9627037037037037,0.04451122926887741
52,2015,1963,90,119,78,90,0.9400000000000001,0.6,0.125,Baby Boomers,0.5,0.25,1.128,1.2945,0.752,1.064,1.1,1.025,111.67200000000001,157.8966375,58.656,95.76,117.51142312500001,0.85,0.3333333333333333,0.9633333333333333,0.04432379374865802
52,2016,1964,90,119,78,90,0.9480000000000001,0.62,0.14,Baby Boomers,0.5,0.25,1.1276,1.2984,0.7484,1.0638,1.1,1.025,111.6324,158.37233999999998,58.3752,95.742,117.619239,0.85,0.3351851851851852,0.9639629629629629,0.04431674030938455
52,2017,1965,90,119,78,90,0.9560000000000001,0.64,0.15500000000000003,Generation X,0.8,0.35,1.1272,1.3023,0.7447999999999999,1.0636,1.1600000000000001,1.035,117.67968,160,58.09439999999999,95.724,120.26064799999999,0.85,0.437037037037037,0.9985925925925925,0.045686844655916825
52,2018,1966,90,119,78,90,0.964,0.66,0.16999999999999998,Generation X,0.8,0.35,1.1268,1.3061999999999998,0.7412000000000001,1.0634000000000001,1.1600000000000001,1.035,117.63792000000002,160,57.81360000000001,95.70600000000002,120.201212,0.85,0.4388888888888889,0.9992222222222221,0.045687084368443244
52,2019,1967,90,119,78,90,0.972,0.6799999999999999,0.185,Generation X,0.8,0.35,1.1263999999999998,1.3100999999999998,0.7376,1.0632,1.1600000000000001,1.035,117.59616,160,57.5328,95.68799999999999,120.141776,0.85,0.4407407407407407,0.9998518518518518,0.04711195808857662
52,2020,1968,90,119,78,90,0.98,0.7,0.2,Generation X,0.8,0.35,1.126,1.314,0.7340000000000001,1.0630000000000002,1.1600000000000001,1.035,117.5544,160,57.25200000000001,95.67000000000002,120.08233999999999,0.85,0.44259259259259254,1.0004814814814815,0.04711227381730979
52,2021,1969,90,119,78,90,0.98,0.7374999999999999,0.30000000000000004,Generation X,0.8,0.35,1.12225,1.324,0.7302500000000001,1.061125,1.1600000000000001,1.035,117.16290000000001,160,56.959500000000006,95.50125000000001,119.8761275,0.85,0.4444444444444444,1.001111111111111,0.048652735028889255
52,2022,1970,90,119,78,90,0.98,0.7749999999999999,0.4,Generation X,0.8,0.35,1.1185,1.334,0.7265,1.05925,1.1600000000000001,1.035,116.77140000000003,160,56.667,95.3325,119.669915,0.85,0.4462962962962963,1.0017407407407408,0.04865312143043451
52,2023,1971,90,119,78,90,0.98,0.8125,0.6,Generation X,0.8,0.35,1.11475,1.354,0.72275,1.0573750000000002,1.1600000000000001,1.035,116.37989999999999,160,56.3745,95.16375000000002,119.4637025,0.85,0.44814814814814813,1.0023703703703704,0.05027268809534424
52,2024,1972,90,119,78,90,0.98,0.85,0.8,Generation X,0.8,0.35,1.111,1.374,0.7190000000000001,1.0555,1.1600000000000001,1.035,115.98840000000001,160,56.08200000000001,94.995,119.25749,0.85,0.44999999999999996,1.003,0.05027316926469851
54,1974,1920,88,120,76,88,0.05,0.12000000000000001,0.01,Silent Generation,0.3,0.15,0.998,1.0159999999999998,0.978,0.9989999999999999,1.06,1.015,93.09344,123.74879999999996,74.328,87.91199999999999,100.230784,0.85,0.1574074074074074,0.9035185185185184,0.0555399981331093
54,1975,1921,88,120,76,88,0.05,0.125,0.01,Silent Generation,0.3,0.15,0.9975,1.0159999999999998,0.9775,0.9987499999999999,1.06,1.015,93.0468,123.74879999999996,74.29,87.88999999999999,100.20545999999999,0.85,0.15925925925925927,0.904148148148148,0.05554038804557533
54,1976,1922,88,120,76,88,0.05,0.13,0.01,Silent Generation,0.3,0.15,0.997,1.0159999999999998,0.977,0.9984999999999999,1.06,1.015,93.00016000000001,123.74879999999996,74.252,87.868,100.18013599999998,0.85,0.1611111111111111,0.9047777777777778,0.05333831148840286
54,1977,1923,88,120,76,88,0.05,0.135,0.01,Silent Generation,0.3,0.15,0.9965,1.0159999999999998,0.9765,0.9982499999999999,1.06,1.015,92.95352000000001,123.74879999999996,74.214,87.84599999999999,100.15481199999998,0.85,0.16296296296296295,0.9054074074074074,0.05333874444706272
54,1978,1924,88,120,76,88,0.05,0.14,0.01,Silent Generation,0.3,0.15,0.996,1.0159999999999998,0.976,0.9979999999999999,1.06,1.015,92.90688,123.74879999999996,74.176,87.82399999999998,100.12948799999997,0.85,0.1648148148148148,0.906037037037037,0.05130479827690708
54,1979,1925,88,120,76,88,0.05,0.14500000000000002,0.01,Silent Generation,0.3,0.15,0.9955,1.0159999999999998,0.9755,0.9977499999999999,1.06,1.015,92.86024,123.74879999999996,74.138,87.80199999999999,100.10416399999997,0.85,0.16666666666666666,0.9066666666666666,0.05130526633469141
54,1980,1926,88,120,76,88,0.05,0.15000000000000002,0.01,Silent Generation,0.3,0.15,0.995,1.0159999999999998,0.975,0.9974999999999999,1.06,1.015,92.81360000000001,123.74879999999996,74.1,87.78,100.07883999999997,0.85,0.1685185185185185,0.9072962962962963,0.049420897714457485
54,1981,1927,88,120,76,88,0.065,0.15500000000000003,0.01,Silent Generation,0.3,0.15,0.9974999999999999,1.0205,0.9715,0.9987499999999999,1.06,1.015,93.0468,124.29689999999998,73.834,87.88999999999999,100.32889499999999,0.85,0.17037037037037037,0.9079259259259258,0.04942139429861699
54,1982,1928,88,120,76,88,0.08,0.16000000000000003,0.01,Silent Generation,0.3,0.15,1,1.025,0.968,1,1.06,1.015,93.28,124.84499999999997,73.568,88,100.57894999999999,0.85,0.17222222222222222,0.9085555555555557,0.047670683433315264
54,1983,1929,88,120,76,88,0.095,0.165,0.01,Silent Generation,0.3,0.15,1.0025,1.0294999999999999,0.9645,1.00125,1.06,1.015,93.5132,125.39309999999996,73.302,88.11,100.82900499999998,0.85,0.17407407407407408,0.9091851851851852,0.04761128954677342
54,1984,1930,88,120,76,88,0.11,0.17,0.01,Silent Generation,0.3,0.15,1.0050000000000001,1.0339999999999998,0.961,1.0025,1.06,1.015,93.74640000000002,125.94119999999997,73.036,88.22,101.07906,0.85,0.17592592592592593,0.9098148148148149,0.045984563862665924
54,1985,1931,88,120,76,88,0.125,0.175,0.01,Silent Generation,0.3,0.15,1.0074999999999998,1.0385,0.9575,1.00375,1.06,1.015,93.97959999999999,126.48929999999999,72.77,88.33,101.32911499999997,0.85,0.17777777777777776,0.9104444444444444,0.04592946346494473
54,1986,1932,88,120,76,88,0.14,0.18,0.01,Silent Generation,0.3,0.15,1.01,1.043,0.954,1.0050000000000001,1.06,1.015,94.2128,127.03739999999999,72.50399999999999,88.44000000000001,101.57916999999999,0.85,0.17962962962962964,0.911074074074074,0.04560547436256343
54,1987,1933,88,120,76,88,0.15500000000000003,0.185,0.01,Silent Generation,0.3,0.15,1.0125,1.0474999999999999,0.9505,1.00625,1.06,1.015,94.446,127.58549999999998,72.238,88.55000000000001,101.829225,0.85,0.18148148148148147,0.9117037037037037,0.04555144337527757
54,1988,1934,88,120,76,88,0.16999999999999998,0.19,0.01,Silent Generation,0.3,0.15,1.0150000000000001,1.0519999999999998,0.947,1.0074999999999998,1.06,1.015,94.67920000000001,128.13359999999997,71.972,88.65999999999998,102.07927999999998,0.85,0.18333333333333332,0.9123333333333332,0.045232940554297704
54,1989,1935,88,120,76,88,0.185,0.195,0.01,Silent Generation,0.3,0.15,1.0174999999999998,1.0565,0.9435,1.00875,1.06,1.015,94.91239999999999,128.68169999999998,71.706,88.77000000000001,102.32933499999997,0.85,0.18518518518518517,0.9129629629629629,0.04517994999963343
54,1990,1936,88,120,76,88,0.2,0.2,0.01,Silent Generation,0.3,0.15,1.02,1.061,0.94,1.01,1.06,1.015,95.14560000000002,129.22979999999998,71.44,88.88,102.57938999999998,0.85,0.18703703703703703,0.9135925925925926,0.04486679289828897
54,1991,1937,88,120,76,88,0.25,0.21500000000000002,0.01,Silent Generation,0.3,0.15,1.0285,1.0759999999999998,0.9285,1.0142499999999999,1.06,1.015,95.93848,131.05679999999995,70.566,89.25399999999999,103.42134799999998,0.85,0.18888888888888888,0.9142222222222223,0.044792857531711035
54,1992,1938,88,120,76,88,0.30000000000000004,0.23,0.01,Silent Generation,0.3,0.15,1.0370000000000001,1.091,0.9169999999999999,1.0185,1.06,1.015,96.73136000000002,132.88379999999998,69.692,89.628,104.263306,0.85,0.19074074074074074,0.9148518518518518,0.04471926670613389
54,1993,1939,88,120,76,88,0.35,0.245,0.01,Silent Generation,0.3,0.15,1.0455,1.1059999999999999,0.9055000000000001,1.0227499999999998,1.06,1.015,97.52424,134.71079999999995,68.81800000000001,90.00199999999998,105.10526399999998,0.85,0.1925925925925926,0.9154814814814815,0.04464601801879908
54,1994,1940,88,120,76,88,0.4,0.26,0.01,Silent Generation,0.3,0.15,1.054,1.121,0.8939999999999999,1.0270000000000001,1.06,1.015,98.31712000000002,136.5378,67.94399999999999,90.376,105.94722199999998,0.85,0.19444444444444445,0.916111111111111,0.044573109089238123
54,1995,1941,88,120,76,88,0.45,0.275,0.01,Silent Generation,0.3,0.15,1.0625,1.136,0.8825000000000001,1.03125,1.06,1.015,99.11,138.36479999999997,67.07000000000001,90.75,106.78917999999999,0.85,0.1962962962962963,0.9167407407407406,0.044500537559014626
54,1996,1942,88,120,76,88,0.5,0.29000000000000004,0.01,Silent Generation,0.3,0.15,1.0710000000000002,1.1509999999999998,0.871,1.0355,1.06,1.015,99.90288000000002,140.19179999999997,66.196,91.12400000000001,107.63113799999999,0.85,0.19814814814814813,0.9173703703703704,0.04442830109147003
54,1997,1943,88,120,76,88,0.55,0.30500000000000005,0.01,Silent Generation,0.3,0.15,1.0795000000000001,1.166,0.8595,1.03975,1.06,1.015,100.69576000000002,142.01879999999997,65.322,91.49799999999999,108.473096,0.85,0.2,0.918,0.04435639737147275
54,1998,1944,88,120,76,88,0.6000000000000001,0.32,0.01,Silent Generation,0.3,0.15,1.088,1.1809999999999998,0.848,1.044,1.06,1.015,101.48864,143.84579999999997,64.448,91.872,109.31505399999998,0.85,0.20185185185185184,0.9186296296296297,0.04428482410517087
54,1999,1945,88,120,76,88,0.65,0.33499999999999996,0.01,Silent Generation,0.3,0.15,1.0964999999999998,1.196,0.8365,1.04825,1.06,1.015,102.28152,145.67279999999997,63.574,92.246,110.157012,0.85,0.20370370370370372,0.9192592592592592,0.04416260093164939
54,2000,1946,88,120,76,88,0.7,0.35,0.01,Baby Boomers,0.5,0.25,1.105,1.2109999999999999,0.825,1.0525,1.1,1.025,106.964,148.95299999999997,62.699999999999996,92.62,112.86894999999998,0.85,0.3055555555555556,0.9538888888888889,0.0457215591664137
54,2001,1947,88,120,76,88,0.72,0.365,0.014,Baby Boomers,0.5,0.25,1.1075,1.2174,0.8195,1.05375,1.1,1.025,107.206,149.7402,62.282000000000004,92.72999999999999,113.18296999999998,0.85,0.3074074074074074,0.9545185185185184,0.04559511425316151
54,2002,1948,88,120,76,88,0.74,0.38,0.018000000000000002,Baby Boomers,0.5,0.25,1.1099999999999999,1.2238,0.814,1.0550000000000002,1.1,1.025,107.44800000000001,150.52739999999997,61.864,92.84000000000002,113.49698999999998,0.85,0.30925925925925923,0.9551481481481481,0.045543246569996094
54,2003,1949,88,120,76,88,0.76,0.39499999999999996,0.022,Baby Boomers,0.5,0.25,1.1125,1.2302,0.8085,1.0562500000000001,1.1,1.025,107.69000000000001,151.31459999999998,61.446,92.95000000000002,113.81101000000001,0.85,0.3111111111111111,0.9557777777777777,0.045418065851443534
54,2004,1950,88,120,76,88,0.7799999999999999,0.41,0.026000000000000002,Baby Boomers,0.5,0.25,1.115,1.2366,0.8029999999999999,1.0575,1.1,1.025,107.93200000000002,152.10179999999997,61.02799999999999,93.06,114.12503,0.85,0.312962962962963,0.9564074074074075,0.0453667834962799
54,2005,1951,88,120,76,88,0.7999999999999999,0.425,0.03,Baby Boomers,0.5,0.25,1.1175,1.2429999999999999,0.7975,1.05875,1.1,1.025,108.17399999999999,152.88899999999998,60.61,93.17,114.43904999999998,0.85,0.3148148148148148,0.957037037037037,0.04524284763805722
54,2006,1952,88,120,76,88,0.82,0.43999999999999995,0.034,Baby Boomers,0.5,0.25,1.1199999999999999,1.2494,0.7919999999999999,1.06,1.1,1.025,108.416,153.6762,60.19199999999999,93.28,114.75307000000001,0.85,0.31666666666666665,0.9576666666666667,0.04519214131785506
54,2007,1953,88,120,76,88,0.84,0.45499999999999996,0.038000000000000006,Baby Boomers,0.5,0.25,1.1224999999999998,1.2558,0.7865,1.06125,1.1,1.025,108.658,154.46339999999998,59.774,93.39,115.06708999999998,0.85,0.31851851851851853,0.9582962962962963,0.04504824483513882
54,2008,1954,88,120,76,88,0.86,0.47,0.042,Baby Boomers,0.5,0.25,1.125,1.2622,0.7809999999999999,1.0625,1.1,1.025,108.9,155.2506,59.355999999999995,93.5,115.38111,0.85,0.32037037037037036,0.9589259259259258,0.04499816642595576
54,2009,1955,88,120,76,88,0.8799999999999999,0.485,0.046,Baby Boomers,0.5,0.25,1.1275,1.2686,0.7755000000000001,1.06375,1.1,1.025,109.14200000000001,156.03779999999998,58.938,93.61,115.69512999999999,0.85,0.32222222222222224,0.9595555555555555,0.044855813180420506
54,2010,1956,88,120,76,88,0.8999999999999999,0.5,0.05,Baby Boomers,0.5,0.25,1.13,1.275,0.77,1.0650000000000002,1.1,1.025,109.384,156.825,58.52,93.72000000000001,116.00915,0.85,0.32407407407407407,0.960185185185185,0.044806351872879575
54,2011,1957,88,120,76,88,0.908,0.52,0.065,Baby Boomers,0.5,0.25,1.1296,1.2789,0.7664,1.0648,1.1,1.025,109.34528,157.30469999999997,58.246399999999994,93.7024,116.11981299999998,0.85,0.32592592592592595,0.9608148148148149,0.04466551654080708
54,2012,1958,88,120,76,88,0.916,0.54,0.08,Baby Boomers,0.5,0.25,1.1292,1.2828,0.7627999999999999,1.0646000000000002,1.1,1.025,109.30656,157.78439999999998,57.97279999999999,93.68480000000002,116.230476,0.85,0.3277777777777778,0.9614444444444444,0.044658109733124826
54,2013,1959,88,120,76,88,0.924,0.56,0.095,Baby Boomers,0.5,0.25,1.1288,1.2867000000000002,0.7591999999999999,1.0644,1.1,1.025,109.26784,158.2641,57.69919999999999,93.66720000000001,116.341139,0.85,0.3296296296296296,0.9620740740740741,0.04451848195678403
54,2014,1960,88,120,76,88,0.932,0.58,0.11,Baby Boomers,0.5,0.25,1.1283999999999998,1.2906,0.7556,1.0642,1.1,1.025,109.22912,158.74379999999996,57.4256,93.6496,116.45180199999997,0.85,0.3314814814814815,0.9627037037037037,0.04451122926887741
54,2015,1961,88,120,76,88,0.9400000000000001,0.6,0.125,Baby Boomers,0.5,0.25,1.128,1.2945,0.752,1.064,1.1,1.025,109.19040000000001,159.2235,57.152,93.632,116.56246499999999,0.85,0.3333333333333333,0.9633333333333333,0.04432379374865802
54,2016,1962,88,120,76,88,0.9480000000000001,0.62,0.14,Baby Boomers,0.5,0.25,1.1276,1.2984,0.7484,1.0638,1.1,1.025,109.15168,159.70319999999998,56.8784,93.6144,116.67312799999998,0.85,0.3351851851851852,0.9639629629629629,0.04431674030938455
54,2017,1963,88,120,76,88,0.9560000000000001,0.64,0.15500000000000003,Baby Boomers,0.5,0.25,1.1272,1.3023,0.7447999999999999,1.0636,1.1,1.025,109.11296000000002,160,56.60479999999999,93.5968,116.719776,0.85,0.337037037037037,0.9645925925925924,0.04413130265628283
54,2018,1964,88,120,76,88,0.964,0.66,0.16999999999999998,Baby Boomers,0.5,0.25,1.1268,1.3061999999999998,0.7412000000000001,1.0634000000000001,1.1,1.025,109.07424,160,56.33120000000001,93.57920000000001,116.662544,0.85,0.3388888888888889,0.9652222222222223,0.044132514389932896
54,2019,1965,88,120,76,88,0.972,0.6799999999999999,0.185,Generation X,0.8,0.35,1.1263999999999998,1.3100999999999998,0.7376,1.0632,1.1600000000000001,1.035,114.982912,160,56.0576,93.5616,118.6868992,0.85,0.4407407407407407,0.9998518518518518,0.04711195808857662
54,2020,1966,88,120,76,88,0.98,0.7,0.2,Generation X,0.8,0.35,1.126,1.314,0.7340000000000001,1.0630000000000002,1.1600000000000001,1.035,114.94208,160,55.784000000000006,93.54400000000001,118.62892799999999,0.85,0.44259259259259254,1.0004814814814815,0.04711227381730979
54,2021,1967,88,120,76,88,0.98,0.7374999999999999,0.30000000000000004,Generation X,0.8,0.35,1.12225,1.324,0.7302500000000001,1.061125,1.1600000000000001,1.035,114.55928000000002,160,55.499,93.379,118.427448,0.85,0.4444444444444444,1.001111111111111,0.048652735028889255
54,2022,1968,88,120,76,88,0.98,0.7749999999999999,0.4,Generation X,0.8,0.35,1.1185,1.334,0.7265,1.05925,1.1600000000000001,1.035,114.17648000000001,160,55.214000000000006,93.214,118.22596800000001,0.85,0.4462962962962963,1.0017407407407408,0.04865312143043451
54,2023,1969,88,120,76,88,0.98,0.8125,0.6,Generation X,0.8,0.35,1.11475,1.354,0.72275,1.0573750000000002,1.1600000000000001,1.035,113.79368,160,54.929,93.04900000000002,118.024488,0.85,0.44814814814814813,1.0023703703703704,0.05027268809534424
54,2024,1970,88,120,76,88,0.98,0.85,0.8,Generation X,0.8,0.35,1.111,1.374,0.7190000000000001,1.0555,1.1600000000000001,1.035,113.41088000000002,160,54.644000000000005,92.88400000000001,117.82300800000002,0.85,0.44999999999999996,1.003,0.05027316926469851
56,1976,1920,86,121,74,86,0.05,0.13,0.01,Silent Generation,0.3,0.15,0.997,1.0159999999999998,0.977,0.9984999999999999,1.06,1.015,90.88652,124.78003999999997,72.298,85.871,99.208646,0.6,0.1611111111111111,0.6386666666666667,0.037650572815343196
56,1977,1921,86,121,74,86,0.05,0.135,0.01,Silent Generation,0.3,0.15,0.9965,1.0159999999999998,0.9765,0.9982499999999999,1.06,1.015,90.84094,124.78003999999997,72.261,85.84949999999999,99.18391799999999,0.6,0.16296296296296295,0.6391111111111111,0.03765087843322074
56,1978,1922,86,121,74,86,0.05,0.14,0.01,Silent Generation,0.3,0.15,0.996,1.0159999999999998,0.976,0.9979999999999999,1.06,1.015,90.79536000000002,124.78003999999997,72.224,85.82799999999999,99.15919,0.6,0.1648148148148148,0.6395555555555555,0.036215151724875584
56,1979,1923,86,121,74,86,0.05,0.14500000000000002,0.01,Silent Generation,0.3,0.15,0.9955,1.0159999999999998,0.9755,0.9977499999999999,1.06,1.015,90.74978,124.78003999999997,72.187,85.8065,99.13446199999998,0.6,0.16666666666666666,0.64,0.0362154821186057
56,1980,1924,86,121,74,86,0.05,0.15000000000000002,0.01,Silent Generation,0.3,0.15,0.995,1.0159999999999998,0.975,0.9974999999999999,1.06,1.015,90.7042,124.78003999999997,72.14999999999999,85.785,99.10973399999997,0.6,0.1685185185185185,0.6404444444444444,0.034885339563146454
56,1981,1925,86,121,74,86,0.065,0.15500000000000003,0.01,Silent Generation,0.3,0.15,0.9974999999999999,1.0205,0.9715,0.9987499999999999,1.06,1.015,90.9321,125.33270749999998,71.891,85.8925,99.36020762499999,0.6,0.17037037037037037,0.6408888888888888,0.03488569009314141
56,1982,1926,86,121,74,86,0.08,0.16000000000000003,0.01,Silent Generation,0.3,0.15,1,1.025,0.968,1,1.06,1.015,91.16000000000001,125.88537499999998,71.632,86,99.61068125,0.6,0.17222222222222222,0.6413333333333334,0.03364989418822254
56,1983,1927,86,121,74,86,0.095,0.165,0.01,Silent Generation,0.3,0.15,1.0025,1.0294999999999999,0.9645,1.00125,1.06,1.015,91.38789999999999,126.43804249999997,71.373,86.1075,99.86115487499998,0.6,0.17407407407407408,0.6417777777777778,0.03360796909184006
56,1984,1928,86,121,74,86,0.11,0.17,0.01,Silent Generation,0.3,0.15,1.0050000000000001,1.0339999999999998,0.961,1.0025,1.06,1.015,91.61580000000001,126.99070999999996,71.114,86.21499999999999,100.11162849999998,0.6,0.17592592592592593,0.6422222222222222,0.03245969213835242
56,1985,1929,86,121,74,86,0.125,0.175,0.01,Silent Generation,0.3,0.15,1.0074999999999998,1.0385,0.9575,1.00375,1.06,1.015,91.84369999999998,127.54337749999999,70.855,86.32249999999999,100.36210212499998,0.6,0.17777777777777776,0.6426666666666666,0.03242079773996098
56,1986,1930,86,121,74,86,0.14,0.18,0.01,Silent Generation,0.3,0.15,1.01,1.043,0.954,1.0050000000000001,1.06,1.015,92.0716,128.09604499999998,70.596,86.43,100.61257574999999,0.6,0.17962962962962964,0.6431111111111111,0.032192099550044775
56,1987,1931,86,121,74,86,0.15500000000000003,0.185,0.01,Silent Generation,0.3,0.15,1.0125,1.0474999999999999,0.9505,1.00625,1.06,1.015,92.29950000000001,128.6487125,70.337,86.53750000000001,100.86304937499999,0.6,0.18148148148148147,0.6435555555555555,0.032153960029607694
56,1988,1932,86,121,74,86,0.16999999999999998,0.19,0.01,Silent Generation,0.3,0.15,1.0150000000000001,1.0519999999999998,0.947,1.0074999999999998,1.06,1.015,92.52740000000001,129.20137999999997,70.078,86.64499999999998,101.11352299999999,0.6,0.18333333333333332,0.6439999999999999,0.031929134508916025
56,1989,1933,86,121,74,86,0.185,0.195,0.01,Silent Generation,0.3,0.15,1.0174999999999998,1.0565,0.9435,1.00875,1.06,1.015,92.75529999999999,129.75404749999998,69.819,86.7525,101.36399662499998,0.6,0.18518518518518517,0.6444444444444444,0.03189172941150595
56,1990,1934,86,121,74,86,0.2,0.2,0.01,Silent Generation,0.3,0.15,1.02,1.061,0.94,1.01,1.06,1.015,92.9832,130.306715,69.56,86.86,101.61447024999998,0.6,0.18703703703703703,0.644888888888889,0.031670677339968686
56,1991,1935,86,121,74,86,0.25,0.21500000000000002,0.01,Silent Generation,0.3,0.15,1.0285,1.0759999999999998,0.9285,1.0142499999999999,1.06,1.015,93.75806,132.14893999999995,68.709,87.22549999999998,102.45762499999998,0.6,0.18888888888888888,0.6453333333333333,0.031618487669443085
56,1992,1936,86,121,74,86,0.30000000000000004,0.23,0.01,Silent Generation,0.3,0.15,1.0370000000000001,1.091,0.9169999999999999,1.0185,1.06,1.015,94.53292000000002,133.991165,67.85799999999999,87.591,103.30077974999999,0.6,0.19074074074074074,0.6457777777777778,0.03156654120432981
56,1993,1937,86,121,74,86,0.35,0.245,0.01,Silent Generation,0.3,0.15,1.0455,1.1059999999999999,0.9055000000000001,1.0227499999999998,1.06,1.015,95.30778000000002,135.83338999999998,67.007,87.95649999999999,104.14393449999999,0.6,0.1925925925925926,0.6462222222222221,0.031514836248564056
56,1994,1938,86,121,74,86,0.4,0.26,0.01,Silent Generation,0.3,0.15,1.054,1.121,0.8939999999999999,1.0270000000000001,1.06,1.015,96.08264000000001,137.67561499999996,66.15599999999999,88.32200000000002,104.98708924999998,0.6,0.19444444444444445,0.6466666666666666,0.031463371121815145
56,1995,1939,86,121,74,86,0.45,0.275,0.01,Silent Generation,0.3,0.15,1.0625,1.136,0.8825000000000001,1.03125,1.06,1.015,96.8575,139.51783999999998,65.305,88.6875,105.83024399999998,0.6,0.1962962962962963,0.6471111111111111,0.03141214415930445
56,1996,1940,86,121,74,86,0.5,0.29000000000000004,0.01,Silent Generation,0.3,0.15,1.0710000000000002,1.1509999999999998,0.871,1.0355,1.06,1.015,97.63236000000002,141.36006499999996,64.454,89.05300000000001,106.67339874999999,0.6,0.19814814814814813,0.6475555555555556,0.03136115371162591
56,1997,1941,86,121,74,86,0.55,0.30500000000000005,0.01,Silent Generation,0.3,0.15,1.0795000000000001,1.166,0.8595,1.03975,1.06,1.015,98.40722000000002,143.20228999999998,63.603,89.4185,107.5165535,0.6,0.2,0.648,0.031310398144569
56,1998,1942,86,121,74,86,0.6000000000000001,0.32,0.01,Silent Generation,0.3,0.15,1.088,1.1809999999999998,0.848,1.044,1.06,1.015,99.18208000000001,145.04451499999996,62.751999999999995,89.784,108.35970825,0.6,0.20185185185185184,0.6484444444444445,0.03125987583894415
56,1999,1943,86,121,74,86,0.65,0.33499999999999996,0.01,Silent Generation,0.3,0.15,1.0964999999999998,1.196,0.8365,1.04825,1.06,1.015,99.95693999999999,146.88674,61.901,90.14949999999999,109.202863,0.6,0.20370370370370372,0.6488888888888888,0.031173600657634862
56,2000,1944,86,121,74,86,0.7,0.35,0.01,Silent Generation,0.3,0.15,1.105,1.2109999999999999,0.825,1.0525,1.06,1.015,100.7318,148.72896499999996,61.05,90.515,110.04601774999998,0.6,0.20555555555555555,0.6493333333333333,0.031123679879851093
56,2001,1945,86,121,74,86,0.72,0.365,0.014,Silent Generation,0.3,0.15,1.1075,1.2174,0.8195,1.05375,1.06,1.015,100.9597,149.51498099999998,60.643,90.6225,110.35596334999998,0.6,0.2074074074074074,0.6497777777777777,0.031038362736980657
56,2002,1946,86,121,74,86,0.74,0.38,0.018000000000000002,Baby Boomers,0.5,0.25,1.1099999999999999,1.2238,0.814,1.0550000000000002,1.1,1.025,105.006,151.781795,60.236,90.73000000000002,112.52062824999999,0.6,0.30925925925925923,0.6742222222222222,0.03214817404940901
56,2003,1947,86,121,74,86,0.76,0.39499999999999996,0.022,Baby Boomers,0.5,0.25,1.1125,1.2302,0.8085,1.0562500000000001,1.1,1.025,105.2425,152.57555499999998,59.829,90.8375,112.83629424999998,0.6,0.3111111111111111,0.6746666666666666,0.03205981118925426
56,2004,1948,86,121,74,86,0.7799999999999999,0.41,0.026000000000000002,Baby Boomers,0.5,0.25,1.115,1.2366,0.8029999999999999,1.0575,1.1,1.025,105.47900000000001,153.36931499999997,59.422,90.94500000000001,113.15196024999997,0.6,0.312962962962963,0.6751111111111111,0.032023611879726986
56,2005,1949,86,121,74,86,0.7999999999999999,0.425,0.03,Baby Boomers,0.5,0.25,1.1175,1.2429999999999999,0.7975,1.05875,1.1,1.025,105.71549999999999,154.163075,59.015,91.05250000000001,113.46762624999998,0.6,0.3148148148148148,0.6755555555555556,0.03193612774451098
56,2006,1950,86,121,74,86,0.82,0.43999999999999995,0.034,Baby Boomers,0.5,0.25,1.1199999999999999,1.2494,0.7919999999999999,1.06,1.1,1.025,105.952,154.95683499999998,58.608,91.16000000000001,113.78329225,0.6,0.31666666666666665,0.676,0.03190033504789769
56,2007,1951,86,121,74,86,0.84,0.45499999999999996,0.038000000000000006,Baby Boomers,0.5,0.25,1.1224999999999998,1.2558,0.7865,1.06125,1.1,1.025,106.18849999999999,155.75059499999998,58.201,91.2675,114.09895824999997,0.6,0.31851851851851853,0.6764444444444444,0.031798761060097984
56,2008,1952,86,121,74,86,0.86,0.47,0.042,Baby Boomers,0.5,0.25,1.125,1.2622,0.7809999999999999,1.0625,1.1,1.025,106.42500000000001,156.544355,57.794,91.375,114.41462425,0.6,0.32037037037037036,0.6768888888888889,0.031763411594792304
56,2009,1953,86,121,74,86,0.8799999999999999,0.485,0.046,Baby Boomers,0.5,0.25,1.1275,1.2686,0.7755000000000001,1.06375,1.1,1.025,106.6615,157.338115,57.38700000000001,91.4825,114.73029025,0.6,0.32222222222222224,0.6773333333333332,0.03166292695088506
56,2010,1954,86,121,74,86,0.8999999999999999,0.5,0.05,Baby Boomers,0.5,0.25,1.13,1.275,0.77,1.0650000000000002,1.1,1.025,106.898,158.13187499999995,56.980000000000004,91.59000000000002,115.04595624999997,0.6,0.32407407407407407,0.6777777777777777,0.03162801308673853
56,2011,1955,86,121,74,86,0.908,0.52,0.065,Baby Boomers,0.5,0.25,1.1296,1.2789,0.7664,1.0648,1.1,1.025,106.86016000000001,158.61557249999996,56.7136,91.5728,115.159466375,0.6,0.32592592592592595,0.6782222222222223,0.03152859991115794
56,2012,1956,86,121,74,86,0.916,0.54,0.08,Baby Boomers,0.5,0.25,1.1292,1.2828,0.7627999999999999,1.0646000000000002,1.1,1.025,106.82232,159.09926999999996,56.447199999999995,91.55560000000001,115.27297649999998,0.6,0.3277777777777778,0.6786666666666666,0.03152337157632341
56,2013,1957,86,121,74,86,0.924,0.56,0.095,Baby Boomers,0.5,0.25,1.1288,1.2867000000000002,0.7591999999999999,1.0644,1.1,1.025,106.78448000000002,159.5829675,56.18079999999999,91.5384,115.386486625,0.6,0.3296296296296296,0.6791111111111111,0.03142481079302402
56,2014,1958,86,121,74,86,0.932,0.58,0.11,Baby Boomers,0.5,0.25,1.1283999999999998,1.2906,0.7556,1.0642,1.1,1.025,106.74664,160,55.9144,91.52120000000001,115.47666399999999,0.6,0.3314814814814815,0.6795555555555556,0.031419691248619354
56,2015,1959,86,121,74,86,0.9400000000000001,0.6,0.125,Baby Boomers,0.5,0.25,1.128,1.2945,0.752,1.064,1.1,1.025,106.70880000000001,160,55.648,91.504,115.42088000000001,0.6,0.3333333333333333,0.6799999999999999,0.03128738382258213
56,2016,1960,86,121,74,86,0.9480000000000001,0.62,0.14,Baby Boomers,0.5,0.25,1.1276,1.2984,0.7484,1.0638,1.1,1.025,106.67096,160,55.3816,91.4868,115.36509600000001,0.6,0.3351851851851852,0.6804444444444444,0.03128240492427145
56,2017,1961,86,121,74,86,0.9560000000000001,0.64,0.15500000000000003,Baby Boomers,0.5,0.25,1.1272,1.3023,0.7447999999999999,1.0636,1.1,1.025,106.63312,160,55.115199999999994,91.46960000000001,115.309312,0.6,0.337037037037037,0.6808888888888888,0.031151507757376115
56,2018,1962,86,121,74,86,0.964,0.66,0.16999999999999998,Baby Boomers,0.5,0.25,1.1268,1.3061999999999998,0.7412000000000001,1.0634000000000001,1.1,1.025,106.59528000000002,160,54.848800000000004,91.45240000000001,115.253528,0.6,0.3388888888888889,0.6813333333333333,0.03115236309877616
56,2019,1963,86,121,74,86,0.972,0.6799999999999999,0.185,Baby Boomers,0.5,0.25,1.1263999999999998,1.3100999999999998,0.7376,1.0632,1.1,1.025,106.55744,160,54.5824,91.4352,115.19774399999999,0.6,0.34074074074074073,0.6817777777777778,0.03212464529910055
56,2020,1964,86,121,74,86,0.98,0.7,0.2,Baby Boomers,0.5,0.25,1.126,1.314,0.7340000000000001,1.0630000000000002,1.1,1.025,106.5196,160,54.31600000000001,91.41800000000002,115.14196,0.6,0.34259259259259256,0.6822222222222222,0.03212557226945716
56,2021,1965,86,121,74,86,0.98,0.7374999999999999,0.30000000000000004,Generation X,0.8,0.35,1.12225,1.324,0.7302500000000001,1.061125,1.1600000000000001,1.035,111.95566000000001,160,54.038500000000006,91.25675000000001,116.9787685,0.6,0.4444444444444444,0.7066666666666667,0.034343107079215944
56,2022,1966,86,121,74,86,0.98,0.7749999999999999,0.4,Generation X,0.8,0.35,1.1185,1.334,0.7265,1.05925,1.1600000000000001,1.035,111.58156000000001,160,53.761,91.0955,116.78202100000001,0.6,0.4462962962962963,0.7071111111111111,0.03434337983324789
56,2023,1967,86,121,74,86,0.98,0.8125,0.6,Generation X,0.8,0.35,1.11475,1.354,0.72275,1.0573750000000002,1.1600000000000001,1.035,111.20746000000001,160,53.4835,90.93425000000002,116.58527350000001,0.6,0.44814814814814813,0.7075555555555555,0.03548660336141946
56,2024,1968,86,121,74,86,0.98,0.85,0.8,Generation X,0.8,0.35,1.111,1.374,0.7190000000000001,1.0555,1.1600000000000001,1.035,110.83336,160,53.206,90.77300000000001,116.388526,0.6,0.44999999999999996,0.708,0.03548694301037542
58,1978,1920,84,122,72,84,0.05,0.14,0.01,Silent Generation,0.3,0.15,0.996,1.0159999999999998,0.976,0.9979999999999999,1.06,1.015,88.68384,125.81127999999995,70.27199999999999,83.832,98.18889199999998,0.6,0.1648148148148148,0.6395555555555555,0.036215151724875584
58,1979,1921,84,122,72,84,0.05,0.14500000000000002,0.01,Silent Generation,0.3,0.15,0.9955,1.0159999999999998,0.9755,0.9977499999999999,1.06,1.015,88.63932,125.81127999999995,70.236,83.81099999999999,98.16475999999997,0.6,0.16666666666666666,0.64,0.0362154821186057
58,1980,1922,84,122,72,84,0.05,0.15000000000000002,0.01,Silent Generation,0.3,0.15,0.995,1.0159999999999998,0.975,0.9974999999999999,1.06,1.015,88.5948,125.81127999999995,70.2,83.78999999999999,98.14062799999998,0.6,0.1685185185185185,0.6404444444444444,0.034885339563146454
58,1981,1923,84,122,72,84,0.065,0.15500000000000003,0.01,Silent Generation,0.3,0.15,0.9974999999999999,1.0205,0.9715,0.9987499999999999,1.06,1.015,88.81739999999999,126.36851499999997,69.94800000000001,83.895,98.39152024999997,0.6,0.17037037037037037,0.6408888888888888,0.03488569009314141
58,1982,1924,84,122,72,84,0.08,0.16000000000000003,0.01,Silent Generation,0.3,0.15,1,1.025,0.968,1,1.06,1.015,89.04,126.92574999999997,69.696,84,98.64241249999998,0.6,0.17222222222222222,0.6413333333333334,0.03364989418822254
58,1983,1925,84,122,72,84,0.095,0.165,0.01,Silent Generation,0.3,0.15,1.0025,1.0294999999999999,0.9645,1.00125,1.06,1.015,89.26259999999999,127.48298499999997,69.444,84.105,98.89330474999998,0.6,0.17407407407407408,0.6417777777777778,0.03360796909184006
58,1984,1926,84,122,72,84,0.11,0.17,0.01,Silent Generation,0.3,0.15,1.0050000000000001,1.0339999999999998,0.961,1.0025,1.06,1.015,89.48520000000002,128.04021999999998,69.192,84.21,99.14419699999999,0.6,0.17592592592592593,0.6422222222222222,0.03245969213835242
58,1985,1927,84,122,72,84,0.125,0.175,0.01,Silent Generation,0.3,0.15,1.0074999999999998,1.0385,0.9575,1.00375,1.06,1.015,89.70779999999998,128.597455,68.94,84.315,99.39508924999998,0.6,0.17777777777777776,0.6426666666666666,0.03242079773996098
58,1986,1928,84,122,72,84,0.14,0.18,0.01,Silent Generation,0.3,0.15,1.01,1.043,0.954,1.0050000000000001,1.06,1.015,89.9304,129.15469,68.688,84.42000000000002,99.64598149999999,0.6,0.17962962962962964,0.6431111111111111,0.032192099550044775
58,1987,1929,84,122,72,84,0.15500000000000003,0.185,0.01,Silent Generation,0.3,0.15,1.0125,1.0474999999999999,0.9505,1.00625,1.06,1.015,90.153,129.71192499999998,68.436,84.525,99.89687375,0.6,0.18148148148148147,0.6435555555555555,0.032153960029607694
58,1988,1930,84,122,72,84,0.16999999999999998,0.19,0.01,Silent Generation,0.3,0.15,1.0150000000000001,1.0519999999999998,0.947,1.0074999999999998,1.06,1.015,90.3756,130.26915999999994,68.184,84.62999999999998,100.14776599999996,0.6,0.18333333333333332,0.6439999999999999,0.031929134508916025
58,1989,1931,84,122,72,84,0.185,0.195,0.01,Silent Generation,0.3,0.15,1.0174999999999998,1.0565,0.9435,1.00875,1.06,1.015,90.59819999999999,130.826395,67.932,84.735,100.39865825,0.6,0.18518518518518517,0.6444444444444444,0.03189172941150595
58,1990,1932,84,122,72,84,0.2,0.2,0.01,Silent Generation,0.3,0.15,1.02,1.061,0.94,1.01,1.06,1.015,90.8208,131.38362999999998,67.67999999999999,84.84,100.64955049999999,0.6,0.18703703703703703,0.644888888888889,0.031670677339968686
58,1991,1933,84,122,72,84,0.25,0.21500000000000002,0.01,Silent Generation,0.3,0.15,1.0285,1.0759999999999998,0.9285,1.0142499999999999,1.06,1.015,91.57764,133.24107999999998,66.852,85.19699999999999,101.49390199999999,0.6,0.18888888888888888,0.6453333333333333,0.031618487669443085
58,1992,1934,84,122,72,84,0.30000000000000004,0.23,0.01,Silent Generation,0.3,0.15,1.0370000000000001,1.091,0.9169999999999999,1.0185,1.06,1.015,92.33448000000003,135.09852999999998,66.024,85.554,102.3382535,0.6,0.19074074074074074,0.6457777777777778,0.03156654120432981
58,1993,1935,84,122,72,84,0.35,0.245,0.01,Silent Generation,0.3,0.15,1.0455,1.1059999999999999,0.9055000000000001,1.0227499999999998,1.06,1.015,93.09132000000001,136.95597999999998,65.19600000000001,85.91099999999999,103.182605,0.6,0.1925925925925926,0.6462222222222221,0.031514836248564056
58,1994,1936,84,122,72,84,0.4,0.26,0.01,Silent Generation,0.3,0.15,1.054,1.121,0.8939999999999999,1.0270000000000001,1.06,1.015,93.84816000000001,138.81342999999998,64.368,86.26800000000001,104.0269565,0.6,0.19444444444444445,0.6466666666666666,0.031463371121815145
58,1995,1937,84,122,72,84,0.45,0.275,0.01,Silent Generation,0.3,0.15,1.0625,1.136,0.8825000000000001,1.03125,1.06,1.015,94.605,140.67087999999998,63.540000000000006,86.625,104.871308,0.6,0.1962962962962963,0.6471111111111111,0.03141214415930445
58,1996,1938,84,122,72,84,0.5,0.29000000000000004,0.01,Silent Generation,0.3,0.15,1.0710000000000002,1.1509999999999998,0.871,1.0355,1.06,1.015,95.36184000000002,142.52832999999995,62.712,86.98200000000001,105.7156595,0.6,0.19814814814814813,0.6475555555555556,0.03136115371162591
58,1997,1939,84,122,72,84,0.55,0.30500000000000005,0.01,Silent Generation,0.3,0.15,1.0795000000000001,1.166,0.8595,1.03975,1.06,1.015,96.11868000000001,144.38577999999995,61.884,87.339,106.56001099999999,0.6,0.2,0.648,0.031310398144569
58,1998,1940,84,122,72,84,0.6000000000000001,0.32,0.01,Silent Generation,0.3,0.15,1.088,1.1809999999999998,0.848,1.044,1.06,1.015,96.87552000000001,146.24322999999995,61.056,87.696,107.40436249999998,0.6,0.20185185185185184,0.6484444444444445,0.03125987583894415
58,1999,1941,84,122,72,84,0.65,0.33499999999999996,0.01,Silent Generation,0.3,0.15,1.0964999999999998,1.196,0.8365,1.04825,1.06,1.015,97.63235999999998,148.10067999999998,60.228,88.053,108.24871399999996,0.6,0.20370370370370372,0.6488888888888888,0.031173600657634862
58,2000,1942,84,122,72,84,0.7,0.35,0.01,Silent Generation,0.3,0.15,1.105,1.2109999999999999,0.825,1.0525,1.06,1.015,98.3892,149.95812999999998,59.4,88.41,109.09306549999998,0.6,0.20555555555555555,0.6493333333333333,0.031123679879851093
58,2001,1943,84,122,72,84,0.72,0.365,0.014,Silent Generation,0.3,0.15,1.1075,1.2174,0.8195,1.05375,1.06,1.015,98.6118,150.750642,59.004,88.515,109.4047047,0.6,0.2074074074074074,0.6497777777777777,0.031038362736980657
58,2002,1944,84,122,72,84,0.74,0.38,0.018000000000000002,Silent Generation,0.3,0.15,1.1099999999999999,1.2238,0.814,1.0550000000000002,1.06,1.015,98.8344,151.543154,58.608,88.62000000000002,109.7163439,0.6,0.20925925925925926,0.6502222222222221,0.031003809251341715
58,2003,1945,84,122,72,84,0.76,0.39499999999999996,0.022,Silent Generation,0.3,0.15,1.1125,1.2302,0.8085,1.0562500000000001,1.06,1.015,99.057,152.33566599999997,58.212,88.72500000000001,110.0279831,0.6,0.2111111111111111,0.6506666666666667,0.03091934359754166
58,2004,1946,84,122,72,84,0.7799999999999999,0.41,0.026000000000000002,Baby Boomers,0.5,0.25,1.115,1.2366,0.8029999999999999,1.0575,1.1,1.025,103.02600000000001,154.63682999999997,57.815999999999995,88.83000000000001,112.17889049999998,0.6,0.312962962962963,0.6751111111111111,0.032023611879726986
58,2005,1947,84,122,72,84,0.7999999999999999,0.425,0.03,Baby Boomers,0.5,0.25,1.1175,1.2429999999999999,0.7975,1.05875,1.1,1.025,103.25699999999999,155.43714999999997,57.42,88.935,112.49620249999998,0.6,0.3148148148148148,0.6755555555555556,0.03193612774451098
58,2006,1948,84,122,72,84,0.82,0.43999999999999995,0.034,Baby Boomers,0.5,0.25,1.1199999999999999,1.2494,0.7919999999999999,1.06,1.1,1.025,103.48799999999999,156.23747,57.023999999999994,89.04,112.81351449999998,0.6,0.31666666666666665,0.676,0.03190033504789769
58,2007,1949,84,122,72,84,0.84,0.45499999999999996,0.038000000000000006,Baby Boomers,0.5,0.25,1.1224999999999998,1.2558,0.7865,1.06125,1.1,1.025,103.719,157.03779,56.628,89.145,113.13082649999998,0.6,0.31851851851851853,0.6764444444444444,0.031798761060097984
58,2008,1950,84,122,72,84,0.86,0.47,0.042,Baby Boomers,0.5,0.25,1.125,1.2622,0.7809999999999999,1.0625,1.1,1.025,103.95,157.83811,56.23199999999999,89.25,113.4481385,0.6,0.32037037037037036,0.6768888888888889,0.031763411594792304
58,2009,1951,84,122,72,84,0.8799999999999999,0.485,0.046,Baby Boomers,0.5,0.25,1.1275,1.2686,0.7755000000000001,1.06375,1.1,1.025,104.181,158.63842999999997,55.836000000000006,89.355,113.76545049999999,0.6,0.32222222222222224,0.6773333333333332,0.03166292695088506
58,2010,1952,84,122,72,84,0.8999999999999999,0.5,0.05,Baby Boomers,0.5,0.25,1.13,1.275,0.77,1.0650000000000002,1.1,1.025,104.41199999999999,159.43874999999997,55.44,89.46000000000001,114.08276249999999,0.6,0.32407407407407407,0.6777777777777777,0.03162801308673853
58,2011,1953,84,122,72,84,0.908,0.52,0.065,Baby Boomers,0.5,0.25,1.1296,1.2789,0.7664,1.0648,1.1,1.025,104.37504,159.926445,55.1808,89.44319999999999,114.19911974999998,0.6,0.32592592592592595,0.6782222222222223,0.03152859991115794
58,2012,1954,84,122,72,84,0.916,0.54,0.08,Baby Boomers,0.5,0.25,1.1292,1.2828,0.7627999999999999,1.0646000000000002,1.1,1.025,104.33808,160,54.9216,89.42640000000002,114.170528,0.6,0.3277777777777778,0.6786666666666666,0.03152337157632341
58,2013,1955,84,122,72,84,0.924,0.56,0.095,Baby Boomers,0.5,0.25,1.1288,1.2867000000000002,0.7591999999999999,1.0644,1.1,1.025,104.30112,160,54.66239999999999,89.4096,114.116192,0.6,0.3296296296296296,0.6791111111111111,0.03142481079302402
58,2014,1956,84,122,72,84,0.932,0.58,0.11,Baby Boomers,0.5,0.25,1.1283999999999998,1.2906,0.7556,1.0642,1.1,1.025,104.26415999999999,160,54.403200000000005,89.39280000000001,114.061856,0.6,0.3314814814814815,0.6795555555555556,0.031419691248619354
58,2015,1957,84,122,72,84,0.9400000000000001,0.6,0.125,Baby Boomers,0.5,0.25,1.128,1.2945,0.752,1.064,1.1,1.025,104.2272,160,54.144,89.376,114.00752,0.6,0.3333333333333333,0.6799999999999999,0.03128738382258213
58,2016,1958,84,122,72,84,0.9480000000000001,0.62,0.14,Baby Boomers,0.5,0.25,1.1276,1.2984,0.7484,1.0638,1.1,1.025,104.19023999999999,160,53.8848,89.3592,113.95318399999998,0.6,0.3351851851851852,0.6804444444444444,0.03128240492427145
58,2017,1959,84,122,72,84,0.9560000000000001,0.64,0.15500000000000003,Baby Boomers,0.5,0.25,1.1272,1.3023,0.7447999999999999,1.0636,1.1,1.025,104.15328000000001,160,53.62559999999999,89.34240000000001,113.898848,0.6,0.337037037037037,0.6808888888888888,0.031151507757376115
58,2018,1960,84,122,72,84,0.964,0.66,0.16999999999999998,Baby Boomers,0.5,0.25,1.1268,1.3061999999999998,0.7412000000000001,1.0634000000000001,1.1,1.025,104.11632000000002,160,53.366400000000006,89.32560000000001,113.84451200000001,0.6,0.3388888888888889,0.6813333333333333,0.03115236309877616
58,2019,1961,84,122,72,84,0.972,0.6799999999999999,0.185,Baby Boomers,0.5,0.25,1.1263999999999998,1.3100999999999998,0.7376,1.0632,1.1,1.025,104.07936,160,53.107200000000006,89.30879999999999,113.790176,0.6,0.34074074074074073,0.6817777777777778,0.03212464529910055
58,2020,1962,84,122,72,84,0.98,0.7,0.2,Baby Boomers,0.5,0.25,1.126,1.314,0.7340000000000001,1.0630000000000002,1.1,1.025,104.0424,160,52.848000000000006,89.29200000000002,113.73584,0.6,0.34259259259259256,0.6822222222222222,0.03212557226945716
58,2021,1963,84,122,72,84,0.98,0.7374999999999999,0.30000000000000004,Baby Boomers,0.5,0.25,1.12225,1.324,0.7302500000000001,1.061125,1.1,1.025,103.6959,160,52.578,89.1345,113.55044000000001,0.6,0.34444444444444444,0.6826666666666666,0.033176737404827475
58,2022,1964,84,122,72,84,0.98,0.7749999999999999,0.4,Baby Boomers,0.5,0.25,1.1185,1.334,0.7265,1.05925,1.1,1.025,103.34940000000002,160,52.308,88.977,113.36504,0.6,0.3462962962962963,0.6831111111111111,0.03317773400609805
58,2023,1965,84,122,72,84,0.98,0.8125,0.6,Generation X,0.8,0.35,1.11475,1.354,0.72275,1.0573750000000002,1.1600000000000001,1.035,108.62124000000001,160,52.038,88.81950000000002,115.14605900000001,0.6,0.44814814814814813,0.7075555555555555,0.03548660336141946
58,2024,1966,84,122,72,84,0.98,0.85,0.8,Generation X,0.8,0.35,1.111,1.374,0.7190000000000001,1.0555,1.1600000000000001,1.035,108.25584,160,51.76800000000001,88.662,114.95404400000001,0.6,0.44999999999999996,0.708,0.03548694301037542
60,1980,1920,82,123,70,82,0.05,0.15000000000000002,0.01,Silent Generation,0.3,0.15,0.995,1.0159999999999998,0.975,0.9974999999999999,1.06,1.015,86.48540000000001,126.84251999999996,68.25,81.795,97.171522,0.6,0.1685185185185185,0.6404444444444444,0.034885339563146454
60,1981,1921,82,123,70,82,0.065,0.15500000000000003,0.01,Silent Generation,0.3,0.15,0.9974999999999999,1.0205,0.9715,0.9987499999999999,1.06,1.015,86.70270000000001,127.40432249999998,68.005,81.8975,97.42283287499998,0.6,0.17037037037037037,0.6408888888888888,0.03488569009314141
60,1982,1922,82,123,70,82,0.08,0.16000000000000003,0.01,Silent Generation,0.3,0.15,1,1.025,0.968,1,1.06,1.015,86.92,127.96612499999998,67.75999999999999,82,97.67414374999998,0.6,0.17222222222222222,0.6413333333333334,0.03364989418822254
60,1983,1923,82,123,70,82,0.095,0.165,0.01,Silent Generation,0.3,0.15,1.0025,1.0294999999999999,0.9645,1.00125,1.06,1.015,87.1373,128.52792749999998,67.515,82.10249999999999,97.92545462499999,0.6,0.17407407407407408,0.6417777777777778,0.03360796909184006
60,1984,1924,82,123,70,82,0.11,0.17,0.01,Silent Generation,0.3,0.15,1.0050000000000001,1.0339999999999998,0.961,1.0025,1.06,1.015,87.35460000000002,129.08972999999997,67.27,82.205,98.17676549999999,0.6,0.17592592592592593,0.6422222222222222,0.03245969213835242
60,1985,1925,82,123,70,82,0.125,0.175,0.01,Silent Generation,0.3,0.15,1.0074999999999998,1.0385,0.9575,1.00375,1.06,1.015,87.57189999999999,129.6515325,67.025,82.30749999999999,98.42807637499999,0.6,0.17777777777777776,0.6426666666666666,0.03242079773996098
60,1986,1926,82,123,70,82,0.14,0.18,0.01,Silent Generation,0.3,0.15,1.01,1.043,0.954,1.0050000000000001,1.06,1.015,87.78920000000001,130.21333499999997,66.78,82.41000000000001,98.67938724999999,0.6,0.17962962962962964,0.6431111111111111,0.032192099550044775
60,1987,1927,82,123,70,82,0.15500000000000003,0.185,0.01,Silent Generation,0.3,0.15,1.0125,1.0474999999999999,0.9505,1.00625,1.06,1.015,88.00649999999999,130.77513749999997,66.535,82.5125,98.93069812499998,0.6,0.18148148148148147,0.6435555555555555,0.032153960029607694
60,1988,1928,82,123,70,82,0.16999999999999998,0.19,0.01,Silent Generation,0.3,0.15,1.0150000000000001,1.0519999999999998,0.947,1.0074999999999998,1.06,1.015,88.22380000000001,131.33693999999997,66.28999999999999,82.61499999999998,99.182009,0.6,0.18333333333333332,0.6439999999999999,0.031929134508916025
60,1989,1929,82,123,70,82,0.185,0.195,0.01,Silent Generation,0.3,0.15,1.0174999999999998,1.0565,0.9435,1.00875,1.06,1.015,88.44109999999999,131.8987425,66.045,82.7175,99.43331987499998,0.6,0.18518518518518517,0.6444444444444444,0.03189172941150595
60,1990,1930,82,123,70,82,0.2,0.2,0.01,Silent Generation,0.3,0.15,1.02,1.061,0.94,1.01,1.06,1.015,88.6584,132.46054499999997,65.8,82.82000000000001,99.68463075,0.6,0.18703703703703703,0.644888888888889,0.031670677339968686
60,1991,1931,82,123,70,82,0.25,0.21500000000000002,0.01,Silent Generation,0.3,0.15,1.0285,1.0759999999999998,0.9285,1.0142499999999999,1.06,1.015,89.39722,134.33321999999998,64.995,83.1685,100.53017899999999,0.6,0.18888888888888888,0.6453333333333333,0.031618487669443085
60,1992,1932,82,123,70,82,0.30000000000000004,0.23,0.01,Silent Generation,0.3,0.15,1.0370000000000001,1.091,0.9169999999999999,1.0185,1.06,1.015,90.13604000000001,136.20589499999997,64.19,83.517,101.37572725,0.6,0.19074074074074074,0.6457777777777778,0.03156654120432981
60,1993,1933,82,123,70,82,0.35,0.245,0.01,Silent Generation,0.3,0.15,1.0455,1.1059999999999999,0.9055000000000001,1.0227499999999998,1.06,1.015,90.87486000000001,138.07856999999996,63.385000000000005,83.86549999999998,102.22127549999998,0.6,0.1925925925925926,0.6462222222222221,0.031514836248564056
60,1994,1934,82,123,70,82,0.4,0.26,0.01,Silent Generation,0.3,0.15,1.054,1.121,0.8939999999999999,1.0270000000000001,1.06,1.015,91.61368,139.951245,62.57999999999999,84.21400000000001,103.06682375,0.6,0.19444444444444445,0.6466666666666666,0.031463371121815145
60,1995,1935,82,123,70,82,0.45,0.275,0.01,Silent Generation,0.3,0.15,1.0625,1.136,0.8825000000000001,1.03125,1.06,1.015,92.3525,141.82391999999996,61.775000000000006,84.5625,103.91237199999998,0.6,0.1962962962962963,0.6471111111111111,0.03141214415930445
60,1996,1936,82,123,70,82,0.5,0.29000000000000004,0.01,Silent Generation,0.3,0.15,1.0710000000000002,1.1509999999999998,0.871,1.0355,1.06,1.015,93.09132000000002,143.69659499999997,60.97,84.911,104.75792024999998,0.6,0.19814814814814813,0.6475555555555556,0.03136115371162591
60,1997,1937,82,123,70,82,0.55,0.30500000000000005,0.01,Silent Generation,0.3,0.15,1.0795000000000001,1.166,0.8595,1.03975,1.06,1.015,93.83014000000001,145.56926999999996,60.165000000000006,85.2595,105.60346849999999,0.6,0.2,0.648,0.031310398144569
60,1998,1938,82,123,70,82,0.6000000000000001,0.32,0.01,Silent Generation,0.3,0.15,1.088,1.1809999999999998,0.848,1.044,1.06,1.015,94.56896000000002,147.44194499999998,59.36,85.608,106.44901674999998,0.6,0.20185185185185184,0.6484444444444445,0.03125987583894415
60,1999,1939,82,123,70,82,0.65,0.33499999999999996,0.01,Silent Generation,0.3,0.15,1.0964999999999998,1.196,0.8365,1.04825,1.06,1.015,95.30777999999998,149.31462,58.555,85.95649999999999,107.29456499999998,0.6,0.20370370370370372,0.6488888888888888,0.031173600657634862
60,2000,1940,82,123,70,82,0.7,0.35,0.01,Silent Generation,0.3,0.15,1.105,1.2109999999999999,0.825,1.0525,1.06,1.015,96.0466,151.18729499999995,57.75,86.30499999999999,108.14011324999998,0.6,0.20555555555555555,0.6493333333333333,0.031123679879851093
60,2001,1941,82,123,70,82,0.72,0.365,0.014,Silent Generation,0.3,0.15,1.1075,1.2174,0.8195,1.05375,1.06,1.015,96.2639,151.986303,57.365,86.4075,108.45344604999998,0.6,0.2074074074074074,0.6497777777777777,0.031038362736980657
60,2002,1942,82,123,70,82,0.74,0.38,0.018000000000000002,Silent Generation,0.3,0.15,1.1099999999999999,1.2238,0.814,1.0550000000000002,1.06,1.015,96.4812,152.78531099999998,56.98,86.51000000000002,108.76677885,0.6,0.20925925925925926,0.6502222222222221,0.031003809251341715
60,2003,1943,82,123,70,82,0.76,0.39499999999999996,0.022,Silent Generation,0.3,0.15,1.1125,1.2302,0.8085,1.0562500000000001,1.06,1.015,96.69850000000001,153.58431899999997,56.595,86.61250000000001,109.08011164999999,0.6,0.2111111111111111,0.6506666666666667,0.03091934359754166
60,2004,1944,82,123,70,82,0.7799999999999999,0.41,0.026000000000000002,Silent Generation,0.3,0.15,1.115,1.2366,0.8029999999999999,1.0575,1.06,1.015,96.91579999999999,154.38332699999998,56.209999999999994,86.715,109.39344444999998,0.6,0.21296296296296297,0.6511111111111111,0.030885181964318654
60,2005,1945,82,123,70,82,0.7999999999999999,0.425,0.03,Silent Generation,0.3,0.15,1.1175,1.2429999999999999,0.7975,1.05875,1.06,1.015,97.1331,155.18233499999997,55.824999999999996,86.81750000000001,109.70677724999999,0.6,0.2148148148148148,0.6515555555555556,0.03080155478516651
60,2006,1946,82,123,70,82,0.82,0.43999999999999995,0.034,Baby Boomers,0.5,0.25,1.1199999999999999,1.2494,0.7919999999999999,1.06,1.1,1.025,101.024,157.518105,55.44,86.92,111.84373674999999,0.6,0.31666666666666665,0.676,0.03190033504789769
60,2007,1947,82,123,70,82,0.84,0.45499999999999996,0.038000000000000006,Baby Boomers,0.5,0.25,1.1224999999999998,1.2558,0.7865,1.06125,1.1,1.025,101.2495,158.324985,55.055,87.02250000000001,112.16269475,0.6,0.31851851851851853,0.6764444444444444,0.031798761060097984
60,2008,1948,82,123,70,82,0.86,0.47,0.042,Baby Boomers,0.5,0.25,1.125,1.2622,0.7809999999999999,1.0625,1.1,1.025,101.47500000000001,159.13186499999998,54.669999999999995,87.125,112.48165275,0.6,0.32037037037037036,0.6768888888888889,0.031763411594792304
60,2009,1949,82,123,70,82,0.8799999999999999,0.485,0.046,Baby Boomers,0.5,0.25,1.1275,1.2686,0.7755000000000001,1.06375,1.1,1.025,101.7005,159.93874499999998,54.285000000000004,87.22749999999999,112.80061075,0.6,0.32222222222222224,0.6773333333333332,0.03166292695088506
60,2010,1950,82,123,70,82,0.8999999999999999,0.5,0.05,Baby Boomers,0.5,0.25,1.13,1.275,0.77,1.0650000000000002,1.1,1.025,101.926,160,53.9,87.33000000000001,112.8586,0.6,0.32407407407407407,0.6777777777777777,0.03162801308673853
60,2011,1951,82,123,70,82,0.908,0.52,0.065,Baby Boomers,0.5,0.25,1.1296,1.2789,0.7664,1.0648,1.1,1.025,101.88991999999999,160,53.647999999999996,87.3136,112.805712,0.6,0.32592592592592595,0.6782222222222223,0.03152859991115794
60,2012,1952,82,123,70,82,0.916,0.54,0.08,Baby Boomers,0.5,0.25,1.1292,1.2828,0.7627999999999999,1.0646000000000002,1.1,1.025,101.85384,160,53.395999999999994,87.29720000000002,112.752824,0.6,0.3277777777777778,0.6786666666666666,0.03152337157632341
60,2013,1953,82,123,70,82,0.924,0.56,0.095,Baby Boomers,0.5,0.25,1.1288,1.2867000000000002,0.7591999999999999,1.0644,1.1,1.025,101.81776,160,53.14399999999999,87.2808,112.69993599999998,0.6,0.3296296296296296,0.6791111111111111,0.03142481079302402
60,2014,1954,82,123,70,82,0.932,0.58,0.11,Baby Boomers,0.5,0.25,1.1283999999999998,1.2906,0.7556,1.0642,1.1,1.025,101.78168,160,52.892,87.26440000000001,112.647048,0.6,0.3314814814814815,0.6795555555555556,0.031419691248619354
60,2015,1955,82,123,70,82,0.9400000000000001,0.6,0.125,Baby Boomers,0.5,0.25,1.128,1.2945,0.752,1.064,1.1,1.025,101.7456,160,52.64,87.248,112.59416,0.6,0.3333333333333333,0.6799999999999999,0.03128738382258213
60,2016,1956,82,123,70,82,0.9480000000000001,0.62,0.14,Baby Boomers,0.5,0.25,1.1276,1.2984,0.7484,1.0638,1.1,1.025,101.70952000000001,160,52.388,87.2316,112.54127199999999,0.6,0.3351851851851852,0.6804444444444444,0.03128240492427145
60,2017,1957,82,123,70,82,0.9560000000000001,0.64,0.15500000000000003,Baby Boomers,0.5,0.25,1.1272,1.3023,0.7447999999999999,1.0636,1.1,1.025,101.67344,160,52.135999999999996,87.21520000000001,112.488384,0.6,0.337037037037037,0.6808888888888888,0.031151507757376115
60,2018,1958,82,123,70,82,0.964,0.66,0.16999999999999998,Baby Boomers,0.5,0.25,1.1268,1.3061999999999998,0.7412000000000001,1.0634000000000001,1.1,1.025,101.63736,160,51.88400000000001,87.1988,112.435496,0.6,0.3388888888888889,0.6813333333333333,0.03115236309877616
60,2019,1959,82,123,70,82,0.972,0.6799999999999999,0.185,Baby Boomers,0.5,0.25,1.1263999999999998,1.3100999999999998,0.7376,1.0632,1.1,1.025,101.60127999999999,160,51.632000000000005,87.18239999999999,112.38260799999999,0.6,0.34074074074074073,0.6817777777777778,0.03212464529910055
60,2020,1960,82,123,70,82,0.98,0.7,0.2,Baby Boomers,0.5,0.25,1.126,1.314,0.7340000000000001,1.0630000000000002,1.1,1.025,101.5652,160,51.38000000000001,87.16600000000001,112.32972,0.6,0.34259259259259256,0.6822222222222222,0.03212557226945716
60,2021,1961,82,123,70,82,0.98,0.7374999999999999,0.30000000000000004,Baby Boomers,0.5,0.25,1.12225,1.324,0.7302500000000001,1.061125,1.1,1.025,101.22695000000002,160,51.11750000000001,87.01225000000001,112.14889500000001,0.6,0.34444444444444444,0.6826666666666666,0.033176737404827475
60,2022,1962,82,123,70,82,0.98,0.7749999999999999,0.4,Baby Boomers,0.5,0.25,1.1185,1.334,0.7265,1.05925,1.1,1.025,100.8887,160,50.855000000000004,86.8585,111.96807,0.6,0.3462962962962963,0.6831111111111111,0.03317773400609805
60,2023,1963,82,123,70,82,0.98,0.8125,0.6,Baby Boomers,0.5,0.25,1.11475,1.354,0.72275,1.0573750000000002,1.1,1.025,100.55045,160,50.5925,86.70475000000002,111.787245,0.6,0.34814814814814815,0.6835555555555555,0.034282912041371315
60,2024,1964,82,123,70,82,0.98,0.85,0.8,Baby Boomers,0.5,0.25,1.111,1.374,0.7190000000000001,1.0555,1.1,1.025,100.21220000000001,160,50.330000000000005,86.551,111.60641999999999,0.6,0.35,0.6839999999999999,0.03428399578968473
62,1982,1920,80,124,68,80,0.08,0.16000000000000003,0.01,Silent Generation,0.3,0.15,1,1.025,0.968,1,1.06,1.015,84.80000000000001,129.0065,65.824,80,96.70587499999999,0.6,0.17222222222222222,0.6413333333333334,0.03364989418822254
62,1983,1921,80,124,68,80,0.095,0.165,0.01,Silent Generation,0.3,0.15,1.0025,1.0294999999999999,0.9645,1.00125,1.06,1.015,85.01199999999999,129.57286999999997,65.586,80.1,96.95760449999999,0.6,0.17407407407407408,0.6417777777777778,0.03360796909184006
62,1984,1922,80,124,68,80,0.11,0.17,0.01,Silent Generation,0.3,0.15,1.0050000000000001,1.0339999999999998,0.961,1.0025,1.06,1.015,85.224,130.13923999999997,65.348,80.19999999999999,97.20933399999998,0.6,0.17592592592592593,0.6422222222222222,0.03245969213835242
62,1985,1923,80,124,68,80,0.125,0.175,0.01,Silent Generation,0.3,0.15,1.0074999999999998,1.0385,0.9575,1.00375,1.06,1.015,85.43599999999999,130.70560999999998,65.11,80.3,97.46106349999998,0.6,0.17777777777777776,0.6426666666666666,0.03242079773996098
62,1986,1924,80,124,68,80,0.14,0.18,0.01,Silent Generation,0.3,0.15,1.01,1.043,0.954,1.0050000000000001,1.06,1.015,85.648,131.27197999999999,64.872,80.4,97.71279299999999,0.6,0.17962962962962964,0.6431111111111111,0.032192099550044775
62,1987,1925,80,124,68,80,0.15500000000000003,0.185,0.01,Silent Generation,0.3,0.15,1.0125,1.0474999999999999,0.9505,1.00625,1.06,1.015,85.86,131.83834999999996,64.634,80.5,97.96452249999999,0.6,0.18148148148148147,0.6435555555555555,0.032153960029607694
62,1988,1926,80,124,68,80,0.16999999999999998,0.19,0.01,Silent Generation,0.3,0.15,1.0150000000000001,1.0519999999999998,0.947,1.0074999999999998,1.06,1.015,86.07200000000002,132.40471999999997,64.396,80.6,98.216252,0.6,0.18333333333333332,0.6439999999999999,0.031929134508916025
62,1989,1927,80,124,68,80,0.185,0.195,0.01,Silent Generation,0.3,0.15,1.0174999999999998,1.0565,0.9435,1.00875,1.06,1.015,86.28399999999999,132.97108999999998,64.158,80.7,98.46798149999998,0.6,0.18518518518518517,0.6444444444444444,0.03189172941150595
62,1990,1928,80,124,68,80,0.2,0.2,0.01,Silent Generation,0.3,0.15,1.02,1.061,0.94,1.01,1.06,1.015,86.496,133.53745999999998,63.919999999999995,80.8,98.71971099999999,0.6,0.18703703703703703,0.644888888888889,0.031670677339968686
62,1991,1929,80,124,68,80,0.25,0.21500000000000002,0.01,Silent Generation,0.3,0.15,1.0285,1.0759999999999998,0.9285,1.0142499999999999,1.06,1.015,87.2168,135.42535999999996,63.138,81.13999999999999,99.56645599999996,0.6,0.18888888888888888,0.6453333333333333,0.031618487669443085
62,1992,1930,80,124,68,80,0.30000000000000004,0.23,0.01,Silent Generation,0.3,0.15,1.0370000000000001,1.091,0.9169999999999999,1.0185,1.06,1.015,87.93760000000002,137.31325999999999,62.355999999999995,81.47999999999999,100.41320099999999,0.6,0.19074074074074074,0.6457777777777778,0.03156654120432981
62,1993,1931,80,124,68,80,0.35,0.245,0.01,Silent Generation,0.3,0.15,1.0455,1.1059999999999999,0.9055000000000001,1.0227499999999998,1.06,1.015,88.65840000000001,139.20115999999996,61.574000000000005,81.82,101.25994599999999,0.6,0.1925925925925926,0.6462222222222221,0.031514836248564056
62,1994,1932,80,124,68,80,0.4,0.26,0.01,Silent Generation,0.3,0.15,1.054,1.121,0.8939999999999999,1.0270000000000001,1.06,1.015,89.37920000000001,141.08906,60.791999999999994,82.16000000000001,102.10669099999998,0.6,0.19444444444444445,0.6466666666666666,0.031463371121815145
62,1995,1933,80,124,68,80,0.45,0.275,0.01,Silent Generation,0.3,0.15,1.0625,1.136,0.8825000000000001,1.03125,1.06,1.015,90.10000000000001,142.97695999999996,60.010000000000005,82.5,102.95343599999998,0.6,0.1962962962962963,0.6471111111111111,0.03141214415930445
62,1996,1934,80,124,68,80,0.5,0.29000000000000004,0.01,Silent Generation,0.3,0.15,1.0710000000000002,1.1509999999999998,0.871,1.0355,1.06,1.015,90.8208,144.86485999999996,59.228,82.84,103.800181,0.6,0.19814814814814813,0.6475555555555556,0.03136115371162591
62,1997,1935,80,124,68,80,0.55,0.30500000000000005,0.01,Silent Generation,0.3,0.15,1.0795000000000001,1.166,0.8595,1.03975,1.06,1.015,91.54160000000002,146.75276,58.446000000000005,83.17999999999999,104.64692600000001,0.6,0.2,0.648,0.031310398144569
62,1998,1936,80,124,68,80,0.6000000000000001,0.32,0.01,Silent Generation,0.3,0.15,1.088,1.1809999999999998,0.848,1.044,1.06,1.015,92.26240000000001,148.64065999999997,57.664,83.52000000000001,105.49367099999999,0.6,0.20185185185185184,0.6484444444444445,0.03125987583894415
62,1999,1937,80,124,68,80,0.65,0.33499999999999996,0.01,Silent Generation,0.3,0.15,1.0964999999999998,1.196,0.8365,1.04825,1.06,1.015,92.98319999999998,150.52856,56.882000000000005,83.85999999999999,106.34041599999999,0.6,0.20370370370370372,0.6488888888888888,0.031173600657634862
62,2000,1938,80,124,68,80,0.7,0.35,0.01,Silent Generation,0.3,0.15,1.105,1.2109999999999999,0.825,1.0525,1.06,1.015,93.70400000000001,152.41645999999997,56.099999999999994,84.2,107.18716099999997,0.6,0.20555555555555555,0.6493333333333333,0.031123679879851093
62,2001,1939,80,124,68,80,0.72,0.365,0.014,Silent Generation,0.3,0.15,1.1075,1.2174,0.8195,1.05375,1.06,1.015,93.916,153.22196399999999,55.726,84.3,107.50218739999998,0.6,0.2074074074074074,0.6497777777777777,0.031038362736980657
62,2002,1940,80,124,68,80,0.74,0.38,0.018000000000000002,Silent Generation,0.3,0.15,1.1099999999999999,1.2238,0.814,1.0550000000000002,1.06,1.015,94.12799999999999,154.027468,55.352,84.4,107.81721379999999,0.6,0.20925925925925926,0.6502222222222221,0.031003809251341715
62,2003,1941,80,124,68,80,0.76,0.39499999999999996,0.022,Silent Generation,0.3,0.15,1.1125,1.2302,0.8085,1.0562500000000001,1.06,1.015,94.34,154.83297199999998,54.978,84.50000000000001,108.1322402,0.6,0.2111111111111111,0.6506666666666667,0.03091934359754166
62,2004,1942,80,124,68,80,0.7799999999999999,0.41,0.026000000000000002,Silent Generation,0.3,0.15,1.115,1.2366,0.8029999999999999,1.0575,1.06,1.015,94.552,155.63847599999997,54.604,84.60000000000001,108.44726659999999,0.6,0.21296296296296297,0.6511111111111111,0.030885181964318654
62,2005,1943,80,124,68,80,0.7999999999999999,0.425,0.03,Silent Generation,0.3,0.15,1.1175,1.2429999999999999,0.7975,1.05875,1.06,1.015,94.764,156.44397999999995,54.23,84.7,108.76229299999999,0.6,0.2148148148148148,0.6515555555555556,0.03080155478516651
62,2006,1944,80,124,68,80,0.82,0.43999999999999995,0.034,Silent Generation,0.3,0.15,1.1199999999999999,1.2494,0.7919999999999999,1.06,1.06,1.015,94.976,157.249484,53.855999999999995,84.80000000000001,109.0773194,0.6,0.21666666666666667,0.652,0.030767778774007833
62,2007,1945,80,124,68,80,0.84,0.45499999999999996,0.038000000000000006,Silent Generation,0.3,0.15,1.1224999999999998,1.2558,0.7865,1.06125,1.06,1.015,95.18799999999999,158.05498799999998,53.482,84.9,109.39234579999999,0.6,0.2185185185185185,0.6524444444444444,0.030670552717624075
62,2008,1946,80,124,68,80,0.86,0.47,0.042,Baby Boomers,0.5,0.25,1.125,1.2622,0.7809999999999999,1.0625,1.1,1.025,99.00000000000001,160,53.108,85,111.3662,0.6,0.32037037037037036,0.6768888888888889,0.031763411594792304
62,2009,1947,80,124,68,80,0.8799999999999999,0.485,0.046,Baby Boomers,0.5,0.25,1.1275,1.2686,0.7755000000000001,1.06375,1.1,1.025,99.22,160,52.73400000000001,85.1,111.4021,0.6,0.32222222222222224,0.6773333333333332,0.03166292695088506
62,2010,1948,80,124,68,80,0.8999999999999999,0.5,0.05,Baby Boomers,0.5,0.25,1.13,1.275,0.77,1.0650000000000002,1.1,1.025,99.44,160,52.36,85.20000000000002,111.438,0.6,0.32407407407407407,0.6777777777777777,0.03162801308673853
62,2011,1949,80,124,68,80,0.908,0.52,0.065,Baby Boomers,0.5,0.25,1.1296,1.2789,0.7664,1.0648,1.1,1.025,99.40480000000001,160,52.1152,85.184,111.38656,0.6,0.32592592592592595,0.6782222222222223,0.03152859991115794
62,2012,1950,80,124,68,80,0.916,0.54,0.08,Baby Boomers,0.5,0.25,1.1292,1.2828,0.7627999999999999,1.0646000000000002,1.1,1.025,99.3696,160,51.8704,85.16800000000002,111.33511999999999,0.6,0.3277777777777778,0.6786666666666666,0.03152337157632341
62,2013,1951,80,124,68,80,0.924,0.56,0.095,Baby Boomers,0.5,0.25,1.1288,1.2867000000000002,0.7591999999999999,1.0644,1.1,1.025,99.33440000000002,160,51.62559999999999,85.152,111.28368000000002,0.6,0.3296296296296296,0.6791111111111111,0.03142481079302402
62,2014,1952,80,124,68,80,0.932,0.58,0.11,Baby Boomers,0.5,0.25,1.1283999999999998,1.2906,0.7556,1.0642,1.1,1.025,99.2992,160,51.3808,85.136,111.23223999999999,0.6,0.3314814814814815,0.6795555555555556,0.031419691248619354
62,2015,1953,80,124,68,80,0.9400000000000001,0.6,0.125,Baby Boomers,0.5,0.25,1.128,1.2945,0.752,1.064,1.1,1.025,99.264,160,51.136,85.12,111.1808,0.6,0.3333333333333333,0.6799999999999999,0.03128738382258213
62,2016,1954,80,124,68,80,0.9480000000000001,0.62,0.14,Baby Boomers,0.5,0.25,1.1276,1.2984,0.7484,1.0638,1.1,1.025,99.2288,160,50.8912,85.10400000000001,111.12936,0.6,0.3351851851851852,0.6804444444444444,0.03128240492427145
62,2017,1955,80,124,68,80,0.9560000000000001,0.64,0.15500000000000003,Baby Boomers,0.5,0.25,1.1272,1.3023,0.7447999999999999,1.0636,1.1,1.025,99.1936,160,50.64639999999999,85.08800000000001,111.07791999999999,0.6,0.337037037037037,0.6808888888888888,0.031151507757376115
62,2018,1956,80,124,68,80,0.964,0.66,0.16999999999999998,Baby Boomers,0.5,0.25,1.1268,1.3061999999999998,0.7412000000000001,1.0634000000000001,1.1,1.025,99.15840000000001,160,50.4016,85.072,111.02648,0.6,0.3388888888888889,0.6813333333333333,0.03115236309877616
62,2019,1957,80,124,68,80,0.972,0.6799999999999999,0.185,Baby Boomers,0.5,0.25,1.1263999999999998,1.3100999999999998,0.7376,1.0632,1.1,1.025,99.1232,160,50.156800000000004,85.056,110.97503999999999,0.6,0.34074074074074073,0.6817777777777778,0.03212464529910055
62,2020,1958,80,124,68,80,0.98,0.7,0.2,Baby Boomers,0.5,0.25,1.126,1.314,0.7340000000000001,1.0630000000000002,1.1,1.025,99.088,160,49.912000000000006,85.04000000000002,110.92360000000001,0.6,0.34259259259259256,0.6822222222222222,0.03212557226945716
62,2021,1959,80,124,68,80,0.98,0.7374999999999999,0.30000000000000004,Baby Boomers,0.5,0.25,1.12225,1.324,0.7302500000000001,1.061125,1.1,1.025,98.75800000000001,160,49.657000000000004,84.89000000000001,110.74735000000001,0.6,0.34444444444444444,0.6826666666666666,0.033176737404827475
62,2022,1960,80,124,68,80,0.98,0.7749999999999999,0.4,Baby Boomers,0.5,0.25,1.1185,1.334,0.7265,1.05925,1.1,1.025,98.42800000000001,160,49.402,84.74000000000001,110.57110000000002,0.6,0.3462962962962963,0.6831111111111111,0.03317773400609805
62,2023,1961,80,124,68,80,0.98,0.8125,0.6,Baby Boomers,0.5,0.25,1.11475,1.354,0.72275,1.0573750000000002,1.1,1.025,98.098,160,49.147,84.59000000000002,110.39485,0.6,0.34814814814814815,0.6835555555555555,0.034282912041371315
62,2024,1962,80,124,68,80,0.98,0.85,0.8,Baby Boomers,0.5,0.25,1.111,1.374,0.7190000000000001,1.0555,1.1,1.025,97.768,160,48.892,84.44000000000001,110.21859999999998,0.6,0.35,0.6839999999999999,0.03428399578968473
64,1984,1920,78,124,66,78,0.11,0.17,0.01,Silent Generation,0.3,0.15,1.0050000000000001,1.0339999999999998,0.961,1.0025,1.06,1.015,83.09340000000002,130.13923999999997,63.425999999999995,78.195,95.87457399999998,0.6,0.17592592592592593,0.6422222222222222,0.03245969213835242
64,1985,1921,78,124,66,78,0.125,0.175,0.01,Silent Generation,0.3,0.15,1.0074999999999998,1.0385,0.9575,1.00375,1.06,1.015,83.3001,130.70560999999998,63.195,78.29249999999999,96.1251235,0.6,0.17777777777777776,0.6426666666666666,0.03242079773996098
64,1986,1922,78,124,66,78,0.14,0.18,0.01,Silent Generation,0.3,0.15,1.01,1.043,0.954,1.0050000000000001,1.06,1.015,83.5068,131.27197999999999,62.964,78.39000000000001,96.37567299999998,0.6,0.17962962962962964,0.6431111111111111,0.032192099550044775
64,1987,1923,78,124,66,78,0.15500000000000003,0.185,0.01,Silent Generation,0.3,0.15,1.0125,1.0474999999999999,0.9505,1.00625,1.06,1.015,83.7135,131.83834999999996,62.733000000000004,78.48750000000001,96.62622249999998,0.6,0.18148148148148147,0.6435555555555555,0.032153960029607694
64,1988,1924,78,124,66,78,0.16999999999999998,0.19,0.01,Silent Generation,0.3,0.15,1.0150000000000001,1.0519999999999998,0.947,1.0074999999999998,1.06,1.015,83.92020000000002,132.40471999999997,62.501999999999995,78.585,96.87677199999999,0.6,0.18333333333333332,0.6439999999999999,0.031929134508916025
64,1989,1925,78,124,66,78,0.185,0.195,0.01,Silent Generation,0.3,0.15,1.0174999999999998,1.0565,0.9435,1.00875,1.06,1.015,84.12689999999999,132.97108999999998,62.271,78.6825,97.12732149999998,0.6,0.18518518518518517,0.6444444444444444,0.03189172941150595
64,1990,1926,78,124,66,78,0.2,0.2,0.01,Silent Generation,0.3,0.15,1.02,1.061,0.94,1.01,1.06,1.015,84.3336,133.53745999999998,62.04,78.78,97.37787099999997,0.6,0.18703703703703703,0.644888888888889,0.031670677339968686
64,1991,1927,78,124,66,78,0.25,0.21500000000000002,0.01,Silent Generation,0.3,0.15,1.0285,1.0759999999999998,0.9285,1.0142499999999999,1.06,1.015,85.03638000000001,135.42535999999996,61.281,79.11149999999999,98.22048399999998,0.6,0.18888888888888888,0.6453333333333333,0.031618487669443085
64,1992,1928,78,124,66,78,0.30000000000000004,0.23,0.01,Silent Generation,0.3,0.15,1.0370000000000001,1.091,0.9169999999999999,1.0185,1.06,1.015,85.73916000000001,137.31325999999999,60.522,79.443,99.06309699999998,0.6,0.19074074074074074,0.6457777777777778,0.03156654120432981
64,1993,1929,78,124,66,78,0.35,0.245,0.01,Silent Generation,0.3,0.15,1.0455,1.1059999999999999,0.9055000000000001,1.0227499999999998,1.06,1.015,86.44194000000002,139.20115999999996,59.763000000000005,79.77449999999999,99.90570999999997,0.6,0.1925925925925926,0.6462222222222221,0.031514836248564056
64,1994,1930,78,124,66,78,0.4,0.26,0.01,Silent Generation,0.3,0.15,1.054,1.121,0.8939999999999999,1.0270000000000001,1.06,1.015,87.14472,141.08906,59.00399999999999,80.10600000000001,100.748323,0.6,0.19444444444444445,0.6466666666666666,0.031463371121815145
64,1995,1931,78,124,66,78,0.45,0.275,0.01,Silent Generation,0.3,0.15,1.0625,1.136,0.8825000000000001,1.03125,1.06,1.015,87.84750000000001,142.97695999999996,58.245000000000005,80.4375,101.59093599999999,0.6,0.1962962962962963,0.6471111111111111,0.03141214415930445
64,1996,1932,78,124,66,78,0.5,0.29000000000000004,0.01,Silent Generation,0.3,0.15,1.0710000000000002,1.1509999999999998,0.871,1.0355,1.06,1.015,88.55028000000001,144.86485999999996,57.486,80.769,102.433549,0.6,0.19814814814814813,0.6475555555555556,0.03136115371162591
64,1997,1933,78,124,66,78,0.55,0.30500000000000005,0.01,Silent Generation,0.3,0.15,1.0795000000000001,1.166,0.8595,1.03975,1.06,1.015,89.25306000000002,146.75276,56.727000000000004,81.1005,103.276162,0.6,0.2,0.648,0.031310398144569
64,1998,1934,78,124,66,78,0.6000000000000001,0.32,0.01,Silent Generation,0.3,0.15,1.088,1.1809999999999998,0.848,1.044,1.06,1.015,89.95584000000001,148.64065999999997,55.967999999999996,81.432,104.11877499999999,0.6,0.20185185185185184,0.6484444444444445,0.03125987583894415
64,1999,1935,78,124,66,78,0.65,0.33499999999999996,0.01,Silent Generation,0.3,0.15,1.0964999999999998,1.196,0.8365,1.04825,1.06,1.015,90.65861999999998,150.52856,55.209,81.7635,104.961388,0.6,0.20370370370370372,0.6488888888888888,0.031173600657634862
64,2000,1936,78,124,66,78,0.7,0.35,0.01,Silent Generation,0.3,0.15,1.105,1.2109999999999999,0.825,1.0525,1.06,1.015,91.3614,152.41645999999997,54.449999999999996,82.095,105.804001,0.6,0.20555555555555555,0.6493333333333333,0.031123679879851093
64,2001,1937,78,124,66,78,0.72,0.365,0.014,Silent Generation,0.3,0.15,1.1075,1.2174,0.8195,1.05375,1.06,1.015,91.5681,153.22196399999999,54.087,82.1925,106.11844739999998,0.6,0.2074074074074074,0.6497777777777777,0.031038362736980657
64,2002,1938,78,124,66,78,0.74,0.38,0.018000000000000002,Silent Generation,0.3,0.15,1.1099999999999999,1.2238,0.814,1.0550000000000002,1.06,1.015,91.77479999999998,154.027468,53.724,82.29,106.4328938,0.6,0.20925925925925926,0.6502222222222221,0.031003809251341715
64,2003,1939,78,124,66,78,0.76,0.39499999999999996,0.022,Silent Generation,0.3,0.15,1.1125,1.2302,0.8085,1.0562500000000001,1.06,1.015,91.98150000000001,154.83297199999998,53.361,82.38750000000002,106.74734019999998,0.6,0.2111111111111111,0.6506666666666667,0.03091934359754166
64,2004,1940,78,124,66,78,0.7799999999999999,0.41,0.026000000000000002,Silent Generation,0.3,0.15,1.115,1.2366,0.8029999999999999,1.0575,1.06,1.015,92.18820000000001,155.63847599999997,52.998,82.48500000000001,107.06178659999998,0.6,0.21296296296296297,0.6511111111111111,0.030885181964318654
64,2005,1941,78,124,66,78,0.7999999999999999,0.425,0.03,Silent Generation,0.3,0.15,1.1175,1.2429999999999999,0.7975,1.05875,1.06,1.015,92.39489999999999,156.44397999999995,52.635,82.58250000000001,107.376233,0.6,0.2148148148148148,0.6515555555555556,0.03080155478516651
64,2006,1942,78,124,66,78,0.82,0.43999999999999995,0.034,Silent Generation,0.3,0.15,1.1199999999999999,1.2494,0.7919999999999999,1.06,1.06,1.015,92.60159999999999,157.249484,52.272,82.68,107.6906794,0.6,0.21666666666666667,0.652,0.030767778774007833
64,2007,1943,78,124,66,78,0.84,0.45499999999999996,0.038000000000000006,Silent Generation,0.3,0.15,1.1224999999999998,1.2558,0.7865,1.06125,1.06,1.015,92.8083,158.05498799999998,51.909,82.7775,108.00512579999999,0.6,0.2185185185185185,0.6524444444444444,0.030670552717624075
64,2008,1944,78,124,66,78,0.86,0.47,0.042,Silent Generation,0.3,0.15,1.125,1.2622,0.7809999999999999,1.0625,1.06,1.015,93.015,158.860492,51.54599999999999,82.875,108.3195722,0.6,0.22037037037037038,0.6528888888888889,0.030637197395108267
64,2009,1945,78,124,66,78,0.8799999999999999,0.485,0.046,Silent Generation,0.3,0.15,1.1275,1.2686,0.7755000000000001,1.06375,1.06,1.015,93.2217,159.66599599999998,51.18300000000001,82.9725,108.63401859999999,0.6,0.2222222222222222,0.6533333333333332,0.030541012216404883
64,2010,1946,78,124,66,78,0.8999999999999999,0.5,0.05,Baby Boomers,0.5,0.25,1.13,1.275,0.77,1.0650000000000002,1.1,1.025,96.954,160,50.82,83.07000000000001,110.0174,0.6,0.32407407407407407,0.6777777777777777,0.03162801308673853
64,2011,1947,78,124,66,78,0.908,0.52,0.065,Baby Boomers,0.5,0.25,1.1296,1.2789,0.7664,1.0648,1.1,1.025,96.91968000000001,160,50.5824,83.0544,109.967408,0.6,0.32592592592592595,0.6782222222222223,0.03152859991115794
64,2012,1948,78,124,66,78,0.916,0.54,0.08,Baby Boomers,0.5,0.25,1.1292,1.2828,0.7627999999999999,1.0646000000000002,1.1,1.025,96.88536,160,50.34479999999999,83.03880000000002,109.917416,0.6,0.3277777777777778,0.6786666666666666,0.03152337157632341
64,2013,1949,78,124,66,78,0.924,0.56,0.095,Baby Boomers,0.5,0.25,1.1288,1.2867000000000002,0.7591999999999999,1.0644,1.1,1.025,96.85104000000001,160,50.10719999999999,83.0232,109.867424,0.6,0.3296296296296296,0.6791111111111111,0.03142481079302402
64,2014,1950,78,124,66,78,0.932,0.58,0.11,Baby Boomers,0.5,0.25,1.1283999999999998,1.2906,0.7556,1.0642,1.1,1.025,96.81672,160,49.869600000000005,83.0076,109.817432,0.6,0.3314814814814815,0.6795555555555556,0.031419691248619354
64,2015,1951,78,124,66,78,0.9400000000000001,0.6,0.125,Baby Boomers,0.5,0.25,1.128,1.2945,0.752,1.064,1.1,1.025,96.7824,160,49.632,82.992,109.76744000000001,0.6,0.3333333333333333,0.6799999999999999,0.03128738382258213
64,2016,1952,78,124,66,78,0.9480000000000001,0.62,0.14,Baby Boomers,0.5,0.25,1.1276,1.2984,0.7484,1.0638,1.1,1.025,96.74808,160,49.3944,82.97640000000001,109.717448,0.6,0.3351851851851852,0.6804444444444444,0.03128240492427145
64,2017,1953,78,124,66,78,0.9560000000000001,0.64,0.15500000000000003,Baby Boomers,0.5,0.25,1.1272,1.3023,0.7447999999999999,1.0636,1.1,1.025,96.71376000000001,160,49.1568,82.9608,109.667456,0.6,0.337037037037037,0.6808888888888888,0.031151507757376115
64,2018,1954,78,124,66,78,0.964,0.66,0.16999999999999998,Baby Boomers,0.5,0.25,1.1268,1.3061999999999998,0.7412000000000001,1.0634000000000001,1.1,1.025,96.67944000000001,160,48.919200000000004,82.94520000000001,109.61746400000001,0.6,0.3388888888888889,0.6813333333333333,0.03115236309877616
64,2019,1955,78,124,66,78,0.972,0.6799999999999999,0.185,Baby Boomers,0.5,0.25,1.1263999999999998,1.3100999999999998,0.7376,1.0632,1.1,1.025,96.64511999999999,160,48.6816,82.9296,109.567472,0.6,0.34074074074074073,0.6817777777777778,0.03212464529910055
64,2020,1956,78,124,66,78,0.98,0.7,0.2,Baby Boomers,0.5,0.25,1.126,1.314,0.7340000000000001,1.0630000000000002,1.1,1.025,96.6108,160,48.44400000000001,82.91400000000002,109.51747999999999,0.6,0.34259259259259256,0.6822222222222222,0.03212557226945716
64,2021,1957,78,124,66,78,0.98,0.7374999999999999,0.30000000000000004,Baby Boomers,0.5,0.25,1.12225,1.324,0.7302500000000001,1.061125,1.1,1.025,96.28905,160,48.19650000000001,82.76775,109.34580500000001,0.6,0.34444444444444444,0.6826666666666666,0.033176737404827475
64,2022,1958,78,124,66,78,0.98,0.7749999999999999,0.4,Baby Boomers,0.5,0.25,1.1185,1.334,0.7265,1.05925,1.1,1.025,95.96730000000002,160,47.949000000000005,82.6215,109.17413000000002,0.6,0.3462962962962963,0.6831111111111111,0.03317773400609805
64,2023,1959,78,124,66,78,0.98,0.8125,0.6,Baby Boomers,0.5,0.25,1.11475,1.354,0.72275,1.0573750000000002,1.1,1.025,95.64555,160,47.7015,82.47525000000002,109.00245500000001,0.6,0.34814814814814815,0.6835555555555555,0.034282912041371315
64,2024,1960,78,124,66,78,0.98,0.85,0.8,Baby Boomers,0.5,0.25,1.111,1.374,0.7190000000000001,1.0555,1.1,1.025,95.3238,160,47.45400000000001,82.32900000000001,108.83077999999999,0.6,0.35,0.6839999999999999,0.03428399578968473
66,1986,1920,76,125,64,76,0.14,0.18,0.01,Silent Generation,0.3,0.15,1.01,1.043,0.954,1.0050000000000001,1.06,1.015,81.36560000000001,132.330625,61.056,76.38000000000001,95.40907874999999,0.1,0.17962962962962964,0.10718518518518519,0.005365349925007462
66,1987,1921,76,125,64,76,0.15500000000000003,0.185,0.01,Silent Generation,0.3,0.15,1.0125,1.0474999999999999,0.9505,1.00625,1.06,1.015,81.56700000000001,132.90156249999995,60.832,76.47500000000001,95.66004687499998,0.1,0.18148148148148147,0.10725925925925926,0.0053589933382679495
66,1988,1922,76,125,64,76,0.16999999999999998,0.19,0.01,Silent Generation,0.3,0.15,1.0150000000000001,1.0519999999999998,0.947,1.0074999999999998,1.06,1.015,81.76840000000001,133.47249999999997,60.608,76.57,95.91101499999999,0.1,0.18333333333333332,0.10733333333333334,0.005321522418152673
66,1989,1923,76,125,64,76,0.185,0.195,0.01,Silent Generation,0.3,0.15,1.0174999999999998,1.0565,0.9435,1.00875,1.06,1.015,81.96979999999999,134.04343749999998,60.384,76.665,96.16198312499999,0.1,0.18518518518518517,0.1074074074074074,0.005315288235250992
66,1990,1924,76,125,64,76,0.2,0.2,0.01,Silent Generation,0.3,0.15,1.02,1.061,0.94,1.01,1.06,1.015,82.1712,134.614375,60.16,76.76,96.41295124999999,0.1,0.18703703703703703,0.1074814814814815,0.005278446223328114
66,1991,1925,76,125,64,76,0.25,0.21500000000000002,0.01,Silent Generation,0.3,0.15,1.0285,1.0759999999999998,0.9285,1.0142499999999999,1.06,1.015,82.85596,136.51749999999996,59.424,77.08299999999998,97.25676099999998,0.1,0.18888888888888888,0.10755555555555557,0.005269747944907181
66,1992,1926,76,125,64,76,0.30000000000000004,0.23,0.01,Silent Generation,0.3,0.15,1.0370000000000001,1.091,0.9169999999999999,1.0185,1.06,1.015,83.54072000000002,138.42062499999997,58.687999999999995,77.40599999999999,98.10057075,0.1,0.19074074074074074,0.10762962962962963,0.005261090200721634
66,1993,1927,76,125,64,76,0.35,0.245,0.01,Silent Generation,0.3,0.15,1.0455,1.1059999999999999,0.9055000000000001,1.0227499999999998,1.06,1.015,84.22548000000002,140.32374999999996,57.952000000000005,77.728999999999985,98.9443805,0.1,0.1925925925925926,0.1077037037037037,0.00525247270809401
66,1994,1928,76,125,64,76,0.4,0.26,0.01,Silent Generation,0.3,0.15,1.054,1.121,0.8939999999999999,1.0270000000000001,1.06,1.015,84.91024,142.22687499999998,57.215999999999994,78.052,99.78819024999999,0.1,0.19444444444444445,0.10777777777777778,0.005243895186969191
66,1995,1929,76,125,64,76,0.45,0.275,0.01,Silent Generation,0.3,0.15,1.0625,1.136,0.8825000000000001,1.03125,1.06,1.015,85.595,144.13,56.480000000000004,78.375,100.63199999999998,0.1,0.1962962962962963,0.10785185185185185,0.005235357359884074
66,1996,1930,76,125,64,76,0.5,0.29000000000000004,0.01,Silent Generation,0.3,0.15,1.0710000000000002,1.1509999999999998,0.871,1.0355,1.06,1.015,86.27976000000002,146.03312499999996,55.744,78.69800000000001,101.47580974999998,0.1,0.19814814814814813,0.10792592592592594,0.005226858951937651
66,1997,1931,76,125,64,76,0.55,0.30500000000000005,0.01,Silent Generation,0.3,0.15,1.0795000000000001,1.166,0.8595,1.03975,1.06,1.015,86.96452000000002,147.93624999999997,55.008,79.021,102.31961949999999,0.1,0.2,0.10800000000000001,0.0052183996907615
66,1998,1932,76,125,64,76,0.6000000000000001,0.32,0.01,Silent Generation,0.3,0.15,1.088,1.1809999999999998,0.848,1.044,1.06,1.015,87.64928,149.83937499999996,54.272,79.34400000000001,103.16342925,0.1,0.20185185185185184,0.10807407407407409,0.005209979306490691
66,1999,1933,76,125,64,76,0.65,0.33499999999999996,0.01,Silent Generation,0.3,0.15,1.0964999999999998,1.196,0.8365,1.04825,1.06,1.015,88.33403999999999,151.74249999999998,53.536,79.66699999999999,104.00723899999997,0.1,0.20370370370370372,0.10814814814814816,0.005195600109605811
66,2000,1934,76,125,64,76,0.7,0.35,0.01,Silent Generation,0.3,0.15,1.105,1.2109999999999999,0.825,1.0525,1.06,1.015,89.01880000000001,153.64562499999997,52.8,79.99,104.85104874999998,0.1,0.20555555555555555,0.10822222222222222,0.005187279979975182
66,2001,1935,76,125,64,76,0.72,0.365,0.014,Silent Generation,0.3,0.15,1.1075,1.2174,0.8195,1.05375,1.06,1.015,89.22019999999999,154.457625,52.448,80.085,105.16718875,0.1,0.2074074074074074,0.1082962962962963,0.005173060456163443
66,2002,1936,76,125,64,76,0.74,0.38,0.018000000000000002,Silent Generation,0.3,0.15,1.1099999999999999,1.2238,0.814,1.0550000000000002,1.06,1.015,89.42159999999998,155.269625,52.096,80.18,105.48332874999998,0.1,0.20925925925925926,0.10837037037037037,0.005167301541890286
66,2003,1937,76,125,64,76,0.76,0.39499999999999996,0.022,Silent Generation,0.3,0.15,1.1125,1.2302,0.8085,1.0562500000000001,1.06,1.015,89.623,156.081625,51.744,80.275,105.79946875,0.1,0.2111111111111111,0.10844444444444445,0.00515322393292361
66,2004,1938,76,125,64,76,0.7799999999999999,0.41,0.026000000000000002,Silent Generation,0.3,0.15,1.115,1.2366,0.8029999999999999,1.0575,1.06,1.015,89.8244,156.893625,51.391999999999996,80.37,106.11560874999998,0.1,0.21296296296296297,0.10851851851851853,0.005147530327386443
66,2005,1939,76,125,64,76,0.7999999999999999,0.425,0.03,Silent Generation,0.3,0.15,1.1175,1.2429999999999999,0.7975,1.05875,1.06,1.015,90.02579999999999,157.70562499999997,51.04,80.465,106.43174875,0.1,0.2148148148148148,0.1085925925925926,0.005133592464194419
66,2006,1940,76,125,64,76,0.82,0.43999999999999995,0.034,Silent Generation,0.3,0.15,1.1199999999999999,1.2494,0.7919999999999999,1.06,1.06,1.015,90.2272,158.517625,50.687999999999995,80.56,106.74788875,0.1,0.21666666666666667,0.10866666666666668,0.0051279631290013054
66,2007,1941,76,125,64,76,0.84,0.45499999999999996,0.038000000000000006,Silent Generation,0.3,0.15,1.1224999999999998,1.2558,0.7865,1.06125,1.06,1.015,90.42859999999999,159.329625,50.336,80.655,107.06402874999998,0.1,0.2185185185185185,0.10874074074074075,0.00511175878627068
66,2008,1942,76,125,64,76,0.86,0.47,0.042,Silent Generation,0.3,0.15,1.125,1.2622,0.7809999999999999,1.0625,1.06,1.015,90.63000000000001,160,49.983999999999995,80.75,107.33059999999999,0.1,0.22037037037037038,0.10881481481481481,0.0051061995658513775
66,2009,1943,76,125,64,76,0.8799999999999999,0.485,0.046,Silent Generation,0.3,0.15,1.1275,1.2686,0.7755000000000001,1.06375,1.06,1.015,90.8314,160,49.632000000000005,80.845,107.36254,0.1,0.2222222222222222,0.10888888888888888,0.005090168702734148
66,2010,1944,76,125,64,76,0.8999999999999999,0.5,0.05,Silent Generation,0.3,0.15,1.13,1.275,0.77,1.0650000000000002,1.06,1.015,91.0328,160,49.28,80.94000000000001,107.39448,0.1,0.22407407407407406,0.10896296296296298,0.005084678388042884
66,2011,1945,76,125,64,76,0.908,0.52,0.065,Silent Generation,0.3,0.15,1.1296,1.2789,0.7664,1.0648,1.06,1.015,91.000576,160,49.0496,80.9248,107.3463616,0.1,0.22592592592592592,0.10903703703703704,0.005068818159592015
66,2012,1946,76,125,64,76,0.916,0.54,0.08,Baby Boomers,0.5,0.25,1.1292,1.2828,0.7627999999999999,1.0646000000000002,1.1,1.025,94.40112,160,48.819199999999995,80.90960000000001,108.499712,0.1,0.3277777777777778,0.11311111111111112,0.005253895262720569
66,2013,1947,76,125,64,76,0.924,0.56,0.095,Baby Boomers,0.5,0.25,1.1288,1.2867000000000002,0.7591999999999999,1.0644,1.1,1.025,94.36768000000002,160,48.58879999999999,80.8944,108.451168,0.1,0.3296296296296296,0.1131851851851852,0.005237468465504004
66,2014,1948,76,125,64,76,0.932,0.58,0.11,Baby Boomers,0.5,0.25,1.1283999999999998,1.2906,0.7556,1.0642,1.1,1.025,94.33424000000001,160,48.3584,80.8792,108.402624,0.1,0.3314814814814815,0.11325925925925927,0.005236615208103226
66,2015,1949,76,125,64,76,0.9400000000000001,0.6,0.125,Baby Boomers,0.5,0.25,1.128,1.2945,0.752,1.064,1.1,1.025,94.3008,160,48.128,80.864,108.35408,0.1,0.3333333333333333,0.11333333333333334,0.005214563970430356
66,2016,1950,76,125,64,76,0.9480000000000001,0.62,0.14,Baby Boomers,0.5,0.25,1.1276,1.2984,0.7484,1.0638,1.1,1.025,94.26736,160,47.8976,80.84880000000001,108.30553599999999,0.1,0.3351851851851852,0.1134074074074074,0.005213734154045241
66,2017,1951,76,125,64,76,0.9560000000000001,0.64,0.15500000000000003,Baby Boomers,0.5,0.25,1.1272,1.3023,0.7447999999999999,1.0636,1.1,1.025,94.23392,160,47.667199999999994,80.8336,108.256992,0.1,0.337037037037037,0.11348148148148147,0.005191917959562687
66,2018,1952,76,125,64,76,0.964,0.66,0.16999999999999998,Baby Boomers,0.5,0.25,1.1268,1.3061999999999998,0.7412000000000001,1.0634000000000001,1.1,1.025,94.20048000000001,160,47.436800000000005,80.81840000000001,108.208448,0.1,0.3388888888888889,0.11355555555555558,0.005192060516462694
66,2019,1953,76,125,64,76,0.972,0.6799999999999999,0.185,Baby Boomers,0.5,0.25,1.1263999999999998,1.3100999999999998,0.7376,1.0632,1.1,1.025,94.16704,160,47.2064,80.80319999999999,108.159904,0.1,0.34074074074074073,0.11362962962962964,0.005354107549850092
66,2020,1954,76,125,64,76,0.98,0.7,0.2,Baby Boomers,0.5,0.25,1.126,1.314,0.7340000000000001,1.0630000000000002,1.1,1.025,94.1336,160,46.976000000000006,80.78800000000001,108.11136,0.1,0.34259259259259256,0.11370370370370371,0.005354262044909527
66,2021,1955,76,125,64,76,0.98,0.7374999999999999,0.30000000000000004,Baby Boomers,0.5,0.25,1.12225,1.324,0.7302500000000001,1.061125,1.1,1.025,93.82010000000001,160,46.736000000000004,80.64550000000001,107.94426,0.1,0.34444444444444444,0.11377777777777778,0.005529456234137913
66,2022,1956,76,125,64,76,0.98,0.7749999999999999,0.4,Baby Boomers,0.5,0.25,1.1185,1.334,0.7265,1.05925,1.1,1.025,93.5066,160,46.496,80.503,107.77716000000001,0.1,0.3462962962962963,0.11385185185185186,0.005529622334349675
66,2023,1957,76,125,64,76,0.98,0.8125,0.6,Baby Boomers,0.5,0.25,1.11475,1.354,0.72275,1.0573750000000002,1.1,1.025,93.1931,160,46.256,80.36050000000002,107.61005999999999,0.1,0.34814814814814815,0.11392592592592593,0.005713818673561887
66,2024,1958,76,125,64,76,0.98,0.85,0.8,Baby Boomers,0.5,0.25,1.111,1.374,0.7190000000000001,1.0555,1.1,1.025,92.8796,160,46.016000000000005,80.218,107.44296,0.1,0.35,0.11399999999999999,0.005713999298280788
68,1988,1920,74,125,62,74,0.16999999999999998,0.19,0.01,Silent Generation,0.3,0.15,1.0150000000000001,1.0519999999999998,0.947,1.0074999999999998,1.06,1.015,79.61660000000002,133.47249999999997,58.714,74.55499999999999,94.571535,0.1,0.18333333333333332,0.10733333333333334,0.005321522418152673
68,1989,1921,74,125,62,74,0.185,0.195,0.01,Silent Generation,0.3,0.15,1.0174999999999998,1.0565,0.9435,1.00875,1.06,1.015,79.81269999999999,134.04343749999998,58.497,74.64750000000001,94.82132312499999,0.1,0.18518518518518517,0.1074074074074074,0.005315288235250992
68,1990,1922,74,125,62,74,0.2,0.2,0.01,Silent Generation,0.3,0.15,1.02,1.061,0.94,1.01,1.06,1.015,80.00880000000001,134.614375,58.279999999999994,74.74,95.07111125,0.1,0.18703703703703703,0.1074814814814815,0.005278446223328114
68,1991,1923,74,125,62,74,0.25,0.21500000000000002,0.01,Silent Generation,0.3,0.15,1.0285,1.0759999999999998,0.9285,1.0142499999999999,1.06,1.015,80.67554,136.51749999999996,57.567,75.05449999999999,95.91078899999997,0.1,0.18888888888888888,0.10755555555555557,0.005269747944907181
68,1992,1924,74,125,62,74,0.30000000000000004,0.23,0.01,Silent Generation,0.3,0.15,1.0370000000000001,1.091,0.9169999999999999,1.0185,1.06,1.015,81.34228000000002,138.42062499999997,56.85399999999999,75.369,96.75046674999999,0.1,0.19074074074074074,0.10762962962962963,0.005261090200721634
68,1993,1925,74,125,62,74,0.35,0.245,0.01,Silent Generation,0.3,0.15,1.0455,1.1059999999999999,0.9055000000000001,1.0227499999999998,1.06,1.015,82.00902,140.32374999999996,56.141000000000005,75.68349999999998,97.59014449999998,0.1,0.1925925925925926,0.1077037037037037,0.00525247270809401
68,1994,1926,74,125,62,74,0.4,0.26,0.01,Silent Generation,0.3,0.15,1.054,1.121,0.8939999999999999,1.0270000000000001,1.06,1.015,82.67576000000001,142.22687499999998,55.428,75.998,98.42982224999999,0.1,0.19444444444444445,0.10777777777777778,0.005243895186969191
68,1995,1927,74,125,62,74,0.45,0.275,0.01,Silent Generation,0.3,0.15,1.0625,1.136,0.8825000000000001,1.03125,1.06,1.015,83.3425,144.13,54.715,76.3125,99.26950000000001,0.1,0.1962962962962963,0.10785185185185185,0.005235357359884074
68,1996,1928,74,125,62,74,0.5,0.29000000000000004,0.01,Silent Generation,0.3,0.15,1.0710000000000002,1.1509999999999998,0.871,1.0355,1.06,1.015,84.00924000000002,146.03312499999996,54.002,76.62700000000001,100.10917775,0.1,0.19814814814814813,0.10792592592592594,0.005226858951937651
68,1997,1929,74,125,62,74,0.55,0.30500000000000005,0.01,Silent Generation,0.3,0.15,1.0795000000000001,1.166,0.8595,1.03975,1.06,1.015,84.67598000000001,147.93624999999997,53.289,76.94149999999999,100.94885549999998,0.1,0.2,0.10800000000000001,0.0052183996907615
68,1998,1930,74,125,62,74,0.6000000000000001,0.32,0.01,Silent Generation,0.3,0.15,1.088,1.1809999999999998,0.848,1.044,1.06,1.015,85.34272,149.83937499999996,52.576,77.256,101.78853324999997,0.1,0.20185185185185184,0.10807407407407409,0.005209979306490691
68,1999,1931,74,125,62,74,0.65,0.33499999999999996,0.01,Silent Generation,0.3,0.15,1.0964999999999998,1.196,0.8365,1.04825,1.06,1.015,86.00945999999999,151.74249999999998,51.863,77.5705,102.62821099999998,0.1,0.20370370370370372,0.10814814814814816,0.005195600109605811
68,2000,1932,74,125,62,74,0.7,0.35,0.01,Silent Generation,0.3,0.15,1.105,1.2109999999999999,0.825,1.0525,1.06,1.015,86.6762,153.64562499999997,51.15,77.885,103.46788874999997,0.1,0.20555555555555555,0.10822222222222222,0.005187279979975182
68,2001,1933,74,125,62,74,0.72,0.365,0.014,Silent Generation,0.3,0.15,1.1075,1.2174,0.8195,1.05375,1.06,1.015,86.8723,154.457625,50.809,77.97749999999999,103.78344875,0.1,0.2074074074074074,0.1082962962962963,0.005173060456163443
68,2002,1934,74,125,62,74,0.74,0.38,0.018000000000000002,Silent Generation,0.3,0.15,1.1099999999999999,1.2238,0.814,1.0550000000000002,1.06,1.015,87.0684,155.269625,50.467999999999996,78.07000000000001,104.09900874999998,0.1,0.20925925925925926,0.10837037037037037,0.005167301541890286
68,2003,1935,74,125,62,74,0.76,0.39499999999999996,0.022,Silent Generation,0.3,0.15,1.1125,1.2302,0.8085,1.0562500000000001,1.06,1.015,87.26450000000001,156.081625,50.127,78.16250000000001,104.41456874999999,0.1,0.2111111111111111,0.10844444444444445,0.00515322393292361
68,2004,1936,74,125,62,74,0.7799999999999999,0.41,0.026000000000000002,Silent Generation,0.3,0.15,1.115,1.2366,0.8029999999999999,1.0575,1.06,1.015,87.46060000000001,156.893625,49.785999999999994,78.25500000000001,104.73012875,0.1,0.21296296296296297,0.10851851851851853,0.005147530327386443
68,2005,1937,74,125,62,74,0.7999999999999999,0.425,0.03,Silent Generation,0.3,0.15,1.1175,1.2429999999999999,0.7975,1.05875,1.06,1.015,87.6567,157.70562499999997,49.445,78.34750000000001,105.04568874999998,0.1,0.2148148148148148,0.1085925925925926,0.005133592464194419
68,2006,1938,74,125,62,74,0.82,0.43999999999999995,0.034,Silent Generation,0.3,0.15,1.1199999999999999,1.2494,0.7919999999999999,1.06,1.06,1.015,87.8528,158.517625,49.10399999999999,78.44,105.36124875,0.1,0.21666666666666667,0.10866666666666668,0.0051279631290013054
68,2007,1939,74,125,62,74,0.84,0.45499999999999996,0.038000000000000006,Silent Generation,0.3,0.15,1.1224999999999998,1.2558,0.7865,1.06125,1.06,1.015,88.04889999999999,159.329625,48.763,78.5325,105.67680874999999,0.1,0.2185185185185185,0.10874074074074075,0.00511175878627068
68,2008,1940,74,125,62,74,0.86,0.47,0.042,Silent Generation,0.3,0.15,1.125,1.2622,0.7809999999999999,1.0625,1.06,1.015,88.245,160,48.422,78.625,105.9428,0.1,0.22037037037037038,0.10881481481481481,0.0051061995658513775
68,2009,1941,74,125,62,74,0.8799999999999999,0.485,0.046,Silent Generation,0.3,0.15,1.1275,1.2686,0.7755000000000001,1.06375,1.06,1.015,88.4411,160,48.081,78.7175,105.97416,0.1,0.2222222222222222,0.10888888888888888,0.005090168702734148
68,2010,1942,74,125,62,74,0.8999999999999999,0.5,0.05,Silent Generation,0.3,0.15,1.13,1.275,0.77,1.0650000000000002,1.06,1.015,88.637199999999993,160,47.74,78.81000000000002,106.00552,0.1,0.22407407407407406,0.10896296296296298,0.005084678388042884
68,2011,1943,74,125,62,74,0.908,0.52,0.065,Silent Generation,0.3,0.15,1.1296,1.2789,0.7664,1.0648,1.06,1.015,88.605824,160,47.516799999999996,78.7952,105.95883839999999,0.1,0.22592592592592592,0.10903703703703704,0.005068818159592015
68,2012,1944,74,125,62,74,0.916,0.54,0.08,Silent Generation,0.3,0.15,1.1292,1.2828,0.7627999999999999,1.0646000000000002,1.06,1.015,88.574448,160,47.2936,78.78040000000001,105.91215679999999,0.1,0.22777777777777777,0.10911111111111112,0.005068099359520234
68,2013,1945,74,125,62,74,0.924,0.56,0.095,Silent Generation,0.3,0.15,1.1288,1.2867000000000002,0.7591999999999999,1.0644,1.06,1.015,88.54307200000001,160,47.07039999999999,78.7656,105.8654752,0.1,0.22962962962962963,0.10918518518518519,0.00505237468465504
68,2014,1946,74,125,62,74,0.932,0.58,0.11,Baby Boomers,0.5,0.25,1.1283999999999998,1.2906,0.7556,1.0642,1.1,1.025,91.85175999999998,160,46.8472,78.7508,106.98781599999998,0.1,0.3314814814814815,0.11325925925925927,0.005236615208103226
68,2015,1947,74,125,62,74,0.9400000000000001,0.6,0.125,Baby Boomers,0.5,0.25,1.128,1.2945,0.752,1.064,1.1,1.025,91.8192,160,46.624,78.736,106.94072,0.1,0.3333333333333333,0.11333333333333334,0.005214563970430356
68,2016,1948,74,125,62,74,0.9480000000000001,0.62,0.14,Baby Boomers,0.5,0.25,1.1276,1.2984,0.7484,1.0638,1.1,1.025,91.78664,160,46.4008,78.72120000000001,106.89362400000002,0.1,0.3351851851851852,0.1134074074074074,0.005213734154045241
68,2017,1949,74,125,62,74,0.9560000000000001,0.64,0.15500000000000003,Baby Boomers,0.5,0.25,1.1272,1.3023,0.7447999999999999,1.0636,1.1,1.025,91.75408000000002,160,46.17759999999999,78.7064,106.84652799999999,0.1,0.337037037037037,0.11348148148148147,0.005191917959562687
68,2018,1950,74,125,62,74,0.964,0.66,0.16999999999999998,Baby Boomers,0.5,0.25,1.1268,1.3061999999999998,0.7412000000000001,1.0634000000000001,1.1,1.025,91.72152000000001,160,45.95440000000001,78.69160000000001,106.799432,0.1,0.3388888888888889,0.11355555555555558,0.005192060516462694
68,2019,1951,74,125,62,74,0.972,0.6799999999999999,0.185,Baby Boomers,0.5,0.25,1.1263999999999998,1.3100999999999998,0.7376,1.0632,1.1,1.025,91.68896,160,45.7312,78.6768,106.752336,0.1,0.34074074074074073,0.11362962962962964,0.005354107549850092
68,2020,1952,74,125,62,74,0.98,0.7,0.2,Baby Boomers,0.5,0.25,1.126,1.314,0.7340000000000001,1.0630000000000002,1.1,1.025,91.6564,160,45.508,78.662,106.70524,0.1,0.34259259259259256,0.11370370370370371,0.005354262044909527
68,2021,1953,74,125,62,74,0.98,0.7374999999999999,0.30000000000000004,Baby Boomers,0.5,0.25,1.12225,1.324,0.7302500000000001,1.061125,1.1,1.025,91.35115,160,45.2755,78.52325,106.542715,0.1,0.34444444444444444,0.11377777777777778,0.005529456234137913
68,2022,1954,74,125,62,74,0.98,0.7749999999999999,0.4,Baby Boomers,0.5,0.25,1.1185,1.334,0.7265,1.05925,1.1,1.025,91.04590000000002,160,45.043,78.3845,106.38019000000001,0.1,0.3462962962962963,0.11385185185185186,0.005529622334349675
68,2023,1955,74,125,62,74,0.98,0.8125,0.6,Baby Boomers,0.5,0.25,1.11475,1.354,0.72275,1.0573750000000002,1.1,1.025,90.74064999999999,160,44.8105,78.24575000000002,106.217665,0.1,0.34814814814814815,0.11392592592592593,0.005713818673561887
68,2024,1956,74,125,62,74,0.98,0.85,0.8,Baby Boomers,0.5,0.25,1.111,1.374,0.7190000000000001,1.0555,1.1,1.025,90.4354,160,44.578,78.10700000000001,106.05514,0.1,0.35,0.11399999999999999,0.005713999298280788
70,1990,1920,72,125,60,72,0.2,0.2,0.01,Silent Generation,0.3,0.15,1.02,1.061,0.94,1.01,1.06,1.015,77.8464,134.614375,56.4,72.72,93.72927124999998,0.1,0.18703703703703703,0.1074814814814815,0.005278446223328114
70,1991,1921,72,125,60,72,0.25,0.21500000000000002,0.01,Silent Generation,0.3,0.15,1.0285,1.0759999999999998,0.9285,1.0142499999999999,1.06,1.015,78.49512,136.51749999999996,55.71,73.026,94.56481699999998,0.1,0.18888888888888888,0.10755555555555557,0.005269747944907181
70,1992,1922,72,125,60,72,0.30000000000000004,0.23,0.01,Silent Generation,0.3,0.15,1.0370000000000001,1.091,0.9169999999999999,1.0185,1.06,1.015,79.14384000000003,138.42062499999997,55.019999999999996,73.332,95.40036274999999,0.1,0.19074074074074074,0.10762962962962963,0.005261090200721634
70,1993,1923,72,125,60,72,0.35,0.245,0.01,Silent Generation,0.3,0.15,1.0455,1.1059999999999999,0.9055000000000001,1.0227499999999998,1.06,1.015,79.79256000000001,140.32374999999996,54.330000000000005,73.63799999999999,96.2359085,0.1,0.1925925925925926,0.1077037037037037,0.00525247270809401
70,1994,1924,72,125,60,72,0.4,0.26,0.01,Silent Generation,0.3,0.15,1.054,1.121,0.8939999999999999,1.0270000000000001,1.06,1.015,80.44128,142.22687499999998,53.63999999999999,73.94400000000002,97.07145424999999,0.1,0.19444444444444445,0.10777777777777778,0.005243895186969191
70,1995,1925,72,125,60,72,0.45,0.275,0.01,Silent Generation,0.3,0.15,1.0625,1.136,0.8825000000000001,1.03125,1.06,1.015,81.09,144.13,52.95,74.25,97.907,0.1,0.1962962962962963,0.10785185185185185,0.005235357359884074
70,1996,1926,72,125,60,72,0.5,0.29000000000000004,0.01,Silent Generation,0.3,0.15,1.0710000000000002,1.1509999999999998,0.871,1.0355,1.06,1.015,81.73872000000001,146.03312499999996,52.26,74.55600000000001,98.74254574999999,0.1,0.19814814814814813,0.10792592592592594,0.005226858951937651
70,1997,1927,72,125,60,72,0.55,0.30500000000000005,0.01,Silent Generation,0.3,0.15,1.0795000000000001,1.166,0.8595,1.03975,1.06,1.015,82.38744000000001,147.93624999999997,51.57,74.862,99.57809149999999,0.1,0.2,0.10800000000000001,0.0052183996907615
70,1998,1928,72,125,60,72,0.6000000000000001,0.32,0.01,Silent Generation,0.3,0.15,1.088,1.1809999999999998,0.848,1.044,1.06,1.015,83.03616000000002,149.83937499999996,50.879999999999995,75.168,100.41363725,0.1,0.20185185185185184,0.10807407407407409,0.005209979306490691
70,1999,1929,72,125,60,72,0.65,0.33499999999999996,0.01,Silent Generation,0.3,0.15,1.0964999999999998,1.196,0.8365,1.04825,1.06,1.015,83.68487999999998,151.74249999999998,50.19,75.47399999999999,101.24918299999997,0.1,0.20370370370370372,0.10814814814814816,0.005195600109605811
70,2000,1930,72,125,60,72,0.7,0.35,0.01,Silent Generation,0.3,0.15,1.105,1.2109999999999999,0.825,1.0525,1.06,1.015,84.3336,153.64562499999997,49.5,75.78,102.08472874999998,0.1,0.20555555555555555,0.10822222222222222,0.005187279979975182
70,2001,1931,72,125,60,72,0.72,0.365,0.014,Silent Generation,0.3,0.15,1.1075,1.2174,0.8195,1.05375,1.06,1.015,84.5244,154.457625,49.17,75.87,102.39970875,0.1,0.2074074074074074,0.1082962962962963,0.005173060456163443
70,2002,1932,72,125,60,72,0.74,0.38,0.018000000000000002,Silent Generation,0.3,0.15,1.1099999999999999,1.2238,0.814,1.0550000000000002,1.06,1.015,84.7152,155.269625,48.839999999999996,75.96000000000001,102.71468875,0.1,0.20925925925925926,0.10837037037037037,0.005167301541890286
70,2003,1933,72,125,60,72,0.76,0.39499999999999996,0.022,Silent Generation,0.3,0.15,1.1125,1.2302,0.8085,1.0562500000000001,1.06,1.015,84.90600000000002,156.081625,48.51,76.05000000000001,103.02966875,0.1,0.2111111111111111,0.10844444444444445,0.00515322393292361
70,2004,1934,72,125,60,72,0.7799999999999999,0.41,0.026000000000000002,Silent Generation,0.3,0.15,1.115,1.2366,0.8029999999999999,1.0575,1.06,1.015,85.0968,156.893625,48.17999999999999,76.14000000000001,103.34464875,0.1,0.21296296296296297,0.10851851851851853,0.005147530327386443
70,2005,1935,72,125,60,72,0.7999999999999999,0.425,0.03,Silent Generation,0.3,0.15,1.1175,1.2429999999999999,0.7975,1.05875,1.06,1.015,85.2876,157.70562499999997,47.85,76.23,103.65962874999998,0.1,0.2148148148148148,0.1085925925925926,0.005133592464194419
70,2006,1936,72,125,60,72,0.82,0.43999999999999995,0.034,Silent Generation,0.3,0.15,1.1199999999999999,1.2494,0.7919999999999999,1.06,1.06,1.015,85.4784,158.517625,47.519999999999996,76.32000000000001,103.97460874999999,0.1,0.21666666666666667,0.10866666666666668,0.0051279631290013054
70,2007,1937,72,125,60,72,0.84,0.45499999999999996,0.038000000000000006,Silent Generation,0.3,0.15,1.1224999999999998,1.2558,0.7865,1.06125,1.06,1.015,85.6692,159.329625,47.19,76.41,104.28958875,0.1,0.2185185185185185,0.10874074074074075,0.00511175878627068
70,2008,1938,72,125,60,72,0.86,0.47,0.042,Silent Generation,0.3,0.15,1.125,1.2622,0.7809999999999999,1.0625,1.06,1.015,85.86,160,46.85999999999999,76.5,104.55499999999999,0.1,0.22037037037037038,0.10881481481481481,0.0051061995658513775
70,2009,1939,72,125,60,72,0.8799999999999999,0.485,0.046,Silent Generation,0.3,0.15,1.1275,1.2686,0.7755000000000001,1.06375,1.06,1.015,86.0508,160,46.53,76.59,104.58578,0.1,0.2222222222222222,0.10888888888888888,0.005090168702734148
70,2010,1940,72,125,60,72,0.8999999999999999,0.5,0.05,Silent Generation,0.3,0.15,1.13,1.275,0.77,1.0650000000000002,1.06,1.015,86.24159999999999,160,46.2,76.68,104.61655999999999,0.1,0.22407407407407406,0.10896296296296298,0.005084678388042884
70,2011,1941,72,125,60,72,0.908,0.52,0.065,Silent Generation,0.3,0.15,1.1296,1.2789,0.7664,1.0648,1.06,1.015,86.211072,160,45.983999999999995,76.6656,104.57131519999999,0.1,0.22592592592592592,0.10903703703703704,0.005068818159592015
70,2012,1942,72,125,60,72,0.916,0.54,0.08,Silent Generation,0.3,0.15,1.1292,1.2828,0.7627999999999999,1.0646000000000002,1.06,1.015,86.18054400000001,160,45.767999999999994,76.65120000000002,104.52607040000001,0.1,0.22777777777777777,0.10911111111111112,0.005068099359520234
70,2013,1943,72,125,60,72,0.924,0.56,0.095,Silent Generation,0.3,0.15,1.1288,1.2867000000000002,0.7591999999999999,1.0644,1.06,1.015,86.15001600000001,160,45.55199999999999,76.6368,104.4808256,0.1,0.22962962962962963,0.10918518518518519,0.00505237468465504
70,2014,1944,72,125,60,72,0.932,0.58,0.11,Silent Generation,0.3,0.15,1.1283999999999998,1.2906,0.7556,1.0642,1.06,1.015,86.11948799999999,160,45.336000000000006,76.6224,104.43558079999998,0.1,0.23148148148148148,0.10925925925925926,0.005051672617365767
70,2015,1945,72,125,60,72,0.9400000000000001,0.6,0.125,Silent Generation,0.3,0.15,1.128,1.2945,0.752,1.064,1.06,1.015,86.08896,160,45.12,76.608,104.390336,0.1,0.23333333333333334,0.10933333333333334,0.005030520536179872
70,2016,1946,72,125,60,72,0.9480000000000001,0.62,0.14,Baby Boomers,0.5,0.25,1.1276,1.2984,0.7484,1.0638,1.1,1.025,89.30592,160,44.903999999999996,76.59360000000001,105.481712,0.1,0.3351851851851852,0.1134074074074074,0.005213734154045241
70,2017,1947,72,125,60,72,0.9560000000000001,0.64,0.15500000000000003,Baby Boomers,0.5,0.25,1.1272,1.3023,0.7447999999999999,1.0636,1.1,1.025,89.27424,160,44.687999999999995,76.57920000000001,105.43606399999999,0.1,0.337037037037037,0.11348148148148147,0.005191917959562687
70,2018,1948,72,125,60,72,0.964,0.66,0.16999999999999998,Baby Boomers,0.5,0.25,1.1268,1.3061999999999998,0.7412000000000001,1.0634000000000001,1.1,1.025,89.24256,160,44.47200000000001,76.5648,105.39041599999999,0.1,0.3388888888888889,0.11355555555555558,0.005192060516462694
70,2019,1949,72,125,60,72,0.972,0.6799999999999999,0.185,Baby Boomers,0.5,0.25,1.1263999999999998,1.3100999999999998,0.7376,1.0632,1.1,1.025,89.21088,160,44.256,76.5504,105.34476799999999,0.1,0.34074074074074073,0.11362962962962964,0.005354107549850092
70,2020,1950,72,125,60,72,0.98,0.7,0.2,Baby Boomers,0.5,0.25,1.126,1.314,0.7340000000000001,1.0630000000000002,1.1,1.025,89.1792,160,44.040000000000006,76.53600000000002,105.29911999999999,0.1,0.34259259259259256,0.11370370370370371,0.005354262044909527
70,2021,1951,72,125,60,72,0.98,0.7374999999999999,0.30000000000000004,Baby Boomers,0.5,0.25,1.12225,1.324,0.7302500000000001,1.061125,1.1,1.025,88.8822,160,43.815000000000005,76.40100000000001,105.14116999999999,0.1,0.34444444444444444,0.11377777777777778,0.005529456234137913
70,2022,1952,72,125,60,72,0.98,0.7749999999999999,0.4,Baby Boomers,0.5,0.25,1.1185,1.334,0.7265,1.05925,1.1,1.025,88.58520000000001,160,43.59,76.266,104.98321999999999,0.1,0.3462962962962963,0.11385185185185186,0.005529622334349675
70,2023,1953,72,125,60,72,0.98,0.8125,0.6,Baby Boomers,0.5,0.25,1.11475,1.354,0.72275,1.0573750000000002,1.1,1.025,88.2882,160,43.365,76.13100000000001,104.82527,0.1,0.34814814814814815,0.11392592592592593,0.005713818673561887
70,2024,1954,72,125,60,72,0.98,0.85,0.8,Baby Boomers,0.5,0.25,1.111,1.374,0.7190000000000001,1.0555,1.1,1.025,87.9912,160,43.14000000000001,75.99600000000001,104.66732,0.1,0.35,0.11399999999999999,0.005713999298280788
